checked_at,url,program_ids,http_status,result,final_url,parsed_characters
2026-10-09T19:14:45.796709+00:00,https://www.chicago.gov/city/en/depts/dcd/provdrs/tif.html,tif,200,accessible,https://www.chicago.gov/city/en/depts/dcd/provdrs/tif.html,6474
2026-10-09T19:14:45.797442+00:00,https://www.chicago.gov/city/en/depts/dcd.html,ccsa;tif,200,accessible,https://www.chicago.gov/city/en/depts/dcd.html,7521
2026-10-09T19:14:45.797594+00:00,https://cocdpd.submittable.com/submit/219899/city-of-chicago-department-of-planning-development-universal-financial-incenti,tif,200,accessible,https://cocdpd.submittable.com/submit,7459
2026-10-09T19:14:45.797721+00:00,https://www.irs.gov/credits-deductions/businesses/opportunity-zones,federalOZ,200,accessible,https://www.irs.gov/credits-deductions/businesses/opportunity-zones,8244
2026-10-09T19:14:45.797843+00:00,https://www.irs.gov/newsroom/treasury-irs-provide-guidance-to-states-for-nominating-census-tracts-as-qualified-opportunity-zones-under-the-one-big-beautiful-bill,federalOZ,200,accessible,https://www.irs.gov/newsroom/treasury-irs-provide-guidance-to-states-for-nominating-census-tracts-as-qualified-opportunity-zones-under-the-one-big-beautiful-bill,9380
2026-10-09T19:14:45.797966+00:00,https://www.cnigroup.org/,federalOZ;nmtcEligible,200,accessible,https://www.cnigroup.org/,2111
2026-10-09T19:14:45.977716+00:00,https://dceo.illinois.gov/oppzn.html,illinoisOZ,200,accessible,https://dceo.illinois.gov/oppzn.html,4432
2026-10-09T19:14:45.977841+00:00,https://dceo.illinois.gov/expandrelocate/incentives/taxassistance/enterprisezone.html,enterprise,200,accessible,https://dceo.illinois.gov/expandrelocate/incentives/taxassistance/enterprisezone.html,5883
2026-10-09T19:14:46.005753+00:00,https://tax.illinois.gov/businesses/incentives.html,aim;bmec;dataCenter;edge;enterprise;hib;micro;quantumEZ;rev,200,accessible,https://tax.illinois.gov/businesses/incentives.html,6548
2026-10-09T19:14:46.103544+00:00,https://somercor.com/sbif/,sbif,200,accessible,https://somercor.com/sbif/,14506
2026-10-09T19:14:46.107801+00:00,https://www.chicago.gov/city/en/sites/small-business-improvement-fund/home.html,sbif,200,accessible,https://www.chicago.gov/city/en/sites/small-business-improvement-fund/home.html,3923
2026-10-09T19:14:46.129296+00:00,https://cocdpd.submittable.com/submit/a9b7c762-50de-4ac3-87dc-0590a08708a5/2026-sbif-application,sbif,200,accessible,https://cocdpd.submittable.com/submit/a9b7c762-50de-4ac3-87dc-0590a08708a5/2026-sbif-application,1823
2026-10-09T19:14:46.238070+00:00,https://dceo.illinois.gov/expandrelocate/incentives/edge.html,edge,200,accessible,https://dceo.illinois.gov/expandrelocate/incentives/edge.html,4695
2026-10-09T19:14:46.252901+00:00,https://ev.illinois.gov/incentives/rev-tax-credit.html,rev,200,accessible,https://ev.illinois.gov/incentives/rev-tax-credit.html,2713
2026-10-09T19:14:46.370496+00:00,https://dceo.illinois.gov/expandrelocate/incentives/micro.html,micro,200,accessible,https://dceo.illinois.gov/expandrelocate/incentives/micro.html,6713
2026-10-09T19:14:46.380359+00:00,https://dceo.illinois.gov/expandrelocate/incentives/datacenters.html,dataCenter,200,accessible,https://dceo.illinois.gov/expandrelocate/incentives/datacenters.html,3900
2026-10-09T19:14:46.390435+00:00,https://www.chicago.gov/city/en/depts/dcd/supp_info/special_service_areasandproviderlist.html,ssa,200,accessible,https://www.chicago.gov/city/en/depts/dcd/supp_info/special_service_areasandproviderlist.html,23354
2026-10-09T19:14:46.425147+00:00,https://ides.illinois.gov/,highUnemployment,200,accessible,https://ides.illinois.gov/,3694
2026-10-09T19:14:46.438483+00:00,https://www.dol.gov/agencies/eta/wotc,highUnemployment,403,blocked,,
2026-10-09T19:14:46.475058+00:00,https://www.cookcountyil.gov/service/property-tax-incentives,class7a;class8aMicro,200,accessible,https://www.cookcountyil.gov/service/property-tax-incentives,8140
2026-10-09T19:14:46.521022+00:00,https://www.cookcountyassessoril.gov/incentives-special-properties,class6b;class6bSer;class7a;class7b;class7c;class8;class8aMicro;classL,200,accessible,https://www.cookcountyassessoril.gov/incentives-special-properties,14111
2026-10-09T19:14:46.545187+00:00,https://cocdpd.submittable.com/submit/302696/city-of-chicago-cook-county-property-tax-incentive-application,class6b;class7a,200,accessible,https://cocdpd.submittable.com/submit/302696/city-of-chicago-cook-county-property-tax-incentive-application,743
2026-10-09T19:14:46.594404+00:00,https://www.chicago.gov/city/en/about/wards.html,class6b;class6bSer;class7a;class7b;class7c;classC;classL,200,accessible,https://www.chicago.gov/city/en/about/wards.html,6571
2026-10-09T19:14:46.674699+00:00,https://cookcountysmallbiz.org/catalystgrant/,catalystGrant,403,blocked,,
2026-10-09T19:14:46.719969+00:00,https://cookcountysmallbiz.org/catalystgrant-2/,catalystGrant,403,blocked,,
2026-10-09T19:14:46.725734+00:00,https://www.cookcountyil.gov/service/clean-energy-cpace-program,cpace,200,accessible,https://www.cookcountyil.gov/service/clean-energy-cpace-program,6439
2026-10-09T19:14:46.740529+00:00,https://cookcountysmallbiz.org/,smallBizSource,403,blocked,,
2026-10-09T19:14:46.775850+00:00,https://www.cookcountylandbank.org/,landBank,200,accessible,https://cookcountylandbank.org/,3371
2026-10-09T19:14:46.778658+00:00,https://www.chicago.gov/city/en/sites/neighborhood-opportunity-fund/home/Apply.html,nof,200,accessible,https://www.chicago.gov/city/en/sites/neighborhood-opportunity-fund/home/Apply.html,5142
2026-10-09T19:14:46.788550+00:00,https://www.chicago.gov/content/dam/city/sites/neighborhood-opportunity-fund/pdfs/NOF_Program_Manual_9.18.25.pdf,nof,200,accessible_non_html,https://www.chicago.gov/content/dam/city/sites/neighborhood-opportunity-fund/pdfs/NOF_Program_Manual_9.18.25.pdf,
2026-10-09T19:14:46.799838+00:00,https://cocdpd.submittable.com/submit/328194/neighborhood-opportunity-fund-nof-grant-application,nof,200,accessible,https://cocdpd.submittable.com/submit/328194/neighborhood-opportunity-fund-nof-grant-application,326
2026-10-09T19:14:46.932171+00:00,https://cocdpd.submittable.com/submit/320126/neighborhood-opportunity-fund-nof-grant-application-spanish,nof,200,accessible,https://cocdpd.submittable.com/submit/320126/neighborhood-opportunity-fund-nof-grant-application-spanish,346
2026-10-09T19:14:46.946777+00:00,https://www.chicago.gov/city/en/sites/neighborhood-opportunity-fund/home.html,nof,200,accessible,https://www.chicago.gov/city/en/sites/neighborhood-opportunity-fund/home.html,3857
2026-10-09T19:14:46.949671+00:00,https://www.chicago.gov/city/en/sites/neighborhood-opportunity-fund/home/frequently-asked-questions-.html,nof,200,accessible,https://www.chicago.gov/city/en/sites/neighborhood-opportunity-fund/home/frequently-asked-questions-.html,6304
2026-10-09T19:14:46.998013+00:00,https://www.cdfifund.gov/programs-training/programs/new-markets-tax-credit,nmtcEligible,200,accessible,https://www.cdfifund.gov/programs-training/programs/new-markets-tax-credit,5786
2026-10-09T19:14:47.070272+00:00,https://www.huduser.gov/portal/datasets/qct.html,qct,202,accessible,https://www.huduser.gov/portal/datasets/qct.html,0
2026-10-09T19:14:47.114293+00:00,https://www.ihda.org/,qct,200,accessible,https://www.ihda.org/,4968
2026-10-09T19:14:47.120947+00:00,https://www.chicago.gov/city/en/depts/dcd/provdrs/hist.html,classL;landmarkDistricts,200,accessible,https://www.chicago.gov/city/en/depts/dcd/provdrs/hist.html,7371
2026-10-09T19:14:47.152766+00:00,https://www.chicago.gov/content/dam/city/depts/zlup/Historic_Preservation/Publications/Chicago_Landmarks_Ordinance_2025.pdf,landmarkDistricts,200,accessible_non_html,https://www.chicago.gov/content/dam/city/depts/zlup/Historic_Preservation/Publications/Chicago_Landmarks_Ordinance_2025.pdf,
2026-10-09T19:14:47.292579+00:00,https://www.nps.gov/subjects/taxincentives/index.htm,nrhpDistricts,200,accessible,https://www.nps.gov/subjects/taxincentives/index.htm,2745
2026-10-09T19:14:47.357324+00:00,https://dnrhistoric.illinois.gov/,nrhpDistricts,200,accessible,https://dnrhistoric.illinois.gov/,3098
2026-10-09T19:14:47.367107+00:00,https://www.chicago.gov/city/en/depts/doh/provdrs/developers/svcs/ChicagoNeighborhoodRecoveryProgram.html,microMarketRecovery,200,accessible,https://www.chicago.gov/city/en/depts/doh/provdrs/developers/svcs/ChicagoNeighborhoodRecoveryProgram.html,9519
2026-10-09T19:14:47.400252+00:00,https://nhschicago.org/mmrp-purchase-assistance-grant/,microMarketRecovery,200,accessible,https://nhschicago.org/mmrp-purchase-assistance-grant/,10306
2026-10-09T19:14:47.618737+00:00,https://www.chicago.gov/city/en/depts/dcd/supp_info/repositioning-chicago-s-industrial-corridors-for-today-s-economy.html,industrialCorridors,200,accessible,https://www.chicago.gov/city/en/depts/dcd/supp_info/repositioning-chicago-s-industrial-corridors-for-today-s-economy.html,11255
2026-10-09T19:14:47.705279+00:00,https://www.chicago.gov/city/en/sites/storefront-activation/home.html,ccsa,200,accessible,https://www.chicago.gov/city/en/sites/storefront-activation/home.html,4172
2026-10-09T19:14:47.708492+00:00,https://cocdpd.submittable.com/submit/6c22d8c7-4140-4f40-9054-9cb98ebc5104/commercial-corridor-storefront-activation-grant,ccsa,200,accessible,https://cocdpd.submittable.com/submit/6c22d8c7-4140-4f40-9054-9cb98ebc5104/commercial-corridor-storefront-activation-grant,314
2026-10-09T19:14:47.719021+00:00,https://www.sba.gov/federal-contracting/contracting-assistance-programs/hubzone-program,hubzone,200,accessible,https://www.sba.gov/certifications/#hubzone,26816
2026-10-09T19:14:47.773498+00:00,https://www.irs.gov/credits-deductions/frequently-asked-questions-for-energy-communities,energyCommunityBonus,200,accessible,https://www.irs.gov/credits-deductions/frequently-asked-questions-for-energy-communities,30777
2026-10-09T19:14:47.876410+00:00,https://www.irs.gov/credits-deductions/clean-electricity-low-income-communities-bonus-credit-amount-program,iraCleanElectricity,200,accessible,https://www.irs.gov/credits-deductions/clean-electricity-low-income-communities-bonus-credit-amount-program,13549
2026-10-09T19:14:47.885426+00:00,https://www.irs.gov/credits-deductions/elective-pay-and-transferability,electivePay,200,accessible,https://www.irs.gov/credits-deductions/elective-pay-and-transferability,11493
2026-10-09T19:14:47.891115+00:00,https://www.congress.gov/crs-product/IF12862,sec179d,403,blocked,,
2026-10-09T19:14:47.905735+00:00,https://www.irs.gov/credits-deductions/energy-efficient-commercial-buildings-deduction,sec179d,200,accessible,https://www.irs.gov/credits-deductions/energy-efficient-commercial-buildings-deduction,10579
2026-10-09T19:14:47.948675+00:00,https://www.hud.gov/hud-partners/community-section108,hudSection108,200,accessible,https://www.hud.gov/hud-partners/community-section108,3483
2026-10-09T19:14:47.989944+00:00,https://www.cdfifund.gov/programs-training/programs/cdfi-bond,cdfiBond,200,accessible,https://www.cdfifund.gov/programs-training/programs/cdfi-bond,6278
2026-10-09T19:14:48.012697+00:00,https://www.cclfchicago.org/,cdfiBond,406,blocked,,
2026-10-09T19:14:48.026524+00:00,https://www.sba.gov/funding-programs/loans,sba7a504,200,accessible,https://www.sba.gov/loans/,5098
2026-10-09T19:14:48.049171+00:00,https://www.sba.gov/document/policy-notice-5000-879058-coordination-7a-504-maximum-loan-limits,sba7a504,200,accessible,https://legacy.sba.gov/document/policy-notice-5000-879058-coordination-7a-504-maximum-loan-limits,2041
2026-10-09T19:14:48.183462+00:00,https://www.sba.gov/district/illinois,sba7a504;sbaMicroloan,200,accessible,https://legacy.sba.gov/district/illinois,3942
2026-10-09T19:14:48.234290+00:00,https://somercor.com/,sba7a504,200,accessible,https://somercor.com/,3398
2026-10-09T19:14:48.356979+00:00,https://www.growthcorp.com/contact-us/,sba7a504,200,accessible,https://www.growthcorp.com/contact-us/,3239
2026-10-09T19:14:48.450822+00:00,https://www.sba.gov/funding-programs/loans/microloans,sbaMicroloan,200,accessible,https://www.sba.gov/loans/microloans/,4651
2026-10-09T19:14:48.458709+00:00,https://www.sba.gov/funding-programs/loans/microloans/list-microlenders,sbaMicroloan,200,accessible,https://www.sba.gov/loans/microloans/list-of-microlenders/,4822
2026-10-09T19:14:48.482894+00:00,https://justinepetersen.org/what-we-do/small-business/,sbaMicroloan,403,blocked,,
2026-10-09T19:14:48.581686+00:00,https://www.sba.gov/funding-programs/disaster-assistance,sbaDisasterEidl,200,accessible,https://www.sba.gov/disaster/,16505
2026-10-09T19:14:48.601015+00:00,https://www.sba.gov/article/2026/05/21/sba-disaster-relief-still-available-illinois-businesses-private-nonprofits-residents-affected-severe,sbaDisasterEidl,200,accessible,https://legacy.sba.gov/article/2026/05/21/sba-disaster-relief-still-available-illinois-businesses-private-nonprofits-residents-affected-severe,5718
2026-10-09T19:14:48.652928+00:00,https://lending.sba.gov/search-disaster/,sbaDisasterEidl,200,accessible,https://lending.sba.gov/search-disaster/,17
2026-10-09T19:14:48.690477+00:00,https://www.irs.gov/credits-deductions/advanced-manufacturing-investment-credit,chips48d,200,accessible,https://www.irs.gov/credits-deductions/advanced-manufacturing-investment-credit,9102
2026-10-09T19:14:48.706070+00:00,https://www.irs.gov/instructions/i3468,chips48d,200,accessible,https://www.irs.gov/instructions/i3468,167519
2026-10-09T19:14:48.725572+00:00,https://dceo.illinois.gov/smallbizassistance/advantageillinois.html,advantageIllinois;ssbciAdvantageIL,200,accessible,https://dceo.illinois.gov/smallbizassistance/advantageillinois.html,5189
2026-10-09T19:14:48.833751+00:00,https://dceo.illinois.gov/aboutdceo/entrepreneurshipinnovationtechnology.html,illinoisIivf;illinoisWetLab;ssbciAdvantageIL,200,accessible,https://dceo.illinois.gov/aboutdceo/entrepreneurshipinnovationtechnology.html,8356
2026-10-09T19:14:48.882077+00:00,https://www.eda.gov/funding/programs/build-to-scale,edaBuildToScale,403,blocked,,
2026-10-09T19:14:48.925054+00:00,https://dceo.illinois.gov/expandrelocate/incentives.html,bmec,200,accessible,https://dceo.illinois.gov/expandrelocate/incentives.html,2452
2026-10-09T19:14:48.979669+00:00,https://dceo.illinois.gov/businesshelp/incentivesandtaxcredits.html,aim,200,accessible,https://dceo.illinois.gov/businesshelp/incentivesandtaxcredits.html,8334
2026-10-09T19:14:49.142698+00:00,https://dceo.illinois.gov/expandrelocate/incentives/quantum-enterprise-zone-program.html,quantumEZ,200,accessible,https://dceo.illinois.gov/expandrelocate/incentives/quantum-enterprise-zone-program.html,3222
2026-10-09T19:14:49.183460+00:00,https://dceo.illinois.gov/expandrelocate/incentives/highimpactbusinessprogram.html,hib,200,accessible,https://dceo.illinois.gov/expandrelocate/incentives/highimpactbusinessprogram.html,4672
2026-10-09T19:14:49.280136+00:00,https://ilinnovoucher.istcoalition.org/,innovationVoucher,200,accessible,https://ilinnovoucher.istcoalition.org/,4766
2026-10-09T19:14:49.363773+00:00,https://dceo.illinois.gov/oe3/econ-empowerment-centers.html,economicEmpowermentCenters,200,accessible,https://dceo.illinois.gov/oe3/econ-empowerment-centers.html,4899
2026-10-09T19:14:49.428137+00:00,https://dceo.illinois.gov/aboutdceo/grantopportunities/3226-4281.html,economicEmpowermentCenters,200,accessible,https://dceo.illinois.gov/aboutdceo/grantopportunities/3226-4281.html,3879
2026-10-09T19:14:49.468132+00:00,https://app.smartsheet.com/b/form/2ba62593649141b284a59825d3cb957e,economicEmpowermentCenters,200,accessible,https://app.smartsheet.com/b/form/2ba62593649141b284a59825d3cb957e,16
2026-10-09T19:14:49.507882+00:00,https://dceo.illinois.gov/aboutdceo/grantopportunities/learning-library.html,economicEmpowermentCenters,200,accessible,https://dceo.illinois.gov/aboutdceo/grantopportunities/learning-library.html,9044
2026-10-09T19:14:49.521290+00:00,https://dceo.illinois.gov/whyillinois/film/filmtaxcredit.html,filmCredit,200,accessible,https://dceo.illinois.gov/whyillinois/film/filmtaxcredit.html,5443
2026-10-09T19:14:49.570368+00:00,https://dceo.illinois.gov/whyillinois/film/live-theater-tax-credit.html,liveTheaterCredit,200,accessible,https://dceo.illinois.gov/whyillinois/film/live-theater-tax-credit.html,9088
2026-10-09T19:14:49.661319+00:00,https://dceo.illinois.gov/oe3/cannabisequity/cannabis-social-equity-r3.html,cannabisR3,200,accessible,https://dceo.illinois.gov/oe3/cannabisequity/cannabis-social-equity-r3.html,5650
2026-10-09T19:14:49.676797+00:00,https://r3.illinois.gov/,r3Grants,200,accessible,https://r3.illinois.gov/,3329
2026-10-09T19:14:49.781245+00:00,https://r3.illinois.gov/news/restore-reinvest-renew-r3-program-grants-apply-now/,r3Grants,200,accessible,https://r3.illinois.gov/news/restore-reinvest-renew-r3-program-grants-apply-now/,5491
2026-10-09T19:14:49.879719+00:00,https://www.cookcountyil.gov/board-of-commissioners,class6bSer,200,accessible,https://www.cookcountyil.gov/board-of-commissioners,6430
2026-10-09T19:14:49.948287+00:00,https://www.cookcountyil.gov/,class8,200,accessible,https://www.cookcountyil.gov/,7996
2026-10-09T19:14:49.955453+00:00,https://maps.cookcountyil.gov/cookviewer/,class8,200,accessible,https://maps.cookcountyil.gov/cookviewer/,10
2026-10-09T19:14:50.009150+00:00,https://www.cookcountyassessoril.gov/form-document/class-c,classC,200,accessible,https://www.cookcountyassessoril.gov/form-document/class-c,3861
2026-10-09T19:14:50.061480+00:00,https://www.cookcountyassessor.com/form-document/class-c,classC,200,accessible,https://www.cookcountyassessoril.gov/form-document/class-c,3861
2026-10-09T19:14:50.092557+00:00,https://epa.illinois.gov/topics/cleanup-programs/srp.html,classC,200,accessible,https://epa.illinois.gov/topics/cleanup-programs/srp.html,7587
2026-10-09T19:14:50.121047+00:00,https://www.chicago.gov/city/en/depts/dcd/provdrs/hist/svcs/class_l_propertytaxincentive.html,classL,200,accessible,https://www.chicago.gov/city/en/depts/dcd/provdrs/hist/svcs/class_l_propertytaxincentive.html,5367
2026-10-09T19:14:50.174415+00:00,https://www.cookcountyassessoril.gov/affordable-housing,ahsap,200,accessible,https://www.cookcountyassessoril.gov/affordable-housing,11387
2026-10-09T19:14:50.271433+00:00,https://www.cookcountyil.gov/service/cannabis-development-grant,cookCannabisGrant,200,accessible,https://www.cookcountyil.gov/service/cannabis-development-grant,6677
2026-10-09T19:14:50.287776+00:00,https://www.cookcountyil.gov/news/cook-county-president-toni-preckwinkle-announces-nine-additional-recipients-cannabis,cookCannabisGrant,200,accessible,https://www.cookcountyil.gov/news/cook-county-president-toni-preckwinkle-announces-nine-additional-recipients-cannabis,7613
2026-10-09T19:14:50.342444+00:00,https://www.cookcountyil.gov/agency/bureau-economic-development,cookCannabisGrant,200,accessible,https://www.cookcountyil.gov/agency/bureau-economic-development,9492
2026-10-09T19:14:50.394756+00:00,https://www.cookcountyil.gov/investincook,investInCook,200,accessible,https://www.cookcountyil.gov/investincook,4905
2026-10-09T19:14:50.394893+00:00,https://www.cookcountyil.gov/service/brownfield-redevelopment,cookBrownfield,200,accessible,https://www.cookcountyil.gov/service/brownfield-redevelopment,8193
2026-10-09T19:14:50.441703+00:00,https://www.ssmma.org/brownfields,cookBrownfield,200,accessible,https://www.ssmma.org/brownfields,6044
2026-10-09T19:14:50.458010+00:00,https://www.chicago.gov/city/en/sites/community-development-grant/home.html,cdgLarge;cdgMedium;cdgSmall,200,accessible,https://www.chicago.gov/city/en/sites/community-development-grant/home.html,3492
2026-10-09T19:14:50.493213+00:00,https://cocdpd.submittable.com/submit,cdgMedium;cdgSmall,200,accessible,https://cocdpd.submittable.com/submit,7459
2026-10-09T19:14:50.576242+00:00,https://cocdpd.submittable.com/submit/365163/small-community-development-grants-up-to-250-000-closes-2-16-27,cdgSmall,200,accessible,https://cocdpd.submittable.com/submit/365163/small-community-development-grants-up-to-250-000-closes-2-16-27,364
2026-10-09T19:14:50.590779+00:00,https://cocdpd.submittable.com/submit/354576/subvencion-de-desarrollo-comunitario-hasta-250-000-2026,cdgSmall,200,accessible,https://cocdpd.submittable.com/submit/354576/subvencion-de-desarrollo-comunitario-hasta-250-000-2026,348
2026-10-09T19:14:50.593725+00:00,https://cocdpd.submittable.com/submit/366361/medium-community-development-grant-cdg-m-closes-02-16-2027,cdgMedium,200,accessible,https://cocdpd.submittable.com/submit/366361/medium-community-development-grant-cdg-m-closes-02-16-2027,765
2026-10-09T19:14:50.671592+00:00,https://cocdpd.submittable.com/submit/345775/large-community-development-grant-application,cdgLarge,200,accessible,https://cocdpd.submittable.com/submit/345775/large-community-development-grant-application,630
2026-10-09T19:14:50.762031+00:00,https://www.chicago.gov/city/en/sites/workforce-solutions/home.html,workforceSolutions,200,accessible,https://www.chicago.gov/city/en/sites/workforce-solutions/home.html,2694
2026-10-09T19:14:50.785032+00:00,https://cocdpd.submittable.com/submit/64d343a4-40d2-47fc-bdea-b290036e9e82/workforce-solutions-program-grant-application,workforceSolutions,200,accessible,https://cocdpd.submittable.com/submit,7459
2026-10-09T19:14:50.825265+00:00,https://www.chicago.gov/city/en/sites/dpd-recovery-plan/home/climate-infrastructure-projects.html,climateInfrastructureFund,200,accessible,https://www.chicago.gov/city/en/sites/dpd-recovery-plan/home/climate-infrastructure-projects.html,2594
2026-10-09T19:14:50.891102+00:00,https://www.chicago.gov/city/en/sites/dpd-recovery-plan/home/CRPFinalistResources.html,climateInfrastructureFund,200,accessible,https://www.chicago.gov/city/en/sites/dpd-recovery-plan/home/CRPFinalistResources.html,8837
2026-10-09T19:14:50.900475+00:00,https://www.comed.com/about-us/clean-energy/electric-vehicle-charger-and-installation-rebate,comedEvRebate,200,accessible,https://www.comed.com/about-us/clean-energy/electric-vehicle-charger-and-installation-rebate,0
2026-10-09T19:14:50.990082+00:00,https://www.comed.com/WaysToSave/ForYourBusiness/Pages/Incentives.aspx,comedSmallBizEfficiency,200,accessible,https://www.comed.com/WaysToSave/ForYourBusiness/Pages/Incentives.aspx,0
2026-10-09T19:14:51.038476+00:00,https://www.comed.com/SmartEnergy/MyGreenPowerConnection/Pages/SolarRebates.aspx,comedDgSolar,200,accessible,https://www.comed.com/SmartEnergy/MyGreenPowerConnection/Pages/SolarRebates.aspx,0
2026-10-09T19:14:51.041966+00:00,https://illinoisshines.com/,comedDgSolar,403,blocked,,
2026-10-09T19:14:51.051710+00:00,https://www.peoplesgasdelivery.com/savings/business/rebates-ci,peoplesGasEfficiency,200,accessible,https://www.peoplesgasdelivery.com/savings/business/rebates-ci,3643
2026-10-09T19:14:51.092324+00:00,https://www.kiva.org/borrow,kivaChicago,200,accessible,https://www.kiva.org/borrow,21110
2026-10-09T19:14:51.150693+00:00,https://greenwoodarchercapital.org/,greenwoodArcher,200,accessible,https://greenwoodarchercapital.org/,5111
2026-10-09T19:14:51.161497+00:00,https://a4cb.org/services/loans/,alliesCommunityBusiness,200,accessible,https://a4cb.org/services/loans/,31391
2026-10-09T19:14:51.244735+00:00,https://dceo.illinois.gov/illinoisinvent.html,illinoisInvent,200,accessible,https://dceo.illinois.gov/illinoisinvent.html,3410
2026-10-09T19:14:51.345035+00:00,https://www.illinoisclimatebank.com/financing-programs/developers-contractors/state-small-business-credit-initiative-ssbci/,illinoisClimateBank,200,accessible,https://www.illinoisclimatebank.com/financing-programs/developers-contractors/state-small-business-credit-initiative-ssbci/,4851
2026-10-09T19:14:51.396295+00:00,https://dceo.illinois.gov/expandrelocate/incentives/taxassistance/angelinvestment.html,angelInvestmentCredit,200,accessible,https://dceo.illinois.gov/expandrelocate/incentives/taxassistance/angelinvestment.html,9527
2026-10-09T19:14:51.514203+00:00,https://dceo.illinois.gov/expandrelocate/incentives/new-markets.html,illinoisNewMarkets,200,accessible,https://dceo.illinois.gov/expandrelocate/incentives/new-markets.html,2560
2026-10-09T19:14:51.530140+00:00,https://dceo.illinois.gov/whyillinois/sbir-sttr-phase1.html,illinoisSbirMatch,200,accessible,https://dceo.illinois.gov/whyillinois/sbir-sttr-phase1.html,9330
2026-10-09T19:14:51.646223+00:00,https://dceo.illinois.gov/smallbizassistance/beginhere/sbdc.html,illinoisSbdc,200,accessible,https://dceo.illinois.gov/smallbizassistance/beginhere/sbdc.html,3237
2026-10-09T19:14:51.671477+00:00,https://dceo.illinois.gov/smallbizassistance/beginhere/itc.html,illinoisItc,200,accessible,https://dceo.illinois.gov/smallbizassistance/beginhere/itc.html,2702
2026-10-09T19:14:51.704079+00:00,https://dceo.illinois.gov/smallbizassistance/beginhere/ptac.html,illinoisApex,200,accessible,https://dceo.illinois.gov/smallbizassistance/beginhere/ptac.html,3915
2026-10-09T19:14:51.782670+00:00,https://dceo.illinois.gov/ceja/ceja-contractor-programs.html,cejaAccelerator;cejaIncubator,200,accessible,https://dceo.illinois.gov/ceja/ceja-contractor-programs.html,4107
2026-10-09T19:14:51.807706+00:00,https://dceo.illinois.gov/smallbizassistance/beginhere/businessinformationcenter.html,firstStopBic,200,accessible,https://dceo.illinois.gov/smallbizassistance/beginhere/businessinformationcenter.html,3372
2026-10-09T19:14:51.807836+00:00,https://dceo.illinois.gov/smallbizassistance/lawsregsandpermitting.html,regulatoryFlexibility,200,accessible,https://dceo.illinois.gov/smallbizassistance/lawsregsandpermitting.html,3077
2026-10-09T19:14:51.814679+00:00,https://dceo.illinois.gov/smallbizassistance/environmentalassistanceprogram.html,illinoisSbeap,200,accessible,https://dceo.illinois.gov/smallbizassistance/environmentalassistanceprogram.html,4793
2026-10-09T19:14:51.912652+00:00,https://seedfund.nsf.gov/,nsfSeedFund,200,accessible,https://seedfund.nsf.gov/,7950
2026-10-09T19:14:51.935305+00:00,https://seedfund.nsf.gov/apply/get-started/,nsfSeedFund,200,accessible,https://seedfund.nsf.gov/apply/get-started/,3285
2026-10-09T19:14:51.974710+00:00,https://seedfund.nsf.gov/apply/full-proposal/,nsfSeedFund,200,accessible,https://seedfund.nsf.gov/apply/full-proposal/,6439
2026-10-09T19:14:51.987967+00:00,https://dceo.illinois.gov/smallbizassistance/illinoissmallbusinessemergencyloanfund.html,illinoisEmergencyLoan,200,accessible,https://dceo.illinois.gov/smallbizassistance/illinoissmallbusinessemergencyloanfund.html,3754
