audit_date,program_id,name,level,result,intake_before,intake_after,changed_fields,source_url,finding_or_limit
2026-10-09,tif,TIF Districts,City,corrected,rolling,unknown,applicationPortals; howToApply; intakeStatus; lastVerifiedAt; nextWindow; statusAsOf,https://www.chicago.gov/city/en/depts/dcd/provdrs/tif.html,Retired Universal Financial Incentives URL redirects to generic directory; corrected routing and withdrew unverified rolling intake.
2026-10-09,federalOZ,Federal Opportunity Zones,Federal,scoped_source_review,rolling,rolling,,https://www.irs.gov/newsroom/treasury-irs-provide-guidance-to-states-for-nominating-census-tracts-as-qualified-opportunity-zones-under-the-one-big-beautiful-bill,"Administrator overview compared with program purpose, headline terms and available timing. No additional confirmed change; project-specific determinations and complete manuals not re-certified."
2026-10-09,illinoisOZ,Illinois Opportunity Zones,State,corrected,rolling,rolling,benefitRange; lastVerifiedAt; statusAsOf,https://dceo.illinois.gov/oppzn.html,Removed unsupported DCEO-grant headline; Illinois designations route to federal OZ tax treatment. 2027 designation transition noted in existing summary.
2026-10-09,enterprise,Enterprise Zones,State,corrected,rolling,rolling,benefitRange; lastVerifiedAt; statusAsOf,https://dceo.illinois.gov/expandrelocate/incentives/taxassistance/enterprisezone.html,Removed unqualified maximum sales-tax percentage; exemption and investment-credit headline retained with conditions.
2026-10-09,sbif,Small Business Improvement Fund (SBIF),City,corrected,open,open,deadlines; fastestConfirmingStep; lastVerifiedAt; nextWindow; sourceUrl; statusAsOf; summary,https://somercor.com/sbif/,Replaced summer card windows with published Q4 district calendar; corrected Chicago timezone offsets in rollout.
2026-10-09,edge,EDGE Tax Credit,State,scoped_source_review,rolling,rolling,,https://dceo.illinois.gov/expandrelocate/incentives/edge.html,DCEO/IDOR overview compared with headline benefits and program purpose. No additional confirmed change; negotiated terms and complete statutory conditions not re-certified.
2026-10-09,rev,REV Illinois,State,scoped_source_review,rolling,rolling,,https://ev.illinois.gov/incentives/rev-tax-credit.html,DCEO/IDOR overview compared with headline benefits and program purpose. No additional confirmed change; negotiated terms and complete statutory conditions not re-certified.
2026-10-09,micro,MICRO Program,State,scoped_source_review,rolling,rolling,,https://dceo.illinois.gov/expandrelocate/incentives/micro.html,DCEO/IDOR overview compared with headline benefits and program purpose. No additional confirmed change; negotiated terms and complete statutory conditions not re-certified.
2026-10-09,dataCenter,Data Center Tax Incentive,State,scoped_source_review,closed,closed,,https://dceo.illinois.gov/expandrelocate/incentives/datacenters.html,"DCEO still states new applications not processed from July 1, 2026 after June 5 directive; suspension preserved."
2026-10-09,ssa,Special Service Area (SSA),City,scoped_source_review,rolling,rolling,,https://www.chicago.gov/city/en/depts/dcd/supp_info/special_service_areasandproviderlist.html,"Administrator overview compared with program purpose, headline terms and available timing. No additional confirmed change; project-specific determinations and complete manuals not re-certified."
2026-10-09,highUnemployment,High Unemployment Zone (Information Overlay),Federal,scoped_source_review,lapsed,lapsed,,https://www.dol.gov/agencies/eta/wotc,DOL automated request blocked; IRS still describes authorization for pre-2026 starts. Lapsed retained; future legislation not inferred.
2026-10-09,class7a,Cook County Class 7a Property Tax Incentive,County,scoped_source_review,rolling,rolling,,https://www.cookcountyassessoril.gov/incentives-special-properties,"County/City overview or form index reviewed; headline schedule and program purpose compared. Complete ordinance, approval rules and every PDF not re-certified."
2026-10-09,catalystGrant,Cook County Catalyst Grant,County,intake_unresolved,lapsed,lapsed,,https://cookcountysmallbiz.org/catalystgrant-2/,Both primary URLs blocked. Prior lapsed status retained; no fresh intake verification claimed.
2026-10-09,cpace,Cook County C-PACE (Clean Energy Financing),County,scoped_source_review,rolling,rolling,,https://www.cookcountyil.gov/service/clean-energy-cpace-program,"Administrator overview compared with program purpose, headline terms and available timing. No additional confirmed change; project-specific determinations and complete manuals not re-certified."
2026-10-09,smallBizSource,Cook County Small Business Source,County,intake_unresolved,rolling,rolling,,https://cookcountysmallbiz.org/,Primary host blocked; no fresh service/intake verification claimed.
2026-10-09,landBank,Cook County Land Bank Authority,County,scoped_source_review,rolling,rolling,,https://www.cookcountylandbank.org/,"Administrator overview compared with program purpose, headline terms and available timing. No additional confirmed change; project-specific determinations and complete manuals not re-certified."
2026-10-09,nof,Neighborhood Opportunity Fund (NOF),City,corrected,rolling,rolling,benefits; lastVerifiedAt; nextWindow; statusAsOf; summary,https://www.chicago.gov/content/dam/city/sites/neighborhood-opportunity-fund/pdfs/NOF_Program_Manual_9.18.25.pdf,Primary manual confirms cap/rate and quarterly review. Clarified TA cap as lesser of 20% or $50K and conditional eligible costs; removed stale award news as intake evidence.
2026-10-09,nmtcEligible,New Markets Tax Credits (NMTC),Federal,scoped_source_review,pending,pending,,https://www.cdfifund.gov/programs-training/programs/new-markets-tax-credit,"Administrator overview compared with program purpose, headline terms and available timing. No additional confirmed change; project-specific determinations and complete manuals not re-certified."
2026-10-09,qct,Qualified Census Tract (QCT) — LIHTC Boost,Federal,corrected,rolling,rolling,benefitRange; benefits; boundaryDisclaimer; lastVerifiedAt; sourceUrl; statusAsOf; summary,https://www.govinfo.gov/content/pkg/FR-2026-10-06/pdf/2026-20390.pdf,New October 6 HUD notice announces 2027 lists and timing rules. Clarified up-to-130% eligible basis; map not re-certified.
2026-10-09,landmarkDistricts,Chicago Landmark District Incentives,City,scoped_source_review,rolling,rolling,,https://www.chicago.gov/content/dam/city/depts/zlup/Historic_Preservation/Publications/Chicago_Landmarks_Ordinance_2025.pdf,City historic-preservation and Class L overview reviewed; ordinance district count and underlying geometry not independently re-certified.
2026-10-09,nrhpDistricts,Federal Historic Tax Credit (HTC),Federal,scoped_source_review,rolling,rolling,,https://www.nps.gov/subjects/taxincentives/index.htm,"Administrator overview compared with program purpose, headline terms and available timing. No additional confirmed change; project-specific determinations and complete manuals not re-certified."
2026-10-09,microMarketRecovery,"Chicago Neighborhood Recovery Program (CNRP, formerly MMRP)",City,corrected,closed,closed,benefitRange; benefitTermsStatus; benefits; boundaryDisclaimer; eligibilityRules; lastVerifiedAt; nextWindow; statusAsOf; summary; whoQualifies,https://nhschicago.org/mmrp-purchase-assistance-grant/,"NHS lists $30,000 and expanded areas but explicitly closed intake. Corrected amount and removed stale fixed area count; geometry not refreshed."
2026-10-09,industrialCorridors,Industrial Corridor Protections,City,scoped_source_review,rolling,rolling,,https://www.chicago.gov/city/en/depts/dcd/supp_info/repositioning-chicago-s-industrial-corridors-for-today-s-economy.html,"Administrator overview compared with program purpose, headline terms and available timing. No additional confirmed change; project-specific determinations and complete manuals not re-certified."
2026-10-09,ccsa,Commercial Corridor Storefront Activation Program (CCSAP),City,corrected,open,open,deadlines; lastVerifiedAt; nextWindow; statusAsOf,https://www.chicago.gov/city/en/sites/storefront-activation/home.html,"City page now lists November 20, 2026 at 5 p.m.; exact Chicago-time cutoff updated."
2026-10-09,hubzone,SBA HUBZone Program,Federal,scoped_source_review,rolling,rolling,,https://www.sba.gov/federal-contracting/contracting-assistance-programs/hubzone-program,Official SBA URL redirects to consolidated certifications #hubzone. Map-specific eligibility and redesignation exceptions need SBA confirmation.
2026-10-09,energyCommunityBonus,IRA Energy Community Tax Credit Bonus,Federal,corrected,rolling,rolling,benefitRange; benefits; lastVerifiedAt; statusAsOf; summary,https://www.irs.gov/credits-deductions/frequently-asked-questions-for-energy-communities,ITC bonus is 2 or 10 points depending on labor conditions/exception; PTC bonus remains 10%.
2026-10-09,iraCleanElectricity,IRA Clean Electricity Credits (§48E / §45Y) + Low-Income Communities Bonus,Federal,corrected,rolling,rolling,benefitRange; benefits; deadlines; fastestConfirmingStep; howToApply; lastVerifiedAt; nextWindow; sourceUrl; statusAsOf; summary; sunsetWarning,https://www.irs.gov/irb/2025-36_IRB,Corrected 6% base / conditional 30% increase and wind/solar construction versus placed-in-service timing. Separate bonus allocation from underlying credits.
2026-10-09,electivePay,Elective Pay & Transferability (Clean Energy Credits),Federal,scoped_source_review,rolling,rolling,,https://www.irs.gov/credits-deductions/elective-pay-and-transferability,"Administrator overview compared with program purpose, headline terms and available timing. No additional confirmed change; project-specific determinations and complete manuals not re-certified."
2026-10-09,sec179d,§179D — Energy Efficient Commercial Buildings Deduction,Federal,scoped_source_review,lapsed,lapsed,,https://www.congress.gov/crs-product/IF12862,CRS blocked; IRS Rev Proc 2025-32 confirms $5.94 2026 increased maximum; DOE confirms June 30 construction sunset. Existing sunset treatment retained.
2026-10-09,hudSection108,HUD Section 108 Loan Guarantee,Federal,corrected,rolling,rolling,benefitRange; benefitTermsStatus; benefits; lastVerifiedAt; nextWindow; sourceUrl; statusAsOf; summary,https://www.govinfo.gov/content/pkg/FR-2026-09-28/pdf/2026-19743.pdf,"Removed stale universal FY26 fee/30-year headline. Official conditional FY27 fee notice: 1.05%, October 28 applicability, statutory authority caveat."
2026-10-09,cdfiBond,CDFI Fund Bond Guarantee Program,Federal,scoped_source_review,rolling,rolling,,https://www.cdfifund.gov/programs-training/programs/cdfi-bond,CDFI Fund overview reachable; CCLF contact host blocked. Issuer financing is not a direct business grant.
2026-10-09,sba7a504,SBA 7(a) and 504 Financing,Federal,corrected,rolling,rolling,deadlines; lastVerifiedAt; nextWindow; statusAsOf,https://www.sba.gov/document/policy-notice-5000-879058-coordination-7a-504-maximum-loan-limits,Removed FY2026 fee-waiver expiry from application dates. Program remains lender-delivered and rolling.
2026-10-09,sbaMicroloan,SBA Microloan Program,Federal,scoped_source_review,rolling,rolling,,https://www.sba.gov/funding-programs/loans/microloans/list-microlenders,SBA program and microlender list reachable; Justine Petersen contact host blocked. No fixed approval/amount implied.
2026-10-09,sbaDisasterEidl,SBA Disaster EIDL — Cook County Flood Declaration,Federal,corrected,open,open,benefitRange; benefits; expirationNote; lastVerifiedAt; nextWindow; statusAsOf; summary,https://www.sba.gov/article/2026/05/21/sba-disaster-relief-still-available-illinois-businesses-private-nonprofits-residents-affected-severe,"Official declaration quotes nonprofit rate as low as 3.625%, not 2.75%; January 25, 2027 EIDL deadline retained."
2026-10-09,chips48d,CHIPS Investment Tax Credit (§48D),Federal,corrected,rolling,rolling,benefits; eligibilityRules; howToApply; lastVerifiedAt; statusAsOf; summary,https://www.irs.gov/instructions/i3468,"35% confirmed for qualified property after 2025; construction must begin before January 1, 2027. Removed unrestricted direct-pay/stacking claims."
2026-10-09,ssbciAdvantageIL,SSBCI — Advantage Illinois & INVENT VCP,Federal,scoped_source_review,rolling,rolling,,https://dceo.illinois.gov/aboutdceo/entrepreneurshipinnovationtechnology.html,Legacy federal SSBCI overview preserved; actionable Illinois programs are separate State entries. No separate direct federal application implied.
2026-10-09,edaBuildToScale,EDA Build to Scale (B2S),Federal,intake_unresolved,pending,pending,,https://www.eda.gov/funding/programs/build-to-scale,Primary host blocked. Prior pending/historical status retained; current NOFO remains unresolved.
2026-10-09,bmec,Building Materials Exemption Certificate (BMEC),State,scoped_source_review,rolling,rolling,,https://tax.illinois.gov/businesses/incentives.html,DCEO/IDOR overview compared with headline benefits and program purpose. No additional confirmed change; negotiated terms and complete statutory conditions not re-certified.
2026-10-09,aim,Advancing Innovative Manufacturing (AIM) Tax Credit,State,scoped_source_review,rolling,rolling,,https://dceo.illinois.gov/businesshelp/incentivesandtaxcredits.html,DCEO/IDOR overview compared with headline benefits and program purpose. No additional confirmed change; negotiated terms and complete statutory conditions not re-certified.
2026-10-09,quantumEZ,Quantum Enterprise Zone (QEZ) Program,State,scoped_source_review,rolling,rolling,,https://dceo.illinois.gov/expandrelocate/incentives/quantum-enterprise-zone-program.html,DCEO/IDOR overview compared with headline benefits and program purpose. No additional confirmed change; negotiated terms and complete statutory conditions not re-certified.
2026-10-09,hib,High Impact Business (HIB),State,scoped_source_review,rolling,rolling,,https://dceo.illinois.gov/expandrelocate/incentives/highimpactbusinessprogram.html,DCEO/IDOR overview compared with headline benefits and program purpose. No additional confirmed change; negotiated terms and complete statutory conditions not re-certified.
2026-10-09,innovationVoucher,Illinois Innovation Voucher Program,State,scoped_source_review,rolling,rolling,,https://ilinnovoucher.istcoalition.org/,Official source and benefit/type reviewed in same-day DCEO release reconciliation; current intake remains explicit (unknown where unconfirmed). See docs/programs/cdg-nsf-dceo-eit-2026-10-09.md.
2026-10-09,economicEmpowermentCenters,Economic Empowerment Centers (EEC) Grant Program,State,corrected,rolling,open,applicationPortals; deadlines; expirationNote; howToApply; intakeStatus; lastVerifiedAt; name; nextWindow; recurring; statusAsOf; summary,https://dceo.illinois.gov/aboutdceo/grantopportunities/3226-4281.html,"FY26-1 NOFO 3226-4281 closes November 6, 2026 at 5 p.m.; replaced indefinite Round 2 language."
2026-10-09,filmCredit,Illinois Film Production Services Tax Credit,State,scoped_source_review,rolling,rolling,,https://dceo.illinois.gov/whyillinois/film/filmtaxcredit.html,DCEO/IDOR overview compared with headline benefits and program purpose. No additional confirmed change; negotiated terms and complete statutory conditions not re-certified.
2026-10-09,liveTheaterCredit,Illinois Live Theater Production Tax Credit,State,scoped_source_review,rolling,rolling,,https://dceo.illinois.gov/whyillinois/film/live-theater-tax-credit.html,DCEO/IDOR overview compared with headline benefits and program purpose. No additional confirmed change; negotiated terms and complete statutory conditions not re-certified.
2026-10-09,cannabisR3,Illinois Cannabis Social Equity Loan Program — Round III,State,scoped_source_review,lapsed,lapsed,,https://dceo.illinois.gov/oe3/cannabisequity/cannabis-social-equity-r3.html,DCEO Round III 2025 announcement reviewed; no verified new intake. Prior lapsed treatment retained.
2026-10-09,r3Grants,"Restore, Reinvest, Renew (R3) Program",State,scoped_source_review,closed,closed,,https://r3.illinois.gov/news/restore-reinvest-renew-r3-program-grants-apply-now/,2026 opportunity notice reviewed; no verified later NOFO in this pass. Prior closed treatment retained.
2026-10-09,class6b,Cook County Class 6b Industrial Property Tax Incentive,County,scoped_source_review,rolling,rolling,,https://www.cookcountyassessoril.gov/incentives-special-properties,"County/City overview or form index reviewed; headline schedule and program purpose compared. Complete ordinance, approval rules and every PDF not re-certified."
2026-10-09,class6bSer,Cook County Class 6b SER (Sustainable Emergency Relief),County,scoped_source_review,rolling,rolling,,https://www.cookcountyassessoril.gov/incentives-special-properties,"County/City overview or form index reviewed; headline schedule and program purpose compared. Complete ordinance, approval rules and every PDF not re-certified."
2026-10-09,class7b,Cook County Class 7b Commercial Property Tax Incentive,County,scoped_source_review,rolling,rolling,,https://www.cookcountyassessoril.gov/incentives-special-properties,"County/City overview or form index reviewed; headline schedule and program purpose compared. Complete ordinance, approval rules and every PDF not re-certified."
2026-10-09,class7c,Cook County Class 7c Commercial Urban Relief Eligibility (CURE),County,corrected,rolling,rolling,benefitRange; lastVerifiedAt; statusAsOf,https://www.cookcountyassessoril.gov/incentives-special-properties,"Corrected headline to 10% years 1–3, 15% year 4, 20% year 5; detailed benefits already had that schedule."
2026-10-09,class8,Cook County Class 8 Property Tax Incentive,County,scoped_source_review,rolling,rolling,,https://www.cookcountyassessoril.gov/incentives-special-properties,"County/City overview or form index reviewed; headline schedule and program purpose compared. Complete ordinance, approval rules and every PDF not re-certified."
2026-10-09,class8aMicro,Cook County Class 8a MICRO (Semiconductor),County,scoped_source_review,rolling,rolling,,https://www.cookcountyil.gov/service/property-tax-incentives,"County/City overview or form index reviewed; headline schedule and program purpose compared. Complete ordinance, approval rules and every PDF not re-certified."
2026-10-09,classC,Cook County Class C Brownfield Property Tax Incentive,County,scoped_source_review,rolling,rolling,,https://www.cookcountyassessor.com/form-document/class-c,"County/City overview or form index reviewed; headline schedule and program purpose compared. Complete ordinance, approval rules and every PDF not re-certified."
2026-10-09,classL,Cook County Class L Landmark Rehabilitation Incentive,County,scoped_source_review,rolling,rolling,,https://www.chicago.gov/city/en/depts/dcd/provdrs/hist/svcs/class_l_propertytaxincentive.html,"County/City overview or form index reviewed; headline schedule and program purpose compared. Complete ordinance, approval rules and every PDF not re-certified."
2026-10-09,ahsap,Affordable Housing Special Assessment Program (AHSAP),County,corrected,open,closed,benefitTermsStatus; fastestConfirmingStep; intakeStatus; lastVerifiedAt; nextWindow; status; statusAsOf,https://www.cookcountyassessoril.gov/affordable-housing,Published 2026 assessment-year filing deadline passed; closed badge and application guidance agree. Next-year deadline unconfirmed.
2026-10-09,cookCannabisGrant,Cook County Cannabis Development Grant,County,scoped_source_review,lapsed,lapsed,,https://www.cookcountyil.gov/news/cook-county-president-toni-preckwinkle-announces-nine-additional-recipients-cannabis,County describes awards from prior applicants and a closed January 2026 TA cohort; no new grant window verified.
2026-10-09,investInCook,Invest in Cook — Transportation Grant Program,County,scoped_source_review,closed,closed,,https://www.cookcountyil.gov/investincook,"County now reports 2026 awards; catalog closed status retained, no new round verified."
2026-10-09,cookBrownfield,Cook County Brownfield Redevelopment Assistance,County,scoped_source_review,open,open,,https://www.cookcountyil.gov/service/brownfield-redevelopment,County describes suburban ARPA services through 2026; no current capacity guarantee.
2026-10-09,cdgSmall,Community Development Grant — Small (≤ $250K),City,scoped_source_review,open,open,,https://cocdpd.submittable.com/submit,"DPD application title confirms February 16, 2027; priority first preserved. Detailed current manual remains a separate review."
2026-10-09,cdgMedium,Community Development Grant — Medium ($300K – $5M),City,scoped_source_review,open,open,,https://cocdpd.submittable.com/submit,"DPD confirms February 16, 2027 and request of $300,001–$5M; detailed current manual remains a separate review."
2026-10-09,cdgLarge,Community Development Grant — Large (> $5M),City,corrected,rolling,unknown,benefits; eligibilityRules; intakeStatus; lastVerifiedAt; nextWindow; sourceUrl; statusAsOf; summary,https://cocdpd.submittable.com/submit,Corrected grant-request threshold rather than total project cost; no closing date on directory does not prove rolling intake.
2026-10-09,workforceSolutions,Workforce Solutions Program (formerly TIFWorks),City,corrected,open,open,applicationPortals; benefitRange; benefits; deadlines; eligibilityRules; fastestConfirmingStep; howToApply; lastVerifiedAt; nextWindow; statusAsOf; summary; whoQualifies,https://www.chicago.gov/city/en/sites/workforce-solutions/home.html,Q4 October 1–30; eligible TIF track year-round. Replaced retired portal with current pre-application; current public cap $250K. Larger historical exception not advertised without current manual evidence.
2026-10-09,climateInfrastructureFund,Climate Infrastructure Fund (CIF) / Equitable Transit-Oriented Development (ETOD),City,scoped_source_review,lapsed,lapsed,,https://www.chicago.gov/city/en/sites/dpd-recovery-plan/home/CRPFinalistResources.html,"Administrator overview compared with program purpose, headline terms and available timing. No additional confirmed change; project-specific determinations and complete manuals not re-certified."
2026-10-09,comedEvRebate,ComEd EV Charger and Installation Rebate,Utility,corrected,open,pending,benefitRange; benefitTermsStatus; benefits; fastestConfirmingStep; howToApply; intakeStatus; lastVerifiedAt; nextWindow; status; statusAsOf; summary; suspensionNote; whoQualifies,https://www.comed.com/about-us/clean-energy/electric-vehicle-charger-and-installation-rebate,"Rendered official notice announces January 1, 2027 residential intake; 2026 installations excluded. Removed unsupported commercial per-port figures; no automatic reopening claim."
2026-10-09,comedSmallBizEfficiency,ComEd Small Business Energy Efficiency (Adjacent Capital — NOT a grant incentive),Utility,corrected,rolling,rolling,adjacentCapitalNote; benefitRange; benefits; contact; contacts; eligibilityRules; fastestConfirmingStep; howToApply; lastVerifiedAt; nextWindow; sourceUrl; statusAsOf; summary; url; whoQualifies,https://www.comed.com/ways-to-save/for-your-business/incentives/small-businesses-facilities,"Rendered primary page and expanded eligibility confirm up to 75%, non-residential demand under 500 kW and an authorized provider. Corrected assessment/installation route and program contact; removed unsupported 90-day filing and stacking claims."
2026-10-09,comedDgSolar,ComEd Distributed Generation Solar + Battery Rebate (Adjacent Capital — NOT a grant incentive),Utility,corrected,rolling,rolling,adjacentCapitalNote; benefitRange; benefitTermsStatus; benefits; lastVerifiedAt; sourceUrl; statusAsOf; summary; whoQualifies,https://www.comed.com/cdn/assets/v3/assets/blt3ebb3fed6084be2a/blt2810b689df2e361f/67741700adc7815acf7dba44/DGRebate_TermsConditions-2024-v2.pdf,"Generation/storage rates depend on customer class, not installed system size. Primary ComEd terms substituted; current tariff/storage details still need administrator confirmation."
2026-10-09,peoplesGasEfficiency,Peoples Gas C&I Energy Efficiency Rebates 2026-2029 (Adjacent Capital — NOT a grant incentive),Utility,scoped_source_review,open,open,,https://www.peoplesgasdelivery.com/savings/business/rebates-ci,Utility program landing page reachable; measure-specific 2026 schedules and current funding require confirmation.
2026-10-09,kivaChicago,Kiva Chicago 0% Microloan (Adjacent Capital — NOT a grant incentive),Nonprofit / CDFI,scoped_source_review,rolling,rolling,,https://www.kiva.org/borrow,"Administrator confirms standard $1K–$15K, zero interest/fees/collateral; repeat-borrower exceptions not a universal cap."
2026-10-09,greenwoodArcher,Greenwood Archer Capital CDFI Loans (Adjacent Capital — NOT a grant incentive),Nonprofit / CDFI,scoped_source_review,rolling,rolling,,https://greenwoodarchercapital.org/,Administrator confirms loans up to $500K; rates and real-estate underwriting remain project-specific.
2026-10-09,alliesCommunityBusiness,Allies for Community Business (A4CB) Term & Revenue-Based Loans (Adjacent Capital — NOT a grant incentive),Nonprofit / CDFI,corrected,rolling,rolling,benefitRange; benefits; eligibilityRules; lastVerifiedAt; statusAsOf; summary; whoQualifies,https://a4cb.org/services/loans/,"Revenue-based repayment updated to 1.25x; service area IL/IN, personal guarantees and product-specific conditions clarified."
2026-10-09,advantageIllinois,Advantage Illinois (AI),State,scoped_source_review,unknown,unknown,,https://dceo.illinois.gov/smallbizassistance/advantageillinois.html,Official source and benefit/type reviewed in same-day DCEO release reconciliation; current intake remains explicit (unknown where unconfirmed). See docs/programs/cdg-nsf-dceo-eit-2026-10-09.md.
2026-10-09,illinoisInvent,Illinois Innovation Venture Fund (INVENT),State,scoped_source_review,unknown,unknown,,https://dceo.illinois.gov/illinoisinvent.html,Official source and benefit/type reviewed in same-day DCEO release reconciliation; current intake remains explicit (unknown where unconfirmed). See docs/programs/cdg-nsf-dceo-eit-2026-10-09.md.
2026-10-09,illinoisClimateBank,Illinois Climate Bank Finance Loan Program,State,scoped_source_review,unknown,unknown,,https://www.illinoisclimatebank.com/financing-programs/developers-contractors/state-small-business-credit-initiative-ssbci/,Official source and benefit/type reviewed in same-day DCEO release reconciliation; current intake remains explicit (unknown where unconfirmed). See docs/programs/cdg-nsf-dceo-eit-2026-10-09.md.
2026-10-09,angelInvestmentCredit,Illinois Angel Investment Tax Credit Program,State,scoped_source_review,unknown,unknown,,https://dceo.illinois.gov/expandrelocate/incentives/taxassistance/angelinvestment.html,Official source and benefit/type reviewed in same-day DCEO release reconciliation; current intake remains explicit (unknown where unconfirmed). See docs/programs/cdg-nsf-dceo-eit-2026-10-09.md.
2026-10-09,illinoisNewMarkets,Illinois New Markets Development Program,State,scoped_source_review,closed,closed,,https://dceo.illinois.gov/expandrelocate/incentives/new-markets.html,Official source and benefit/type reviewed in same-day DCEO release reconciliation; current intake remains explicit (unknown where unconfirmed). See docs/programs/cdg-nsf-dceo-eit-2026-10-09.md.
2026-10-09,illinoisSbirMatch,Illinois SBIR/STTR State Matching Program,State,scoped_source_review,unknown,unknown,,https://dceo.illinois.gov/whyillinois/sbir-sttr-phase1.html,Official source and benefit/type reviewed in same-day DCEO release reconciliation; current intake remains explicit (unknown where unconfirmed). See docs/programs/cdg-nsf-dceo-eit-2026-10-09.md.
2026-10-09,illinoisSbdc,Illinois Small Business Development Centers (SBDCs),State,scoped_source_review,rolling,rolling,,https://dceo.illinois.gov/smallbizassistance/beginhere/sbdc.html,Official source and benefit/type reviewed in same-day DCEO release reconciliation; current intake remains explicit (unknown where unconfirmed). See docs/programs/cdg-nsf-dceo-eit-2026-10-09.md.
2026-10-09,illinoisItc,Illinois International Trade Centers (ITCs),State,scoped_source_review,rolling,rolling,,https://dceo.illinois.gov/smallbizassistance/beginhere/itc.html,Official source and benefit/type reviewed in same-day DCEO release reconciliation; current intake remains explicit (unknown where unconfirmed). See docs/programs/cdg-nsf-dceo-eit-2026-10-09.md.
2026-10-09,illinoisApex,Illinois APEX Accelerators,State,scoped_source_review,rolling,rolling,,https://dceo.illinois.gov/smallbizassistance/beginhere/ptac.html,Official source and benefit/type reviewed in same-day DCEO release reconciliation; current intake remains explicit (unknown where unconfirmed). See docs/programs/cdg-nsf-dceo-eit-2026-10-09.md.
2026-10-09,cejaIncubator,Clean Energy Contractor Incubator Program,State,scoped_source_review,unknown,unknown,,https://dceo.illinois.gov/ceja/ceja-contractor-programs.html,Official source and benefit/type reviewed in same-day DCEO release reconciliation; current intake remains explicit (unknown where unconfirmed). See docs/programs/cdg-nsf-dceo-eit-2026-10-09.md.
2026-10-09,cejaAccelerator,Clean Energy Primes Contractor Accelerator Program,State,scoped_source_review,unknown,unknown,,https://dceo.illinois.gov/ceja/ceja-contractor-programs.html,Official source and benefit/type reviewed in same-day DCEO release reconciliation; current intake remains explicit (unknown where unconfirmed). See docs/programs/cdg-nsf-dceo-eit-2026-10-09.md.
2026-10-09,firstStopBic,First Stop Business Information Center (BIC),State,scoped_source_review,rolling,rolling,,https://dceo.illinois.gov/smallbizassistance/beginhere/businessinformationcenter.html,Official source and benefit/type reviewed in same-day DCEO release reconciliation; current intake remains explicit (unknown where unconfirmed). See docs/programs/cdg-nsf-dceo-eit-2026-10-09.md.
2026-10-09,regulatoryFlexibility,Illinois Regulatory Flexibility Program,State,scoped_source_review,rolling,rolling,,https://dceo.illinois.gov/smallbizassistance/lawsregsandpermitting.html,Official source and benefit/type reviewed in same-day DCEO release reconciliation; current intake remains explicit (unknown where unconfirmed). See docs/programs/cdg-nsf-dceo-eit-2026-10-09.md.
2026-10-09,illinoisSbeap,Small Business Environmental Assistance Program (SBEAP),State,scoped_source_review,rolling,rolling,,https://dceo.illinois.gov/smallbizassistance/environmentalassistanceprogram.html,Official source and benefit/type reviewed in same-day DCEO release reconciliation; current intake remains explicit (unknown where unconfirmed). See docs/programs/cdg-nsf-dceo-eit-2026-10-09.md.
2026-10-09,nsfSeedFund,NSF America’s Seed Fund (SBIR/STTR),Federal,scoped_source_review,unknown,unknown,,https://seedfund.nsf.gov/apply/get-started/,"Official site reviewed: deep-tech R&D, up to $2M across stages, no equity. Competitive pitch/invitation path; not ordinary startup funding. Directory placement last preserved."
2026-10-09,illinoisWetLab,Illinois Wet Lab Capital Program,State,intake_unresolved,closed,closed,,https://dceo.illinois.gov/aboutdceo/entrepreneurshipinnovationtechnology.html,Guide lists inactive/maintenance only; no fresh intake evidence. Historical listing remains behind toggle.
2026-10-09,illinoisIivf,Illinois Innovation Venture Fund (IIVF — SSBCI 1.0),State,intake_unresolved,closed,closed,,https://dceo.illinois.gov/aboutdceo/entrepreneurshipinnovationtechnology.html,Guide lists legacy SSBCI 1.0 inactive; distinct from current INVENT. No fresh intake evidence.
2026-10-09,illinoisEmergencyLoan,Illinois Small Business Emergency Loan Fund (ISBEL),State,scoped_source_review,closed,closed,,https://dceo.illinois.gov/smallbizassistance/illinoissmallbusinessemergencyloanfund.html,DCEO states no additional loans; historical program excluded Chicago. Remains inactive.
