zip,baseline_active_businesses,comparison_active_businesses,retained_businesses,left_or_closed_businesses,new_businesses,business_net_growth_rate,resilience_rate,official_cbp_baseline_year,official_cbp_comparison_year,official_establishments_baseline,official_establishments_comparison,official_employment_baseline,official_employment_comparison,official_employment_growth_rate,official_annual_payroll_baseline,official_annual_payroll_comparison,official_payroll_growth_rate,population,households,median_household_income,resident_spending_power_proxy,permit_count,permit_reported_cost,permit_demolition_count,parcel_count,vacant_parcel_count,commercial_parcel_count,industrial_parcel_count,measurement_notes
60601,1007,784,573,434,211,-0.2214498510427011,0.5690168818272096,2020,2023,2456,2224,94853,83170,-0.1231695360188924,11118179000,11475310000,0.032121357283418445,66930,27888,124251,3465111888,1294,653619804,13,8774,7,808,0,"Business counts are measured from City of Chicago business-license records.; FTE, payroll, wage quality, and multiplier values are modeled estimates by license category, not verified payroll.; Official employment and payroll benchmarks use Census ZIP Business Patterns when available.; Resident spending power uses ACS population and income data; household counts may be estimated when only tract data is available.; Permit and parcel metrics are aggregate ZIP-level public-data signals and do not expose row-level property or owner records."
60602,546,429,310,236,119,-0.21428571428571427,0.5677655677655677,2020,2023,1760,1586,36566,33916,-0.07247169501722912,3093081000,4017667000,0.2989207201492622,36279,15116,114909,1736964444,1703,107282731,17,1772,1,274,0,"Business counts are measured from City of Chicago business-license records.; FTE, payroll, wage quality, and multiplier values are modeled estimates by license category, not verified payroll.; Official employment and payroll benchmarks use Census ZIP Business Patterns when available.; Resident spending power uses ACS population and income data; household counts may be estimated when only tract data is available.; Permit and parcel metrics are aggregate ZIP-level public-data signals and do not expose row-level property or owner records."
60603,677,447,332,345,115,-0.3397341211225997,0.49039881831610044,2020,2023,1634,1363,64489,60606,-0.060211819069918904,8381459000,8741257000,0.04292784824217359,43195,17998,120158,2162603684,608,74208082,3,1797,2,208,0,"Business counts are measured from City of Chicago business-license records.; FTE, payroll, wage quality, and multiplier values are modeled estimates by license category, not verified payroll.; Official employment and payroll benchmarks use Census ZIP Business Patterns when available.; Resident spending power uses ACS population and income data; household counts may be estimated when only tract data is available.; Permit and parcel metrics are aggregate ZIP-level public-data signals and do not expose row-level property or owner records."
60604,335,253,153,182,100,-0.24477611940298508,0.45671641791044776,2020,2023,1028,984,36710,41171,0.12152002179242713,3601260000,4655318000,0.29269144688248,24241,10100,124852,1261005200,1250,239492216,28,805,2,134,0,"Business counts are measured from City of Chicago business-license records.; FTE, payroll, wage quality, and multiplier values are modeled estimates by license category, not verified payroll.; Official employment and payroll benchmarks use Census ZIP Business Patterns when available.; Resident spending power uses ACS population and income data; household counts may be estimated when only tract data is available.; Permit and parcel metrics are aggregate ZIP-level public-data signals and do not expose row-level property or owner records."
60605,641,537,334,307,203,-0.1622464898595944,0.5210608424336973,2020,2023,1074,1087,22861,22820,-0.0017934473557587158,1268321000,2557737000,1.0166322248074422,69374,28906,119416,3451838896,1010,229692753,49,18613,77,581,0,"Business counts are measured from City of Chicago business-license records.; FTE, payroll, wage quality, and multiplier values are modeled estimates by license category, not verified payroll.; Official employment and payroll benchmarks use Census ZIP Business Patterns when available.; Resident spending power uses ACS population and income data; household counts may be estimated when only tract data is available.; Permit and parcel metrics are aggregate ZIP-level public-data signals and do not expose row-level property or owner records."
60606,965,696,491,474,205,-0.2787564766839378,0.5088082901554404,2020,2023,3376,3257,173687,203655,0.17254025920189767,19426097000,28765891000,0.480785924213186,54117,22549,139799,3152327651,406,65802482,1,2510,5,290,0,"Business counts are measured from City of Chicago business-license records.; FTE, payroll, wage quality, and multiplier values are modeled estimates by license category, not verified payroll.; Official employment and payroll benchmarks use Census ZIP Business Patterns when available.; Resident spending power uses ACS population and income data; household counts may be estimated when only tract data is available.; Permit and parcel metrics are aggregate ZIP-level public-data signals and do not expose row-level property or owner records."
60607,1158,1174,670,488,504,0.013816925734024179,0.5785837651122625,2020,2023,1974,2127,54379,68600,0.261516394196289,4900857000,8186186000,0.6703580618655064,93159,38816,127012,4930097792,1826,266655057,58,17519,205,1057,8,"Business counts are measured from City of Chicago business-license records.; FTE, payroll, wage quality, and multiplier values are modeled estimates by license category, not verified payroll.; Official employment and payroll benchmarks use Census ZIP Business Patterns when available.; Resident spending power uses ACS population and income data; household counts may be estimated when only tract data is available.; Permit and parcel metrics are aggregate ZIP-level public-data signals and do not expose row-level property or owner records."
60608,1481,1418,905,576,513,-0.042538825118163405,0.6110735989196489,2020,2023,1424,1480,27075,29377,0.08502308402585411,1300253000,1778999000,0.3681944975324033,125444,52268,77147,4032319396,11,412186,0,18852,635,1653,62,"Business counts are measured from City of Chicago business-license records.; FTE, payroll, wage quality, and multiplier values are modeled estimates by license category, not verified payroll.; Official employment and payroll benchmarks use Census ZIP Business Patterns when available.; Resident spending power uses ACS population and income data; household counts may be estimated when only tract data is available.; Permit and parcel metrics are aggregate ZIP-level public-data signals and do not expose row-level property or owner records."
60609,1704,1962,1061,643,901,0.15140845070422534,0.6226525821596244,2020,2023,987,1034,17049,18440,0.08158836295383894,837086000,1127132000,0.3464948643269628,118930,49554,74377,3685677858,1396,1272315744,19,19885,2737,1878,52,"Business counts are measured from City of Chicago business-license records.; FTE, payroll, wage quality, and multiplier values are modeled estimates by license category, not verified payroll.; Official employment and payroll benchmarks use Census ZIP Business Patterns when available.; Resident spending power uses ACS population and income data; household counts may be estimated when only tract data is available.; Permit and parcel metrics are aggregate ZIP-level public-data signals and do not expose row-level property or owner records."
60610,803,675,431,372,244,-0.15940224159402241,0.5367372353673724,2020,2023,1572,1465,27037,24563,-0.09150423493730814,1185308000,1503632000,0.2685580456725172,130617,54424,128296,6982381504,197,530419936,0,18867,92,394,4,"Business counts are measured from City of Chicago business-license records.; FTE, payroll, wage quality, and multiplier values are modeled estimates by license category, not verified payroll.; Official employment and payroll benchmarks use Census ZIP Business Patterns when available.; Resident spending power uses ACS population and income data; household counts may be estimated when only tract data is available.; Permit and parcel metrics are aggregate ZIP-level public-data signals and do not expose row-level property or owner records."
60611,1166,976,637,529,339,-0.16295025728987994,0.5463121783876501,2020,2023,2892,2784,92459,89024,-0.037151602331844384,7835482000,8038436000,0.0259019164360278,82275,34281,123490,4233360690,1458,213387730,34,27529,26,1062,0,"Business counts are measured from City of Chicago business-license records.; FTE, payroll, wage quality, and multiplier values are modeled estimates by license category, not verified payroll.; Official employment and payroll benchmarks use Census ZIP Business Patterns when available.; Resident spending power uses ACS population and income data; household counts may be estimated when only tract data is available.; Permit and parcel metrics are aggregate ZIP-level public-data signals and do not expose row-level property or owner records."
60612,787,759,458,329,301,-0.035578144853875476,0.5819567979669632,2020,2023,1003,1074,36565,44360,0.21318200464925474,2870181000,4008988000,0.3967718412183761,123653,51522,105046,5412180012,1076,80315634,13,12738,1196,1681,20,"Business counts are measured from City of Chicago business-license records.; FTE, payroll, wage quality, and multiplier values are modeled estimates by license category, not verified payroll.; Official employment and payroll benchmarks use Census ZIP Business Patterns when available.; Resident spending power uses ACS population and income data; household counts may be estimated when only tract data is available.; Permit and parcel metrics are aggregate ZIP-level public-data signals and do not expose row-level property or owner records."
60613,822,815,464,358,351,-0.00851581508515815,0.5644768856447688,2020,2023,1214,1278,14906,15412,0.03394606198846102,991447000,1052463000,0.061542371906919885,101731,42388,109509,4641867492,1130,1988389216,1,19584,73,431,0,"Business counts are measured from City of Chicago business-license records.; FTE, payroll, wage quality, and multiplier values are modeled estimates by license category, not verified payroll.; Official employment and payroll benchmarks use Census ZIP Business Patterns when available.; Resident spending power uses ACS population and income data; household counts may be estimated when only tract data is available.; Permit and parcel metrics are aggregate ZIP-level public-data signals and do not expose row-level property or owner records."
60614,1222,1186,704,518,482,-0.029459901800327332,0.5761047463175123,2020,2023,2194,2213,30287,27556,-0.09017070030045894,1102917000,1418890000,0.28648846649385223,125782,52409,141175,7398840575,1079,61235923,12,28431,260,917,14,"Business counts are measured from City of Chicago business-license records.; FTE, payroll, wage quality, and multiplier values are modeled estimates by license category, not verified payroll.; Official employment and payroll benchmarks use Census ZIP Business Patterns when available.; Resident spending power uses ACS population and income data; household counts may be estimated when only tract data is available.; Permit and parcel metrics are aggregate ZIP-level public-data signals and do not expose row-level property or owner records."
60615,409,367,196,213,171,-0.10268948655256724,0.4792176039119804,2020,2023,626,651,6494,7045,0.08484755158607946,301938000,361443000,0.19707688333366452,72299,30125,74973,2258561625,1423,245990584,67,9824,295,157,0,"Business counts are measured from City of Chicago business-license records.; FTE, payroll, wage quality, and multiplier values are modeled estimates by license category, not verified payroll.; Official employment and payroll benchmarks use Census ZIP Business Patterns when available.; Resident spending power uses ACS population and income data; household counts may be estimated when only tract data is available.; Permit and parcel metrics are aggregate ZIP-level public-data signals and do not expose row-level property or owner records."
60616,931,892,508,423,384,-0.04189044038668099,0.5456498388829216,2020,2023,1330,1347,23335,24459,0.04816798800085708,966786000,1474336000,0.5249869154083737,117567,48986,96880,4745763680,507,51359718,7,20883,402,1035,5,"Business counts are measured from City of Chicago business-license records.; FTE, payroll, wage quality, and multiplier values are modeled estimates by license category, not verified payroll.; Official employment and payroll benchmarks use Census ZIP Business Patterns when available.; Resident spending power uses ACS population and income data; household counts may be estimated when only tract data is available.; Permit and parcel metrics are aggregate ZIP-level public-data signals and do not expose row-level property or owner records."
60617,800,729,452,348,277,-0.08875,0.565,2020,2023,772,768,9339,9915,0.06167683906199807,439517000,561175000,0.2767993046912861,101797,42415,56555,2398780325,978,415851450,30,28173,1733,1402,19,"Business counts are measured from City of Chicago business-license records.; FTE, payroll, wage quality, and multiplier values are modeled estimates by license category, not verified payroll.; Official employment and payroll benchmarks use Census ZIP Business Patterns when available.; Resident spending power uses ACS population and income data; household counts may be estimated when only tract data is available.; Permit and parcel metrics are aggregate ZIP-level public-data signals and do not expose row-level property or owner records."
60618,1612,1470,884,728,586,-0.0880893300248139,0.5483870967741935,2020,2023,2062,2133,21136,20260,-0.041445874337623013,954297000,1144513000,0.19932578641659776,149538,62308,107122,6674557576,851,257805288,26,24922,152,1510,12,"Business counts are measured from City of Chicago business-license records.; FTE, payroll, wage quality, and multiplier values are modeled estimates by license category, not verified payroll.; Official employment and payroll benchmarks use Census ZIP Business Patterns when available.; Resident spending power uses ACS population and income data; household counts may be estimated when only tract data is available.; Permit and parcel metrics are aggregate ZIP-level public-data signals and do not expose row-level property or owner records."
60619,763,667,362,401,305,-0.1258191349934469,0.4744429882044561,2020,2023,555,565,4850,6093,0.25628865979381443,174292000,264217000,0.5159445069194226,103296,43040,58508,2518184320,510,50330310,6,20332,1123,913,0,"Business counts are measured from City of Chicago business-license records.; FTE, payroll, wage quality, and multiplier values are modeled estimates by license category, not verified payroll.; Official employment and payroll benchmarks use Census ZIP Business Patterns when available.; Resident spending power uses ACS population and income data; household counts may be estimated when only tract data is available.; Permit and parcel metrics are aggregate ZIP-level public-data signals and do not expose row-level property or owner records."
60620,711,572,330,381,242,-0.19549929676511954,0.4641350210970464,2020,2023,548,546,7006,7319,0.04467599200685127,246724000,319093000,0.2933196608355896,96745,40310,58510,2358538100,884,121079588,20,20944,1166,1172,14,"Business counts are measured from City of Chicago business-license records.; FTE, payroll, wage quality, and multiplier values are modeled estimates by license category, not verified payroll.; Official employment and payroll benchmarks use Census ZIP Business Patterns when available.; Resident spending power uses ACS population and income data; household counts may be estimated when only tract data is available.; Permit and parcel metrics are aggregate ZIP-level public-data signals and do not expose row-level property or owner records."
60621,230,186,90,140,96,-0.19130434782608696,0.391304347826087,2020,2023,206,208,3406,3833,0.12536699941280094,165162000,184164000,0.11505067751662004,37430,15596,31623,493192308,2438,1042791835,2,12425,2971,403,0,"Business counts are measured from City of Chicago business-license records.; FTE, payroll, wage quality, and multiplier values are modeled estimates by license category, not verified payroll.; Official employment and payroll benchmarks use Census ZIP Business Patterns when available.; Resident spending power uses ACS population and income data; household counts may be estimated when only tract data is available.; Permit and parcel metrics are aggregate ZIP-level public-data signals and do not expose row-level property or owner records."
60622,1246,1158,678,568,480,-0.07062600321027288,0.5441412520064205,2020,2023,1960,1956,25172,25035,-0.00544255522008581,1120188000,1472453000,0.3144695354708317,127232,53013,142453,7551860889,1389,161012760,33,17241,197,1000,2,"Business counts are measured from City of Chicago business-license records.; FTE, payroll, wage quality, and multiplier values are modeled estimates by license category, not verified payroll.; Official employment and payroll benchmarks use Census ZIP Business Patterns when available.; Resident spending power uses ACS population and income data; household counts may be estimated when only tract data is available.; Permit and parcel metrics are aggregate ZIP-level public-data signals and do not expose row-level property or owner records."
60623,1026,943,589,437,354,-0.08089668615984405,0.5740740740740741,2020,2023,819,819,11706,12534,0.07073295745771399,546973000,813588000,0.4874372226782675,105241,43850,55515,2434332750,1713,188498488,133,17103,1568,1005,15,"Business counts are measured from City of Chicago business-license records.; FTE, payroll, wage quality, and multiplier values are modeled estimates by license category, not verified payroll.; Official employment and payroll benchmarks use Census ZIP Business Patterns when available.; Resident spending power uses ACS population and income data; household counts may be estimated when only tract data is available.; Permit and parcel metrics are aggregate ZIP-level public-data signals and do not expose row-level property or owner records."
60624,422,373,185,237,188,-0.11611374407582939,0.43838862559241704,2020,2023,368,354,6423,6140,-0.044060407909076754,287708000,355509000,0.23565907100254424,67558,28149,47230,1329477270,969,120366181,4,10258,1671,888,11,"Business counts are measured from City of Chicago business-license records.; FTE, payroll, wage quality, and multiplier values are modeled estimates by license category, not verified payroll.; Official employment and payroll benchmarks use Census ZIP Business Patterns when available.; Resident spending power uses ACS population and income data; household counts may be estimated when only tract data is available.; Permit and parcel metrics are aggregate ZIP-level public-data signals and do not expose row-level property or owner records."
60625,1004,987,600,404,387,-0.01693227091633466,0.5976095617529881,2020,2023,1278,1289,12657,12820,0.012878249190171446,506191000,624038000,0.23281133011057092,105444,43935,87881,3861051735,731,126943011,3,17455,59,842,0,"Business counts are measured from City of Chicago business-license records.; FTE, payroll, wage quality, and multiplier values are modeled estimates by license category, not verified payroll.; Official employment and payroll benchmarks use Census ZIP Business Patterns when available.; Resident spending power uses ACS population and income data; household counts may be estimated when only tract data is available.; Permit and parcel metrics are aggregate ZIP-level public-data signals and do not expose row-level property or owner records."
60626,496,475,269,227,206,-0.04233870967741935,0.5423387096774194,2020,2023,553,555,7644,7775,0.017137624280481423,396926000,486971000,0.22685588749540217,80890,33704,68753,2317251112,547,184707592,2,10539,36,335,0,"Business counts are measured from City of Chicago business-license records.; FTE, payroll, wage quality, and multiplier values are modeled estimates by license category, not verified payroll.; Official employment and payroll benchmarks use Census ZIP Business Patterns when available.; Resident spending power uses ACS population and income data; household counts may be estimated when only tract data is available.; Permit and parcel metrics are aggregate ZIP-level public-data signals and do not expose row-level property or owner records."
60628,627,540,315,312,225,-0.13875598086124402,0.5023923444976076,2020,2023,504,511,7095,7654,0.07878787878787878,303086000,384258000,0.2678183749826782,97391,40580,55046,2233766680,294,130080603,0,27200,2534,1027,11,"Business counts are measured from City of Chicago business-license records.; FTE, payroll, wage quality, and multiplier values are modeled estimates by license category, not verified payroll.; Official employment and payroll benchmarks use Census ZIP Business Patterns when available.; Resident spending power uses ACS population and income data; household counts may be estimated when only tract data is available.; Permit and parcel metrics are aggregate ZIP-level public-data signals and do not expose row-level property or owner records."
60629,854,824,485,369,339,-0.0351288056206089,0.5679156908665105,2020,2023,899,981,7910,8370,0.05815423514538559,360214000,424631000,0.17882980672600177,140840,58683,62962,3694799046,792,75056777,44,25088,371,975,1,"Business counts are measured from City of Chicago business-license records.; FTE, payroll, wage quality, and multiplier values are modeled estimates by license category, not verified payroll.; Official employment and payroll benchmarks use Census ZIP Business Patterns when available.; Resident spending power uses ACS population and income data; household counts may be estimated when only tract data is available.; Permit and parcel metrics are aggregate ZIP-level public-data signals and do not expose row-level property or owner records."
60630,792,695,467,325,228,-0.12247474747474747,0.5896464646464646,2020,2023,1168,1153,9276,9520,0.02630444156964209,397630000,415182000,0.04414153861630159,103436,43098,97633,4207787034,1150,100103041,19,17267,79,983,11,"Business counts are measured from City of Chicago business-license records.; FTE, payroll, wage quality, and multiplier values are modeled estimates by license category, not verified payroll.; Official employment and payroll benchmarks use Census ZIP Business Patterns when available.; Resident spending power uses ACS population and income data; household counts may be estimated when only tract data is available.; Permit and parcel metrics are aggregate ZIP-level public-data signals and do not expose row-level property or owner records."
60631,401,338,215,186,123,-0.1571072319201995,0.5361596009975063,2020,2023,965,970,23737,23781,0.0018536462063445255,1955586000,2333509000,0.19325307094650912,58653,24439,115979,2834410781,1153,2211303366,5,11302,42,339,0,"Business counts are measured from City of Chicago business-license records.; FTE, payroll, wage quality, and multiplier values are modeled estimates by license category, not verified payroll.; Official employment and payroll benchmarks use Census ZIP Business Patterns when available.; Resident spending power uses ACS population and income data; household counts may be estimated when only tract data is available.; Permit and parcel metrics are aggregate ZIP-level public-data signals and do not expose row-level property or owner records."
60632,1165,1118,732,433,386,-0.04034334763948498,0.6283261802575107,2020,2023,1265,1295,18621,20101,0.07948015681220127,872045000,1094368000,0.25494441227230247,135981,56659,68900,3903805100,1495,333125194,40,19199,399,1733,20,"Business counts are measured from City of Chicago business-license records.; FTE, payroll, wage quality, and multiplier values are modeled estimates by license category, not verified payroll.; Official employment and payroll benchmarks use Census ZIP Business Patterns when available.; Resident spending power uses ACS population and income data; household counts may be estimated when only tract data is available.; Permit and parcel metrics are aggregate ZIP-level public-data signals and do not expose row-level property or owner records."
60633,84,84,53,31,31,0,0.6309523809523809,2020,2023,146,148,9466,10315,0.08968941474751743,538134000,753294000,0.39982606562677697,20539,8558,64748,554113384,2196,424821690,88,5746,467,426,9,"Business counts are measured from City of Chicago business-license records.; FTE, payroll, wage quality, and multiplier values are modeled estimates by license category, not verified payroll.; Official employment and payroll benchmarks use Census ZIP Business Patterns when available.; Resident spending power uses ACS population and income data; household counts may be estimated when only tract data is available.; Permit and parcel metrics are aggregate ZIP-level public-data signals and do not expose row-level property or owner records."
60634,857,799,499,358,300,-0.0676779463243874,0.5822637106184364,2020,2023,1515,1525,9267,9038,-0.0247113413186576,357827000,427864000,0.19572866217473808,125127,52136,87973,4586560328,22,227545,0,23013,59,870,3,"Business counts are measured from City of Chicago business-license records.; FTE, payroll, wage quality, and multiplier values are modeled estimates by license category, not verified payroll.; Official employment and payroll benchmarks use Census ZIP Business Patterns when available.; Resident spending power uses ACS population and income data; household counts may be estimated when only tract data is available.; Permit and parcel metrics are aggregate ZIP-level public-data signals and do not expose row-level property or owner records."
60636,401,388,214,187,174,-0.032418952618453865,0.5336658354114713,2020,2023,312,312,3723,3505,-0.058554928820843406,135221000,149086000,0.10253584872172222,71824,29927,46136,1380712072,1469,63359927,10,15326,2900,1028,3,"Business counts are measured from City of Chicago business-license records.; FTE, payroll, wage quality, and multiplier values are modeled estimates by license category, not verified payroll.; Official employment and payroll benchmarks use Census ZIP Business Patterns when available.; Resident spending power uses ACS population and income data; household counts may be estimated when only tract data is available.; Permit and parcel metrics are aggregate ZIP-level public-data signals and do not expose row-level property or owner records."
60637,328,303,168,160,135,-0.07621951219512195,0.5121951219512195,2020,2023,429,450,30905,31368,0.014981394596343635,2087198000,2661403000,0.2751080635378148,67288,28037,56571,1586081127,1286,380225877,38,11265,797,379,0,"Business counts are measured from City of Chicago business-license records.; FTE, payroll, wage quality, and multiplier values are modeled estimates by license category, not verified payroll.; Official employment and payroll benchmarks use Census ZIP Business Patterns when available.; Resident spending power uses ACS population and income data; household counts may be estimated when only tract data is available.; Permit and parcel metrics are aggregate ZIP-level public-data signals and do not expose row-level property or owner records."
60638,524,484,325,199,159,-0.07633587786259542,0.6202290076335878,2020,2023,1253,1256,35967,37741,0.049322990519086944,1964958000,2286113000,0.1634411524317568,75824,31593,83894,2650463142,500,53707146,8,21135,310,1404,166,"Business counts are measured from City of Chicago business-license records.; FTE, payroll, wage quality, and multiplier values are modeled estimates by license category, not verified payroll.; Official employment and payroll benchmarks use Census ZIP Business Patterns when available.; Resident spending power uses ACS population and income data; household counts may be estimated when only tract data is available.; Permit and parcel metrics are aggregate ZIP-level public-data signals and do not expose row-level property or owner records."
60639,1374,1307,858,516,449,-0.0487627365356623,0.6244541484716157,2020,2023,1196,1214,15786,15433,-0.022361586215634107,894808000,874461000,-0.02273895629006446,162064,67527,69563,4697380701,1048,50531463,12,16940,203,1968,16,"Business counts are measured from City of Chicago business-license records.; FTE, payroll, wage quality, and multiplier values are modeled estimates by license category, not verified payroll.; Official employment and payroll benchmarks use Census ZIP Business Patterns when available.; Resident spending power uses ACS population and income data; household counts may be estimated when only tract data is available.; Permit and parcel metrics are aggregate ZIP-level public-data signals and do not expose row-level property or owner records."
60640,943,874,511,432,363,-0.07317073170731707,0.5418875927889714,2020,2023,1484,1545,16579,17714,0.06846010012666627,636411000,897965000,0.41098283970578764,90439,37683,80984,3051720072,1580,304666421,78,18382,62,555,1,"Business counts are measured from City of Chicago business-license records.; FTE, payroll, wage quality, and multiplier values are modeled estimates by license category, not verified payroll.; Official employment and payroll benchmarks use Census ZIP Business Patterns when available.; Resident spending power uses ACS population and income data; household counts may be estimated when only tract data is available.; Permit and parcel metrics are aggregate ZIP-level public-data signals and do not expose row-level property or owner records."
60641,865,895,542,323,353,0.03468208092485549,0.6265895953757226,2020,2023,1353,1350,15644,12906,-0.1750191766811557,558350000,601657000,0.07756246082206501,117268,48862,88558,4327120996,657,148493432,6,16671,87,1262,2,"Business counts are measured from City of Chicago business-license records.; FTE, payroll, wage quality, and multiplier values are modeled estimates by license category, not verified payroll.; Official employment and payroll benchmarks use Census ZIP Business Patterns when available.; Resident spending power uses ACS population and income data; household counts may be estimated when only tract data is available.; Permit and parcel metrics are aggregate ZIP-level public-data signals and do not expose row-level property or owner records."
60642,549,513,288,261,225,-0.06557377049180328,0.5245901639344263,2020,2023,1013,999,19605,21425,0.09283346085182352,1130773000,1522575000,0.34649040965781813,61816,25757,151220,3894973540,1188,62430213,21,8087,199,863,15,"Business counts are measured from City of Chicago business-license records.; FTE, payroll, wage quality, and multiplier values are modeled estimates by license category, not verified payroll.; Official employment and payroll benchmarks use Census ZIP Business Patterns when available.; Resident spending power uses ACS population and income data; household counts may be estimated when only tract data is available.; Permit and parcel metrics are aggregate ZIP-level public-data signals and do not expose row-level property or owner records."
60643,525,501,284,241,217,-0.045714285714285714,0.540952380952381,2020,2023,641,689,7298,9019,0.23581803233762674,245355000,347228000,0.4152065374661205,71169,29654,85982,2549710228,1082,113096531,21,20622,1111,897,1,"Business counts are measured from City of Chicago business-license records.; FTE, payroll, wage quality, and multiplier values are modeled estimates by license category, not verified payroll.; Official employment and payroll benchmarks use Census ZIP Business Patterns when available.; Resident spending power uses ACS population and income data; household counts may be estimated when only tract data is available.; Permit and parcel metrics are aggregate ZIP-level public-data signals and do not expose row-level property or owner records."
60644,437,389,206,231,183,-0.10983981693363844,0.47139588100686497,2020,2023,374,393,5635,5433,-0.035847382431233366,266571000,296649000,0.11283297883115567,56631,23596,56931,1343343876,944,38608606,0,9682,846,581,5,"Business counts are measured from City of Chicago business-license records.; FTE, payroll, wage quality, and multiplier values are modeled estimates by license category, not verified payroll.; Official employment and payroll benchmarks use Census ZIP Business Patterns when available.; Resident spending power uses ACS population and income data; household counts may be estimated when only tract data is available.; Permit and parcel metrics are aggregate ZIP-level public-data signals and do not expose row-level property or owner records."
60645,291,268,158,133,110,-0.07903780068728522,0.5429553264604811,2020,2023,529,565,3856,4307,0.11696058091286307,142972000,204021000,0.42699969224743306,76137,31724,76747,2434721828,2292,868052311,0,11782,68,284,0,"Business counts are measured from City of Chicago business-license records.; FTE, payroll, wage quality, and multiplier values are modeled estimates by license category, not verified payroll.; Official employment and payroll benchmarks use Census ZIP Business Patterns when available.; Resident spending power uses ACS population and income data; household counts may be estimated when only tract data is available.; Permit and parcel metrics are aggregate ZIP-level public-data signals and do not expose row-level property or owner records."
60646,411,356,221,190,135,-0.13381995133819952,0.537712895377129,2020,2023,840,802,9155,8214,-0.10278536318951392,358288000,427823000,0.19407571562541867,50720,21133,112956,2387099148,278,27955768,6,10252,49,528,4,"Business counts are measured from City of Chicago business-license records.; FTE, payroll, wage quality, and multiplier values are modeled estimates by license category, not verified payroll.; Official employment and payroll benchmarks use Census ZIP Business Patterns when available.; Resident spending power uses ACS population and income data; household counts may be estimated when only tract data is available.; Permit and parcel metrics are aggregate ZIP-level public-data signals and do not expose row-level property or owner records."
60647,1331,1334,771,560,563,0.002253944402704733,0.5792637114951165,2020,2023,1912,2060,17803,18625,0.04617199348424423,592729000,848121000,0.43087481800283095,194091,80871,110527,8938429017,45,19363124,5,23452,298,1210,15,"Business counts are measured from City of Chicago business-license records.; FTE, payroll, wage quality, and multiplier values are modeled estimates by license category, not verified payroll.; Official employment and payroll benchmarks use Census ZIP Business Patterns when available.; Resident spending power uses ACS population and income data; household counts may be estimated when only tract data is available.; Permit and parcel metrics are aggregate ZIP-level public-data signals and do not expose row-level property or owner records."
60649,446,347,191,255,156,-0.2219730941704036,0.4282511210762332,2020,2023,350,351,5024,4778,-0.048964968152866245,199526000,231687000,0.16118701322133455,80889,33704,49899,1681795896,1618,287454356,36,9841,362,413,0,"Business counts are measured from City of Chicago business-license records.; FTE, payroll, wage quality, and multiplier values are modeled estimates by license category, not verified payroll.; Official employment and payroll benchmarks use Census ZIP Business Patterns when available.; Resident spending power uses ACS population and income data; household counts may be estimated when only tract data is available.; Permit and parcel metrics are aggregate ZIP-level public-data signals and do not expose row-level property or owner records."
60651,699,670,360,339,310,-0.04148783977110158,0.5150214592274678,2020,2023,526,583,5924,6154,0.03882511816340311,227440000,342042000,0.5038779458318677,100138,41724,59230,2471312520,994,285601803,20,13668,579,950,3,"Business counts are measured from City of Chicago business-license records.; FTE, payroll, wage quality, and multiplier values are modeled estimates by license category, not verified payroll.; Official employment and payroll benchmarks use Census ZIP Business Patterns when available.; Resident spending power uses ACS population and income data; household counts may be estimated when only tract data is available.; Permit and parcel metrics are aggregate ZIP-level public-data signals and do not expose row-level property or owner records."
60652,392,342,189,203,153,-0.12755102040816327,0.48214285714285715,2020,2023,456,467,6101,5715,-0.06326831666939846,265172000,297527000,0.12201514488709216,52799,22000,85292,1876424000,568,290113358,0,13699,100,480,11,"Business counts are measured from City of Chicago business-license records.; FTE, payroll, wage quality, and multiplier values are modeled estimates by license category, not verified payroll.; Official employment and payroll benchmarks use Census ZIP Business Patterns when available.; Resident spending power uses ACS population and income data; household counts may be estimated when only tract data is available.; Permit and parcel metrics are aggregate ZIP-level public-data signals and do not expose row-level property or owner records."
60653,308,318,145,163,173,0.032467532467532464,0.4707792207792208,2020,2023,319,343,3080,3171,0.029545454545454545,99300000,132510000,0.33444108761329305,66005,27502,64040,1761228080,309,16031317,7,8825,599,271,0,"Business counts are measured from City of Chicago business-license records.; FTE, payroll, wage quality, and multiplier values are modeled estimates by license category, not verified payroll.; Official employment and payroll benchmarks use Census ZIP Business Patterns when available.; Resident spending power uses ACS population and income data; household counts may be estimated when only tract data is available.; Permit and parcel metrics are aggregate ZIP-level public-data signals and do not expose row-level property or owner records."
60654,889,732,421,468,311,-0.1766029246344207,0.4735658042744657,2020,2023,2254,2224,69072,68006,-0.01543317118369238,8101943000,9364404000,0.15582200467221258,85489,35620,128881,4590741220,2029,326888481,125,14858,41,833,0,"Business counts are measured from City of Chicago business-license records.; FTE, payroll, wage quality, and multiplier values are modeled estimates by license category, not verified payroll.; Official employment and payroll benchmarks use Census ZIP Business Patterns when available.; Resident spending power uses ACS population and income data; household counts may be estimated when only tract data is available.; Permit and parcel metrics are aggregate ZIP-level public-data signals and do not expose row-level property or owner records."
60655,199,197,121,78,76,-0.010050251256281407,0.6080402010050251,2020,2023,306,306,4051,3995,-0.013823747222907924,128891000,159508000,0.2375417988843286,28586,11911,113595,1353030045,1130,1852617147,5,11077,84,272,0,"Business counts are measured from City of Chicago business-license records.; FTE, payroll, wage quality, and multiplier values are modeled estimates by license category, not verified payroll.; Official employment and payroll benchmarks use Census ZIP Business Patterns when available.; Resident spending power uses ACS population and income data; household counts may be estimated when only tract data is available.; Permit and parcel metrics are aggregate ZIP-level public-data signals and do not expose row-level property or owner records."
60656,195,170,115,80,55,-0.1282051282051282,0.5897435897435898,2020,2023,634,635,5466,5140,-0.059641419685327476,316977000,365466000,0.15297324411550364,42004,17502,104500,1828959000,830,134994089,7,9854,13,217,0,"Business counts are measured from City of Chicago business-license records.; FTE, payroll, wage quality, and multiplier values are modeled estimates by license category, not verified payroll.; Official employment and payroll benchmarks use Census ZIP Business Patterns when available.; Resident spending power uses ACS population and income data; household counts may be estimated when only tract data is available.; Permit and parcel metrics are aggregate ZIP-level public-data signals and do not expose row-level property or owner records."
60657,960,961,543,417,418,0.0010416666666666667,0.565625,2020,2023,1891,1887,21808,20985,-0.03773844460748349,952493000,1266850000,0.3300360212620985,87835,36598,124059,4540311282,881,79602629,65,24436,68,694,0,"Business counts are measured from City of Chicago business-license records.; FTE, payroll, wage quality, and multiplier values are modeled estimates by license category, not verified payroll.; Official employment and payroll benchmarks use Census ZIP Business Patterns when available.; Resident spending power uses ACS population and income data; household counts may be estimated when only tract data is available.; Permit and parcel metrics are aggregate ZIP-level public-data signals and do not expose row-level property or owner records."
60659,708,649,406,302,243,-0.08333333333333333,0.5734463276836158,2020,2023,942,923,9763,9683,-0.008194202601659326,297589000,403642000,0.35637405952504964,92236,38432,71145,2734244640,1233,317210916,41,9546,17,681,0,"Business counts are measured from City of Chicago business-license records.; FTE, payroll, wage quality, and multiplier values are modeled estimates by license category, not verified payroll.; Official employment and payroll benchmarks use Census ZIP Business Patterns when available.; Resident spending power uses ACS population and income data; household counts may be estimated when only tract data is available.; Permit and parcel metrics are aggregate ZIP-level public-data signals and do not expose row-level property or owner records."
60660,409,407,230,179,177,-0.004889975550122249,0.5623471882640587,2020,2023,667,678,10386,11098,0.06855382245330252,341577000,422353000,0.23647962245701554,84906,35378,73112,2586556336,586,110681214,3,11954,19,281,0,"Business counts are measured from City of Chicago business-license records.; FTE, payroll, wage quality, and multiplier values are modeled estimates by license category, not verified payroll.; Official employment and payroll benchmarks use Census ZIP Business Patterns when available.; Resident spending power uses ACS population and income data; household counts may be estimated when only tract data is available.; Permit and parcel metrics are aggregate ZIP-level public-data signals and do not expose row-level property or owner records."
60661,351,292,185,166,107,-0.16809116809116809,0.5270655270655271,2020,2023,1124,1083,42287,64670,0.5293116087686524,5084895000,9150514000,0.7995482699249443,38135,15890,150538,2392048820,936,75664154,9,6150,28,372,0,"Business counts are measured from City of Chicago business-license records.; FTE, payroll, wage quality, and multiplier values are modeled estimates by license category, not verified payroll.; Official employment and payroll benchmarks use Census ZIP Business Patterns when available.; Resident spending power uses ACS population and income data; household counts may be estimated when only tract data is available.; Permit and parcel metrics are aggregate ZIP-level public-data signals and do not expose row-level property or owner records."
60666,86,98,65,21,33,0.13953488372093023,0.7558139534883721,2020,2023,214,212,36630,37159,0.014441714441714442,2027511000,2895955000,0.42833010523740683,10871,4530,79566,360433980,842,141110735,11,18,0,14,0,"Business counts are measured from City of Chicago business-license records.; FTE, payroll, wage quality, and multiplier values are modeled estimates by license category, not verified payroll.; Official employment and payroll benchmarks use Census ZIP Business Patterns when available.; Resident spending power uses ACS population and income data; household counts may be estimated when only tract data is available.; Permit and parcel metrics are aggregate ZIP-level public-data signals and do not expose row-level property or owner records."
60707,243,196,114,129,82,-0.1934156378600823,0.4691358024691358,2020,2023,780,783,6718,6357,-0.05373623102113724,265456000,296581000,0.11725106985715147,41484,17285,83642,1445751970,594,37663863,6,13936,55,599,1,"Business counts are measured from City of Chicago business-license records.; FTE, payroll, wage quality, and multiplier values are modeled estimates by license category, not verified payroll.; Official employment and payroll benchmarks use Census ZIP Business Patterns when available.; Resident spending power uses ACS population and income data; household counts may be estimated when only tract data is available.; Permit and parcel metrics are aggregate ZIP-level public-data signals and do not expose row-level property or owner records."
60827,41,35,19,22,16,-0.14634146341463414,0.4634146341463415,2020,2023,207,217,2275,2241,-0.014945054945054945,106837000,121656000,0.1387066278536462,7518,3133,16990,53229670,952,310853737,4,8742,460,506,14,"Business counts are measured from City of Chicago business-license records.; FTE, payroll, wage quality, and multiplier values are modeled estimates by license category, not verified payroll.; Official employment and payroll benchmarks use Census ZIP Business Patterns when available.; Resident spending power uses ACS population and income data; household counts may be estimated when only tract data is available.; Permit and parcel metrics are aggregate ZIP-level public-data signals and do not expose row-level property or owner records."
