program,tier,round,recipient,address,amount,log_line,source_url
Community Development Grant,large,Spring 2022,Blue Tin Production,3055 W 63rd Street,1750000,"Construct an apparel-manufacturing cooperative run by immigrant, refugee, and women of color workers with a co-working space and community room on the first floor.",ellen-sheet-2022
Community Development Grant,large,Spring 2022,Carnitas Uruapan,3801 W 26th Street,1184300,"Renovate existing Concordia building with 6,000-square-foot ground floor restaurant and 6-8 multifamily units.",ellen-sheet-2022
Community Development Grant,large,Spring 2022,Esperanza Health,4720 S California Ave,4200000,"Build a 43,000-square-foot neighborhood health campus with medical and behavioral health services, senior programming, a family medicine residency program with Rush University and indoor and outdoor spaces for health, learning and recreation.",ellen-sheet-2022
Community Development Grant,large,Spring 2022,Friend Health,700 E 63rd Street,2500000,"Build a new 20,000-square-foot immediate care facility, dental suite, community health resource center, administrative and executive offices, a Health Tech Incubator and a 70-car parking garage.",ellen-sheet-2022
Community Development Grant,large,Spring 2022,Humboldt Park Health,2933 W Division Street,2500000,"Construct a wellness center offering workout and swimming facilities, fitness training, exercise classes, a rehabilitation and sports medicine clinic and more.",ellen-sheet-2022
Community Development Grant,large,Spring 2022,Lindo Michoacan,3142 W Lawrence Ave,375000,Complete interior renovation of existing grocery store and exterior façade improvements.,ellen-sheet-2022
Community Development Grant,large,Spring 2022,Overton Center of Excellence,221 E 49th Street,5000000,"Transform the Overton School into flexible office space for entrepreneurs and nonprofits focused in the areas of CHANGE (Climate, Health, Arts & Culture, Next Generation, Growth and Education).",ellen-sheet-2022
Community Development Grant,large,Spring 2022,PODER Learning Center,3357 W 55th Street,2750000,Create an immigrant integration and job training center with English and workforce development and a community plaza.,ellen-sheet-2022
Community Development Grant,large,Spring 2022,Soul City Kitchen,5021 S Wabash Ave,1852116,Renovate a historic building in a shared community kitchen.,ellen-sheet-2022
Community Development Grant,large,Spring 2022,Sputnik Coffee,4743 S Talman Ave,1200000,Complete renovation for a coffee roastery and small cafe.,ellen-sheet-2022
Community Development Grant,large,Spring 2022,Westside Health Aspire Center,5500 W Madison St,7250000,"Repurpose the 87,000-square-foot former Robert Emmet Elementary School into an industry sector training center.",ellen-sheet-2022
Community Development Grant,large,Spring 2022,5 Rabbit Cerveceria,1901 S Sangamon St,250000,Open a small-batch brewery and full-service restaurant that will celebrate Latin culture and cuisine.,ellen-sheet-2022
Community Development Grant,large,Spring 2022,Austin Harvest,423 N Laramie Ave,250000,Renovate a youth-led produce market to build community through fresh food.,ellen-sheet-2022
Community Development Grant,large,Spring 2022,Back of the Yards Algae Sciences Food Production Facility,1400 W 46th St,250000,Produce vegan dairy products and plant-based meat using innovative ingredients.,ellen-sheet-2022
Community Development Grant,large,Spring 2022,Bronzeville Sustainable Commercial Center,4131 S State St,250000,Build commercial space for small businesses to lease in Bronzeville.,ellen-sheet-2022
Community Development Grant,large,Spring 2022,Emmett Street Market,2914 N Emmett St,250000,"House five community-based businesses including three retailers and food/beverage vendor Cafe Ambrocio (our food/beverage vendor), with the final, fifth site outfitted as a North Side outpost of the Silver Room store in Hyde Park.",ellen-sheet-2022
Community Development Grant,large,Spring 2022,Jeffery Java & Old Fashioned Donuts,7104 S Jeffery Blvd,250000,"Connect the South Shore residents and commuters at 71st and Jeffrey with high quality coffee, donuts, smoothies and pastries.",ellen-sheet-2022
Community Development Grant,large,Spring 2022,Magnifico Coffee Roasters,3063 N Milwaukee Ave,250000,Open a café and coffee roasting distribution company in Avondale.,ellen-sheet-2022
Community Development Grant,large,Spring 2022,The Revival,906 S Wabash Ave,250000,"Build a new theater to house a robust program of performances, classes, camps and workshops for residents and visitors to Chicago.",ellen-sheet-2022
Community Development Grant,large,Summer 2022,401/403 E 75th St Restaurant,401/403 E 75th St,250000,,ellen-sheet-2022
Community Development Grant,large,Summer 2022,7900 S Drexel Ave,7900-7906 S Drexel Ave,250000,,ellen-sheet-2022
Community Development Grant,large,Summer 2022,BLDG Projects,4271 N Elston Ave,250000,,ellen-sheet-2022
Community Development Grant,large,Summer 2022,Bourdeau Griffin Design Center,8233 S Princeton Ave,2727321,,ellen-sheet-2022
Community Development Grant,large,Summer 2022,Cedar Concepts,4100 S Packers,250000,,ellen-sheet-2022
Community Development Grant,large,Summer 2022,Chasing Tails 4 U Inc,313-315 S California,250000,,ellen-sheet-2022
Community Development Grant,large,Summer 2022,Chicago Market,4620 N Broadway,5200000,,ellen-sheet-2022
Community Development Grant,large,Summer 2022,CircEsteem,4730 N Sheridan Rd,3697925,,ellen-sheet-2022
Community Development Grant,large,Summer 2022,Duo Development,1600 S Sawyer Ave,250000,,ellen-sheet-2022
Community Development Grant,large,Summer 2022,EG Woode,1022 W 63rd St,3976598,,ellen-sheet-2022
Community Development Grant,large,Summer 2022,Esperanza Community Services,520 N Marshfield,585230,,ellen-sheet-2022
Community Development Grant,large,Summer 2022,Juan Teague/Batter & Berries,5924 W Chicago Ave,1892928,,ellen-sheet-2022
Community Development Grant,large,Summer 2022,La 43,1615 W 43rd St,250000,,ellen-sheet-2022
Community Development Grant,large,Summer 2022,Little Black Pearl/Carver 47,1060 E 47th St,250000,,ellen-sheet-2022
Community Development Grant,large,Summer 2022,NAFSI 1916,7059 S South Shore Drive,250000,,ellen-sheet-2022
Community Development Grant,large,Summer 2022,National Public Housing Museum,1322-1342 W Taylor St,4500000,,ellen-sheet-2022
Community Development Grant,large,Summer 2022,Pearl's Place Restaurant,3901 S Michigan Ave,250000,,ellen-sheet-2022
Community Development Grant,large,Summer 2022,Rise Training Academy,8300 S Halsted St,250000,,ellen-sheet-2022
Community Development Grant,large,Summer 2022,Rome's Joy Catering,4455 S MLK Dr,335228,,ellen-sheet-2022
Community Development Grant,large,Summer 2022,Small Shop Cycles & Service,4244 S Cottage Grove Ave,250000,,ellen-sheet-2022
Community Development Grant,large,Summer 2022,South Shore Title Inc,2226 E 79th St,250000,,ellen-sheet-2022
Community Development Grant,large,Summer 2022,Spill the Tea,5803 W Chicago Ave,250000,,ellen-sheet-2022
Community Development Grant,large,Summer 2022,Studio62,140-142 W 62nd,250000,,ellen-sheet-2022
Community Development Grant,large,Summer 2022,Taqueria Palacio/Cerdito Muerto,1700 S Halsted,250000,,ellen-sheet-2022
Community Development Grant,large,Summer 2022,The Ave Cafe,5249 W Chicago Ave,601170,,ellen-sheet-2022
Community Development Grant,large,Summer 2022,The Modern Place LLC,8300 S Brandon Ave,250000,,ellen-sheet-2022
Community Development Grant,large,Summer 2022,Third City Studio,5538 W North Ave #1,250000,,ellen-sheet-2022
Community Development Grant,large,Summer 2022,Urban Market Exchange,525 E 67th St,1248055,,ellen-sheet-2022
Community Development Grant,large,Summer 2022,Urban Smoke Cafe LLC,6134-38 W North Ave,250000,,ellen-sheet-2022
Community Development Grant,large,Summer 2022,Yellow Banana (a),10700 S Halsted St,2265000,,ellen-sheet-2022
Community Development Grant,large,Summer 2022,Yellow Banana (b),2858 E 83rd St,2300000,,ellen-sheet-2022
Community Development Grant,large,Summer 2022,Yellow Banana (d),420 S Pulaski Rd,1940000,,ellen-sheet-2022
Community Development Grant,large,Summer 2022,Yellow Banana (e),4439 W 63rd St,1750000,,ellen-sheet-2022
Community Development Grant,large,Summer 2022,Yellow Banana (f),7240 S Stony Island Ave,2560000,,ellen-sheet-2022
Community Development Grant,large,Summer 2022,Yellow Banana (g),7908 S Halsted St,2647500,,ellen-sheet-2022
Community Development Grant,large,Fall 2022,After School Matters' Lutz Garage and Greenhouse Project,3435 N Cicero,250000,,ellen-sheet-2022
Community Development Grant,large,Fall 2022,Albany Park Theater Project,3547 W Montrose Ave,250000,,ellen-sheet-2022
Community Development Grant,large,Fall 2022,Angie's Pizza,8352 S Pulaski Road,250000,,ellen-sheet-2022
Community Development Grant,large,Fall 2022,Apologue,1601 S Wolcott Ave,250000,,ellen-sheet-2022
Community Development Grant,large,Fall 2022,Bennett Place,1900-12 E 71st St,1500000,,ellen-sheet-2022
Community Development Grant,large,Fall 2022,BLK Cow,4308 S Calumet Ave,250000,,ellen-sheet-2022
Community Development Grant,large,Fall 2022,Cadence,4848 W Madison St,4000000,,ellen-sheet-2022
Community Development Grant,large,Fall 2022,Casa Huitzil Cocina Compartida,3525 W 26th St,250000,,ellen-sheet-2022
Community Development Grant,large,Fall 2022,Casa Indigo,2100 S Morgan St,250000,,ellen-sheet-2022
Community Development Grant,large,Fall 2022,Eli's Cheesecake Company Innovation & Education Center,6701 W Forest Preserve Ave,1000000,,ellen-sheet-2022
Community Development Grant,large,Fall 2022,Four Star Mushrooms,300 N Oakley Blvd,639051,,ellen-sheet-2022
Community Development Grant,large,Fall 2022,Great Minds Escape LLC,9214 S Commercial Ave,250000,,ellen-sheet-2022
Community Development Grant,large,Fall 2022,Intuit,756 N Milwaukee Ave,5000000,,ellen-sheet-2022
Community Development Grant,large,Fall 2022,Karaoke on the Ave/Sunshine Horizons,5812 W Chicago Ave,250000,,ellen-sheet-2022
Community Development Grant,large,Fall 2022,KFire Korean BBQ - Cabrini Green,1241 N Clybourn Ave,250000,,ellen-sheet-2022
Community Development Grant,large,Fall 2022,KOCO Office and Silver Fox Cafe,4242 S Cottage Grove Ave,3655000,,ellen-sheet-2022
Community Development Grant,large,Fall 2022,Lawrence Gateway,2919 W Lawrence Ave,3577693,,ellen-sheet-2022
Community Development Grant,large,Fall 2022,LUCHA New Office Phase 1,4054-56 W North Ave,990000,,ellen-sheet-2022
Community Development Grant,large,Fall 2022,Natural Renewals,8702 S Commercial Ave,250000,,ellen-sheet-2022
Community Development Grant,large,Fall 2022,Northwest Side Housing Center,5233 W Diversey Ave,1293000,,ellen-sheet-2022
Community Development Grant,large,Fall 2022,Old Fashioned Donuts,11248 S Michigan Ave,562209,,ellen-sheet-2022
Community Development Grant,large,Fall 2022,Pullman Hotel,11030 S Doty Ave,5000000,,ellen-sheet-2022
Community Development Grant,large,Fall 2022,Qideas,1134 W Artgyle St,250000,,ellen-sheet-2022
Community Development Grant,large,Fall 2022,South Chicago Sleep Lab,9011 S Commercial Ave,250000,,ellen-sheet-2022
Community Development Grant,large,Fall 2022,Steep Theater,5300-18 N Kenmore Ave,2988535,,ellen-sheet-2022
Community Development Grant,large,Fall 2022,The MAAFA Center for the Arts & Activism,4241 W Washington Blvd,1500000,,ellen-sheet-2022
Community Development Grant,large,Fall 2022,The Park Manor 75 LLC,600 E 75th St,250000,,ellen-sheet-2022
Community Development Grant,large,Fall 2022,Twisted Egg Roll,657 E 75th St,784238,,ellen-sheet-2022
Community Development Grant,large,Fall 2022,Williams Chicken,8700 S Ashland/1607 W 87th,250000,,ellen-sheet-2022
Community Development Grant,large,Fall 2022,Woodlawn Dental Gallery,1467 E 67th St,250000,,ellen-sheet-2022
Community Development Grant,large,Spring 2022,Mayfair Art Center,8701 S Bennett Ave,500000,"11k sq ft of multi-company dance studio, new to area opened in summer 2022",ellen-sheet-2022
Community Development Grant,small,Spring 2022,26th Street Sugar Shack,630 W 26th Street,91687,Remodel neighborhood ice cream shop that has served 26th Street for 15 years.,ellen-sheet-2022
Community Development Grant,small,Spring 2022,Chico's Oven,3023 E 83rd Street,42013,Renovate and expand a family-owned neighborhood bakery.,ellen-sheet-2022
Community Development Grant,small,Spring 2022,Muddy Waters MOJO Museum,4339 S Lake Park Ave,116152,Build a community museum honoring Blues legend Muddy Waters.,ellen-sheet-2022
Community Development Grant,small,Spring 2022,Soul Veg City,1536 E 75th Street,207540,Operate as a commercial kitchen and to-go carry out area for pre-packaged vegan items.,ellen-sheet-2022
Community Development Grant,small,Spring 2022,World Leaders Learning Youth Development,5906 W North Ave,156000,Empower and support community residents to pursue new career pathways by learning a new trade or by refining current industry skills.,ellen-sheet-2022
Community Development Grant,small,Spring 2022,Yu & Associates Collaborative,3121 N Halsted St,75750,Build an architecture and design studio and office space.,ellen-sheet-2022
Community Development Grant,small,Summer 2022,14 Forty Enterprise LLC,1440 S Kedzie,183975,,ellen-sheet-2022
Community Development Grant,small,Summer 2022,9818 Loft Project,9818 S Michigan Ave,114262,,ellen-sheet-2022
Community Development Grant,small,Summer 2022,Carol's Place LLC,531 E 79th Street,42000,,ellen-sheet-2022
Community Development Grant,small,Summer 2022,Clark Tire Service,6501 N Clark St,40875,,ellen-sheet-2022
Community Development Grant,small,Summer 2022,Cultivate Collective,4942 W 44th St,93609,,ellen-sheet-2022
Community Development Grant,small,Summer 2022,Duwell Fresh Market,617 S Pulaski Road,80000,,ellen-sheet-2022
Community Development Grant,small,Summer 2022,Eight 1 Eighty 4 A GreenHaus Restaurant,1645 E 71st St,161700,,ellen-sheet-2022
Community Development Grant,small,Summer 2022,En Las Tablas Performing Arts NFP,4111 W Armitage Ave,187500,,ellen-sheet-2022
Community Development Grant,small,Summer 2022,Erandy Restaurant,3804 W North Ave,192000,,ellen-sheet-2022
Community Development Grant,small,Summer 2022,Facility Theater Humboldt Park Community Arts Space,1138 N California Ave,148125,,ellen-sheet-2022
Community Development Grant,small,Summer 2022,Front Porch Arts Center,5508 W Chicago Ave,203000,,ellen-sheet-2022
Community Development Grant,small,Summer 2022,GOAT museum,58 E 47th Street,204000,,ellen-sheet-2022
Community Development Grant,small,Summer 2022,Georgis Catering Inc,6339 S Central Ave,46500,,ellen-sheet-2022
Community Development Grant,small,Summer 2022,GK Tops & Bottoms,3940 W Madison St,97500,,ellen-sheet-2022
Community Development Grant,small,Summer 2022,Great Lake,1476 W Berwyn,152625,,ellen-sheet-2022
Community Development Grant,small,Summer 2022,Harvest20 LLC,2100-08 E 71st St,225000,,ellen-sheet-2022
Community Development Grant,small,Summer 2022,Herbal Accession,11109 S Michigan Ave,100000,,ellen-sheet-2022
Community Development Grant,small,Summer 2022,Hooked on Fish,1036 W Bryn Mawr,37298,,ellen-sheet-2022
Community Development Grant,small,Summer 2022,Inspiration Kitchens,3504 W Lake St,128337,,ellen-sheet-2022
Community Development Grant,small,Summer 2022,Katherine Anne Confections,3653 W Irving Park Rd,237522,,ellen-sheet-2022
Community Development Grant,small,Summer 2022,La Calle Larga,5512 W North Ave,213000,,ellen-sheet-2022
Community Development Grant,small,Summer 2022,Level Architecture Inc,3489 N Elston Ave,116213,,ellen-sheet-2022
Community Development Grant,small,Summer 2022,Majani Food Emporium,7261 S Exchange,123000,,ellen-sheet-2022
Community Development Grant,small,Summer 2022,Marinas Cafe LLC,4554 N Magnolia,135525,,ellen-sheet-2022
Community Development Grant,small,Summer 2022,McKinley park Community Arts Revision,3520 S Archer,180450,,ellen-sheet-2022
Community Development Grant,small,Summer 2022,Mirador Building Redevelopment,211-215 S Pulaski Road,163000,,ellen-sheet-2022
Community Development Grant,small,Summer 2022,Moped Cafe,3709 W North Ave,32070,,ellen-sheet-2022
Community Development Grant,small,Summer 2022,Nobody's Darling Bar Expansion,1746 W Balmoral Ave,68532,,ellen-sheet-2022
Community Development Grant,small,Summer 2022,Nyssa Care Inc,3953 W Armitage Ave,23166,,ellen-sheet-2022
Community Development Grant,small,Summer 2022,Project HRC West,4505 W Harrison St,217500,,ellen-sheet-2022
Community Development Grant,small,Summer 2022,Pupstars Pet Care,2341 W Lake St,31800,,ellen-sheet-2022
Community Development Grant,small,Summer 2022,Right Bee LLC,1830 N Kostner Ave,121392,,ellen-sheet-2022
Community Development Grant,small,Summer 2022,Rosadri,3800 W 26th St,211425,,ellen-sheet-2022
Community Development Grant,small,Summer 2022,Sabor a Mi Inc,748-752 W 33rd St,178875,,ellen-sheet-2022
Community Development Grant,small,Summer 2022,Sherman Investment Group,8915 S Commercial,229500,,ellen-sheet-2022
Community Development Grant,small,Summer 2022,Southern Chicago LLC,2000 S Wabash,222300,,ellen-sheet-2022
Community Development Grant,small,Summer 2022,Thattu,3118 N Rockwell St,233011,,ellen-sheet-2022
Community Development Grant,small,Summer 2022,The Bloc,1345 N Karlov Ave,189585,,ellen-sheet-2022
Community Development Grant,small,Summer 2022,The Park Supper Club,1347 W 47th Street,228177,,ellen-sheet-2022
Community Development Grant,small,Summer 2022,The People's Music School,931 W Eastwood Ave,90750,,ellen-sheet-2022
Community Development Grant,small,Summer 2022,Tinyshop,2659 W Armitage,94335,,ellen-sheet-2022
Community Development Grant,small,Summer 2022,Veola's Day Spa and Wellness Center Rejuvenation Project,2150 W 95th St,148322,,ellen-sheet-2022
Community Development Grant,small,Summer 2022,WG Tavern LLC,6318 N Clark St,96073,,ellen-sheet-2022
Community Development Grant,small,Summer 2022,Wonderland Child Care Center,6156 W Belmont,99594,,ellen-sheet-2022
Community Development Grant,small,Fall 2022,835 E 75th Inc,835 E 75th St,181875,,ellen-sheet-2022
Community Development Grant,small,Fall 2022,Ashburn Veterans Housing & Community Revitalization Plan,8120 S Kedzie Ave,153000,,ellen-sheet-2022
Community Development Grant,small,Fall 2022,Busy Bees Learning School III,501-03 W 26th St,126750,,ellen-sheet-2022
Community Development Grant,small,Fall 2022,"Chatham Center for Dental Aesthetics, Health and Wellness",8245 S King Drive,173025,,ellen-sheet-2022
Community Development Grant,small,Fall 2022,Chicago Center for Photojournalism,1226 W Wilson Ave,17205,,ellen-sheet-2022
Community Development Grant,small,Fall 2022,Chicago Mahogany Tours,8530 S Racine Ave,30825,,ellen-sheet-2022
Community Development Grant,small,Fall 2022,Comfort Teeth - Pilsen,1249 W 18th St,202697,,ellen-sheet-2022
Community Development Grant,small,Fall 2022,Cynthia's Gumbo Express,9943 S Halsted,32963,,ellen-sheet-2022
Community Development Grant,small,Fall 2022,Dawah Oil Palace,3345 W Chicago Ave,32959,,ellen-sheet-2022
Community Development Grant,small,Fall 2022,Evelyn's Food Love,5522 S State St,196547,,ellen-sheet-2022
Community Development Grant,small,Fall 2022,Gordy's Barbershop,1407 E 75th St,43304,,ellen-sheet-2022
Community Development Grant,small,Fall 2022,Inherent L3C,4647 W Polk St,96525,,ellen-sheet-2022
Community Development Grant,small,Fall 2022,Kendi Amani,747 E 47th St,98159,,ellen-sheet-2022
Community Development Grant,small,Fall 2022,LVL Up Coffee,70 E Pershing Rd,151374,,ellen-sheet-2022
Community Development Grant,small,Fall 2022,Medical Office,946 W 79th St,11899,,ellen-sheet-2022
Community Development Grant,small,Fall 2022,Mobile Makers Chicago,1757 N Kimball Ave,90900,,ellen-sheet-2022
Community Development Grant,small,Fall 2022,Munch & More Inc,7906 S Cottage Grove Ave,185549,,ellen-sheet-2022
Community Development Grant,small,Fall 2022,North Ave Building,4013 W North Ave,133650,,ellen-sheet-2022
Community Development Grant,small,Fall 2022,Only By Faith Inc,5700-02 W Chicago Ave,62535,,ellen-sheet-2022
Community Development Grant,small,Fall 2022,Open Books Ltd,2069 N Milwaukee,88088,,ellen-sheet-2022
Community Development Grant,small,Fall 2022,Raices Community Wellness Center,4114 W 63rd St,172875,,ellen-sheet-2022
Community Development Grant,small,Fall 2022,Redtwist Theater,1044 W Bryn Mawr Ave,41117,,ellen-sheet-2022
Community Development Grant,small,Fall 2022,Rivers and Roads Cafe,1259 W Devon Ave,91125,,ellen-sheet-2022
Community Development Grant,small,Fall 2022,Sideshow Gelato,4819 N Western Ave,92098,,ellen-sheet-2022
Community Development Grant,small,Fall 2022,SITE/less,1250 W Augusta Blvd,70911,,ellen-sheet-2022
Community Development Grant,small,Fall 2022,Steps Inc Consulting,4517 S State St,172211,,ellen-sheet-2022
Community Development Grant,small,Fall 2022,The Community Theater/The Joseph's Place,5912 W Chicago Ave,203775,,ellen-sheet-2022
Community Development Grant,small,Fall 2022,The Grove on 66 Sports Bar and Grill,6644 S Cottage Grove Ave,76223,,ellen-sheet-2022
Community Development Grant,small,Fall 2022,TSH Tax & Business Service,3900-02 W Roosevelt Road,79022,,ellen-sheet-2022
Community Development Grant,small,Fall 2022,Verity Investments LLC - Series 10,5050 W Chicago Ave,150000,,ellen-sheet-2022
Community Development Grant,small,Fall 2022,Yates Plaza,7112 S Yates Blvd,124266,,ellen-sheet-2022
Community Development Grant,large,February 2023,BandWith,134 S. California Ave.,5000000,Adaptive reuse of an existing industrial building for a community performing arts center and youth music education non-profit organization.,https://www.chicago.gov/city/en/depts/mayor/press_room/press_releases/2023/february/TwelveCommunityDevelopmentGrantsRecipients.html
Community Development Grant,large,February 2023,Demera Ethiopian Restaurant,4528 S. Cottage Grove Ave.,3100000,"Adaptive reuse of an existing building for a ground floor restaurant with rooftop dining space, second floor office space, and second- and third-floor residential units.",https://www.chicago.gov/city/en/depts/mayor/press_room/press_releases/2023/february/TwelveCommunityDevelopmentGrantsRecipients.html
Community Development Grant,large,February 2023,Revive 360,6300 S. Cottage Grove Ave.,5000000,"Redevelopment of the Washington Park National Bank Building for Class A office and retail space, including co-working space and a food hall, and complete renovation of the historic facade.",https://www.chicago.gov/city/en/depts/mayor/press_room/press_releases/2023/february/TwelveCommunityDevelopmentGrantsRecipients.html
Community Development Grant,large,February 2023,Yellow Banana - Altgeld,13016 S. Rhodes Ave.,4870000,"New construction of 10,000 SF grocery store.",https://www.chicago.gov/city/en/depts/mayor/press_room/press_releases/2023/february/TwelveCommunityDevelopmentGrantsRecipients.html
Community Development Grant,small,February 2023,Sunshine's Place,2902 W. Roosevelt Rd.,54375,Build out of a new restaurant in a currently vacant building in an INVEST South/West and Community Safety focus neighborhood.,https://www.chicago.gov/city/en/depts/mayor/press_room/press_releases/2023/february/TwelveCommunityDevelopmentGrantsRecipients.html
Community Development Grant,small,February 2023,Circle Foundation,3034 S. Gratten Ave.,154875,Build-out of a new student-run cafe in an existing community center.,https://www.chicago.gov/city/en/depts/mayor/press_room/press_releases/2023/february/TwelveCommunityDevelopmentGrantsRecipients.html
Community Development Grant,small,February 2023,Southside Market,433 E. 79th St.,239826,Buildout of a micro-grocery co-operative.,https://www.chicago.gov/city/en/depts/mayor/press_room/press_releases/2023/february/TwelveCommunityDevelopmentGrantsRecipients.html
Community Development Grant,large,February 2023,Kilwins,5226 S. Harper Ave.,250000,Expansion of an existing chocolate and ice cream shop to include private outdoor patio space.,https://www.chicago.gov/city/en/depts/mayor/press_room/press_releases/2023/february/TwelveCommunityDevelopmentGrantsRecipients.html
Community Development Grant,small,February 2023,88 Plates LLC,1113 W. Argyle St.,156750,Buildout of new Asian restaurant/cafe in recently vacated restaurant space.,https://www.chicago.gov/city/en/depts/mayor/press_room/press_releases/2023/february/TwelveCommunityDevelopmentGrantsRecipients.html
Community Development Grant,large,February 2023,La Catrina LLC,10759 S. Burley Ave.,250000,Renovation of vacant property to create a new small banquet hall and event space.,https://www.chicago.gov/city/en/depts/mayor/press_room/press_releases/2023/february/TwelveCommunityDevelopmentGrantsRecipients.html
Community Development Grant,large,February 2023,Tapestry 360 Health,909 W. Montrose Ave.,3800000,"A new community health center to replace the current location, which will provide primary care, behavioral health, and dental services with expanded healthcare offerings and increased patient capacity.",https://www.chicago.gov/city/en/depts/mayor/press_room/press_releases/2023/february/TwelveCommunityDevelopmentGrantsRecipients.html
Community Development Grant,large,February 2023,IMAN Health Center,2732-2744 W. 63rd St.,5000000,"20,053 sf expansion to provide critical holistic healthcare services and further stabilize the 63rd/California intersection.",https://www.chicago.gov/city/en/depts/mayor/press_room/press_releases/2023/february/TwelveCommunityDevelopmentGrantsRecipients.html
Community Development Grant,large,May 2023,Equity Arts,1542-50 N. Milwaukee Ave.,5000000,,https://www.chicago.gov/city/en/sites/community-development-grant/home/community-development-grant-finalists.html
Community Development Grant,large,May 2023,Xchange Grand Crossing,7301 S. South Chicago Ave.,5000000,,https://www.chicago.gov/city/en/sites/community-development-grant/home/community-development-grant-finalists.html
Community Development Grant,large,May 2023,Brighton Park Neighborhood Network Community Center,3990-4000 S. Archer Ave.,2000000,,https://www.chicago.gov/city/en/sites/community-development-grant/home/community-development-grant-finalists.html
Community Development Grant,large,May 2023,Deeply Rooted Dance Theater,5345 S. State St.,5000000,South Side Center for Black Dance.,https://www.chicago.gov/city/en/sites/community-development-grant/home/community-development-grant-finalists.html
Community Development Grant,large,May 2023,South Side Community Art Center,3827-31 S. Michigan Ave.,3317476,,https://www.chicago.gov/city/en/sites/community-development-grant/home/community-development-grant-finalists.html
Community Development Grant,large,May 2023,Community Laundry Group/Westside Laundry Cooperative,4647 W. Polk St.,2000000,,https://www.chicago.gov/city/en/sites/community-development-grant/home/community-development-grant-finalists.html
Community Development Grant,large,May 2023,El Patio Catedral,2502 S. Christiana Ave.,250000,,https://www.chicago.gov/city/en/sites/community-development-grant/home/community-development-grant-finalists.html
Community Development Grant,small,May 2023,Little Village Art and Nature Center,2756 S. Lawndale Ave.,174750,,https://www.chicago.gov/city/en/sites/community-development-grant/home/community-development-grant-finalists.html
Community Development Grant,large,May 2023,HPNC Community Space Expansion,5480 S. Kenwood Ave.,250000,,https://www.chicago.gov/city/en/sites/community-development-grant/home/community-development-grant-finalists.html
Community Development Grant,small,May 2023,87th Street Community Space,2810-24 E. 87th St.,183218,,https://www.chicago.gov/city/en/sites/community-development-grant/home/community-development-grant-finalists.html
Community Development Grant,large,May 2023,Mhuri Market & CoWork Space,937 W. 59th St.,250000,,https://www.chicago.gov/city/en/sites/community-development-grant/home/community-development-grant-finalists.html
Community Development Grant,small,May 2023,345 Outdoor Art Museum,355 N. Kedzie Ave.,164250,,https://www.chicago.gov/city/en/sites/community-development-grant/home/community-development-grant-finalists.html
Community Development Grant,large,May 2023,The Social Network,745 E. 75th St.,250000,,https://www.chicago.gov/city/en/sites/community-development-grant/home/community-development-grant-finalists.html
Community Development Grant,small,May 2023,PG6 Sports Bar,2443 W. 71st St.,15375,,https://www.chicago.gov/city/en/sites/community-development-grant/home/community-development-grant-finalists.html
Community Development Grant,small,May 2023,Windy City Fadez,4406 W. Diversey Ave.,111236,,https://www.chicago.gov/city/en/sites/community-development-grant/home/community-development-grant-finalists.html
Community Development Grant,large,May 2023,Uprising Theater Project,2905 N. Milwaukee Ave.,250000,,https://www.chicago.gov/city/en/sites/community-development-grant/home/community-development-grant-finalists.html
Community Development Grant,large,May 2023,Playbound,3505 W. Belmont Ave.,250000,,https://www.chicago.gov/city/en/sites/community-development-grant/home/community-development-grant-finalists.html
Community Development Grant,small,May 2023,8857 S State Street,8857 S. State St.,86850,,https://www.chicago.gov/city/en/sites/community-development-grant/home/community-development-grant-finalists.html
Community Development Grant,small,May 2023,Four Star Mushrooms,300 N. Oakley Blvd.,244441,,https://www.chicago.gov/city/en/sites/community-development-grant/home/community-development-grant-finalists.html
Community Development Grant,large,May 2023,Soul City,5938 W. Chicago Ave.,250000,,https://www.chicago.gov/city/en/sites/community-development-grant/home/community-development-grant-finalists.html
Community Development Grant,small,May 2023,Little Space Daycare,4306 W. 63rd St.,232763,,https://www.chicago.gov/city/en/sites/community-development-grant/home/community-development-grant-finalists.html
Community Development Grant,small,May 2023,MP General Contractors Inc,3908 W. Grand Ave.,244690,,https://www.chicago.gov/city/en/sites/community-development-grant/home/community-development-grant-finalists.html
Community Development Grant,small,May 2023,Art Colony Retail Business Incubator,2630 W. Fletcher St.,107372,,https://www.chicago.gov/city/en/sites/community-development-grant/home/community-development-grant-finalists.html
Community Development Grant,small,May 2023,Justice of the Pies,1500 E. 87th St.,142377,,https://www.chicago.gov/city/en/sites/community-development-grant/home/community-development-grant-finalists.html
Community Development Grant,large,May 2023,Junior Chefs Kitchen,2448 N. Lincoln Ave.,250000,,https://www.chicago.gov/city/en/sites/community-development-grant/home/community-development-grant-finalists.html
Community Development Grant,large,May 2023,De Colores Patio and Garden,1624 S. Halsted St.,250000,,https://www.chicago.gov/city/en/sites/community-development-grant/home/community-development-grant-finalists.html
Community Development Grant,large,May 2023,8800 Mackinaw Mixed-Use Development,8800 S. Mackinaw Ave.,250000,,https://www.chicago.gov/city/en/sites/community-development-grant/home/community-development-grant-finalists.html
Community Development Grant,large,January 2024,Accessible Contemporary Music,4116 N. Clark St.,250000,,https://www.chicago.gov/city/en/sites/community-development-grant/home/community-development-grant-finalists.html
Community Development Grant,large,January 2024,Batter & Berries LLC,2344 S. State St.,250000,,https://www.chicago.gov/city/en/sites/community-development-grant/home/community-development-grant-finalists.html
Community Development Grant,small,January 2024,Bokster Properties LLC,2620 W. Cermak Road,176550,,https://www.chicago.gov/city/en/sites/community-development-grant/home/community-development-grant-finalists.html
Community Development Grant,large,January 2024,Bronzeville Arts & Residences - EAST,454 E. 47th St.,5000000,"Construction of a mixed-use space, including a restaurant, performance space, and eight residential condominiums.",https://www.chicago.gov/city/en/sites/community-development-grant/home/community-development-grant-finalists.html
Community Development Grant,small,January 2024,Bunny Ears Art House LLC,4541 N. Lincoln Ave.,183439,,https://www.chicago.gov/city/en/sites/community-development-grant/home/community-development-grant-finalists.html
Community Development Grant,small,January 2024,Calahan Funeral Home,7030 S. Halsted St.,187275,,https://www.chicago.gov/city/en/sites/community-development-grant/home/community-development-grant-finalists.html
Community Development Grant,small,January 2024,Chile Toreado Restaurant Inc.,2022 W. 35th St.,50902.5,,https://www.chicago.gov/city/en/sites/community-development-grant/home/community-development-grant-finalists.html
Community Development Grant,small,January 2024,Donna's Champagne Garden,607 E. 87th St.,187497.75,,https://www.chicago.gov/city/en/sites/community-development-grant/home/community-development-grant-finalists.html
Community Development Grant,small,January 2024,Downtown Loop Taxes,205 W. Randolph St.,106910.42,,https://www.chicago.gov/city/en/sites/community-development-grant/home/community-development-grant-finalists.html
Community Development Grant,large,January 2024,Essential Elements,1634-38 E. 87th St.,675000,Help a clothing store expand into an adjacent storefront to create more sales floor area and operating space.,https://www.chicago.gov/city/en/sites/community-development-grant/home/community-development-grant-finalists.html
Community Development Grant,small,January 2024,Experimental Sound Studio,5925 N. Ravenswood Ave.,37912.88,,https://www.chicago.gov/city/en/sites/community-development-grant/home/community-development-grant-finalists.html
Community Development Grant,large,January 2024,Feld Restaurant LLC,2018 W. Chicago Ave.,250000,,https://www.chicago.gov/city/en/sites/community-development-grant/home/community-development-grant-finalists.html
Community Development Grant,large,January 2024,Firebird Community Arts,3312-44 W. Lake St.,2515086,"Assist with construction of a glass blowing and ceramics studio, that includes a gallery, cafe, rental spaces and garden.",https://www.chicago.gov/city/en/sites/community-development-grant/home/community-development-grant-finalists.html
Community Development Grant,small,January 2024,"Four Brands Enterprises, LLC",10933 S. Western Ave.,150150,,https://www.chicago.gov/city/en/sites/community-development-grant/home/community-development-grant-finalists.html
Community Development Grant,small,January 2024,"Gallery Guichard, LLC.",436 E. 47th St.,217394.25,,https://www.chicago.gov/city/en/sites/community-development-grant/home/community-development-grant-finalists.html
Community Development Grant,large,January 2024,Haven Dental Studio,706-08 E. 47th St.,1000000,Help rehabilitate a commercial space as dental offices and other business tenants.,https://www.chicago.gov/city/en/sites/community-development-grant/home/community-development-grant-finalists.html
Community Development Grant,small,January 2024,La Casa D'Mi Ama,2653 S. Lawndale Ave.,144210,,https://www.chicago.gov/city/en/sites/community-development-grant/home/community-development-grant-finalists.html
Community Development Grant,small,January 2024,Lake Effect Brewing Company,3074-76 N. Milwaukee Ave.,143633,,https://www.chicago.gov/city/en/sites/community-development-grant/home/community-development-grant-finalists.html
Community Development Grant,large,January 2024,Mildred Wiley Wellness Hub,4950 W. Thomas St.,2000000,Support the creation of a Bethel New Life Wellness Center that provides health screenings and other services.,https://www.chicago.gov/city/en/sites/community-development-grant/home/community-development-grant-finalists.html
Community Development Grant,large,January 2024,Parkinson's Place Chicago,444 W. Fullerton Parkway,250000,,https://www.chicago.gov/city/en/sites/community-development-grant/home/community-development-grant-finalists.html
Community Development Grant,large,January 2024,Printmakers LLC,4912 N. Western Ave.,250000,,https://www.chicago.gov/city/en/sites/community-development-grant/home/community-development-grant-finalists.html
Community Development Grant,large,January 2024,Revolution Workshop,3410 W. Lake St.,2513783,Help renovate a former warehouse as a training center for skilled trades.,https://www.chicago.gov/city/en/sites/community-development-grant/home/community-development-grant-finalists.html
Community Development Grant,large,January 2024,Ronrico Pizzeria and Jazz,2135 E. 75th St.,250000,,https://www.chicago.gov/city/en/sites/community-development-grant/home/community-development-grant-finalists.html
Community Development Grant,large,January 2024,Sankofa Village Wellness Center,4301 W. Madison St.,1500000,"Construction of a wellness center that will provide primary and dental care, as well as recreational space to the community.",https://www.chicago.gov/city/en/sites/community-development-grant/home/community-development-grant-finalists.html
Community Development Grant,large,January 2024,Sinya Properties,4209 W. Lawrence Ave.,250000,,https://www.chicago.gov/city/en/sites/community-development-grant/home/community-development-grant-finalists.html
Community Development Grant,small,January 2024,"Somethin' Sweet Donuts on Kedzie, Inc.",3244 W. Montrose Ave.,137032.5,,https://www.chicago.gov/city/en/sites/community-development-grant/home/community-development-grant-finalists.html
Community Development Grant,large,January 2024,Soul Ramen,508 E. Pershing Road,250000,,https://www.chicago.gov/city/en/sites/community-development-grant/home/community-development-grant-finalists.html
Community Development Grant,large,January 2024,Swedish American Museum Association of Chicago,5211 N. Clark St.,250000,,https://www.chicago.gov/city/en/sites/community-development-grant/home/community-development-grant-finalists.html
Community Development Grant,small,January 2024,Tati's Floral and Suites,1415 W. 79th St.,200392.5,,https://www.chicago.gov/city/en/sites/community-development-grant/home/community-development-grant-finalists.html
Community Development Grant,large,January 2024,The Fields Studios,4000 W. Diversey Ave.,5000000,Help with the buildout of film studio production support space.,https://www.chicago.gov/city/en/sites/community-development-grant/home/community-development-grant-finalists.html
Community Development Grant,large,January 2024,The Galley Chicago LLC,7054 S. Bennett Ave.,250000,,https://www.chicago.gov/city/en/sites/community-development-grant/home/community-development-grant-finalists.html
Community Development Grant,large,January 2024,The Spoke & Bird Bridgeport,3121 S. Morgan St.,250000,,https://www.chicago.gov/city/en/sites/community-development-grant/home/community-development-grant-finalists.html
Community Development Grant,large,June 2024,Wood Street Farm Expansion (Growing Home Inc.),1824 W. 59th St.,5000000,"USDA-certified produce processing facility with retail store, cafe, teaching and commercial kitchen, and community classrooms for Growing Home's farming operations.",https://www.chicago.gov/city/en/depts/mayor/press_room/press_releases/2024/june/community-development-grants-2024.html
Community Development Grant,large,June 2024,Austin Community Health Hub (Stone Community Development Corp. / Lurie Children's Hospital),5046-48 W. Chicago Ave.,5000000,"New building providing physical and behavioral health care services, community responsive health education, gathering space, and a cafe.",https://www.chicago.gov/city/en/depts/mayor/press_room/press_releases/2024/june/community-development-grants-2024.html
Community Development Grant,large,June 2024,BLK + BRWN Market,3928-30 W. Roosevelt Road,1150000,"Rehabilitate an existing, 14,300-square-foot building as co-working and retail space.",https://www.chicago.gov/city/en/depts/mayor/press_room/press_releases/2024/june/community-development-grants-2024.html
Community Development Grant,large,June 2024,Double Door Theater,1050 W. Wilson Ave.,5000000,"Help restore the former Wilson Theater as a 15,000-square-foot music and educational venue.",https://www.chicago.gov/city/en/depts/mayor/press_room/press_releases/2024/june/community-development-grants-2024.html
Community Development Grant,large,June 2024,Evelyn's Food Love,5522 S. State St.,483000,"Help renovate a 1,600-square-foot restaurant space and add a rooftop deck and bar.",https://www.chicago.gov/city/en/depts/mayor/press_room/press_releases/2024/june/community-development-grants-2024.html
Community Development Grant,large,June 2024,Ida's Artisan Ice Cream & Treats,3935 W. Roosevelt Road,512930,"Rehabilitate the first floor of a vacant building as a 15,000-square-foot ice cream parlor.",https://www.chicago.gov/city/en/depts/mayor/press_room/press_releases/2024/june/community-development-grants-2024.html
Community Development Grant,large,June 2024,Lucy Gonzalez Parsons Apartments,2614 N. Emmett St.,620150,"Build out a 4,000-square-foot retail space for CityLit Books and Monday Coffee.",https://www.chicago.gov/city/en/depts/mayor/press_room/press_releases/2024/june/community-development-grants-2024.html
Community Development Grant,large,June 2024,Uptown Food Exchange,4833 N. Broadway,1980000,"Restore an 8,680-square-foot building as a pan-Asian food market.",https://www.chicago.gov/city/en/depts/mayor/press_room/press_releases/2024/june/community-development-grants-2024.html
Community Development Grant,large,June 2024,Whadda Jerk,1600 S. Kedzie Ave.,724296,"Construct a permanent, 1,500-square-foot location for a Caribbean restaurant currently operating as a food truck.",https://www.chicago.gov/city/en/depts/mayor/press_room/press_releases/2024/june/community-development-grants-2024.html
Community Development Grant,large,June 2024,XS Tennis Food Court,5336 S. State St.,1280000,"Construct a 6,800-square-foot addition to an existing athletic facility that will provide food and beverage services for visitors.",https://www.chicago.gov/city/en/depts/mayor/press_room/press_releases/2024/june/community-development-grants-2024.html
Community Development Grant,large,January 2025,After School Matters,1065 N. Orleans St.,5000000,"Create a $25.9 million Orleans Teen Center providing educational, cultural and recreational opportunities for youth and young adults.",https://www.chicago.gov/city/en/depts/dcd/provdrs/ec_dev/news/2025/january/mayor-johnson-announces--30-million-in-community-development-gra.html
Community Development Grant,large,January 2025,Black Ensemble Theater,4450 N. Clark St.,2430000,"Improve an existing performing arts complex with a $5 million, 150-seat studio theater.",https://www.chicago.gov/city/en/depts/dcd/provdrs/ec_dev/news/2025/january/mayor-johnson-announces--30-million-in-community-development-gra.html
Community Development Grant,large,January 2025,Blue Azul,7950 S. Emerald Ave.,3700000,"Build a fitness center, mental health clinic, basketball court and other amenities projected to cost $7.9 million.",https://www.chicago.gov/city/en/depts/dcd/provdrs/ec_dev/news/2025/january/mayor-johnson-announces--30-million-in-community-development-gra.html
Community Development Grant,large,January 2025,Carole Robertson Center for Learning,2929 W. 19th St.,1150000,Renovate an early care and education center with $11.47 million in improvements.,https://www.chicago.gov/city/en/depts/dcd/provdrs/ec_dev/news/2025/january/mayor-johnson-announces--30-million-in-community-development-gra.html
Community Development Grant,large,January 2025,Mayfair Arts Center,8701 S. Bennett Ave.,792000,"Improve and expand the headquarters for the Chicago Human Rhythm Project and Mayfair Performing Co, with total project costs estimated at $1.2 million.",https://www.chicago.gov/city/en/depts/dcd/provdrs/ec_dev/news/2025/january/mayor-johnson-announces--30-million-in-community-development-gra.html
Community Development Grant,large,January 2025,Sunshine Community Health Center,6016 S. King Drive,5000000,"Construction of a 77,050-square-foot, $38.4 million recreational facility and community center.",https://www.chicago.gov/city/en/depts/dcd/provdrs/ec_dev/news/2025/january/mayor-johnson-announces--30-million-in-community-development-gra.html
Community Development Grant,large,January 2025,TCA Health Nutrition Innovation Center,1029 E. 130th St.,5000000,"Build a 9,992-square-foot health center addition that includes food sales and nutritional resources, with total project costs estimated at $13.3 million.",https://www.chicago.gov/city/en/depts/dcd/provdrs/ec_dev/news/2025/january/mayor-johnson-announces--30-million-in-community-development-gra.html
Community Development Grant,large,January 2025,The K Entrepreneurship Hub,4400 W. Madison St.,1500000,Repurpose a vacant building as a $4.1 million social innovation hub.,https://www.chicago.gov/city/en/depts/dcd/provdrs/ec_dev/news/2025/january/mayor-johnson-announces--30-million-in-community-development-gra.html
Community Development Grant,large,January 2025,The Re-Up,1158 W. 59th St.,2500000,"Revitalize an existing commercial building with office space, a restaurant and a security training facility projected to cost $6.16 million.",https://www.chicago.gov/city/en/depts/dcd/provdrs/ec_dev/news/2025/january/mayor-johnson-announces--30-million-in-community-development-gra.html
Community Development Grant,large,January 2025,Ujima Hive,6529-33 S. Stewart Ave.,1810000,Repurpose a former school building as an $11.3 million education and community center.,https://www.chicago.gov/city/en/depts/dcd/provdrs/ec_dev/news/2025/january/mayor-johnson-announces--30-million-in-community-development-gra.html
Community Development Grant,small,January 2025,Cara Collective Community Hub,6027 S. Wentworth Ave.,150000,"Pre-development funding for a proposed $11.9 million, 13,000-square-foot workforce development complex that would serve 2,000 people annually.",https://www.chicago.gov/city/en/depts/dcd/provdrs/ec_dev/news/2025/january/mayor-johnson-announces--30-million-in-community-development-gra.html
Community Development Grant,small,January 2025,CTRL Kitchen,4551 W. Fulton St.,150000,"Pre-development funding for a proposed $2.7 million, 8,600-square-foot commercial kitchen.",https://www.chicago.gov/city/en/depts/dcd/provdrs/ec_dev/news/2025/january/mayor-johnson-announces--30-million-in-community-development-gra.html
Community Development Grant,small,January 2025,The Englewood Emerald,6855 S. Emerald Ave.,150000,"Pre-development funding for a proposed rehab of a historic neighborhood building as an $8.59 million food hall, banquet space and business incubator.",https://www.chicago.gov/city/en/depts/dcd/provdrs/ec_dev/news/2025/january/mayor-johnson-announces--30-million-in-community-development-gra.html
Community Development Grant,small,January 2025,Garden to Table Farm,1431-41 S. Harding Ave.,150000,"Pre-development funding for a proposed $516,000 buildout of an existing neighborhood farm.",https://www.chicago.gov/city/en/depts/dcd/provdrs/ec_dev/news/2025/january/mayor-johnson-announces--30-million-in-community-development-gra.html
Community Development Grant,small,April 2025,Artists Book House,4207 W. Irving Park Road,249032,Conversion of a former school building into a community arts center and bookstore.,https://www.chicago.gov/city/en/depts/mayor/press_room/press_releases/2025/april/New-Round-Community-Grant-Recipients.html
Community Development Grant,large,April 2025,Belmont Tavern,3405 W. Belmont Ave.,250000,Renovation of a historic tavern space for use by a new bar operator.,https://www.chicago.gov/city/en/depts/mayor/press_room/press_releases/2025/april/New-Round-Community-Grant-Recipients.html
Community Development Grant,large,April 2025,Cherish the Moments Pediatric Therapy LLC,5422 W. Division St.,250000,Buildout of a pediatric therapy clinic.,https://www.chicago.gov/city/en/depts/mayor/press_room/press_releases/2025/april/New-Round-Community-Grant-Recipients.html
Community Development Grant,small,April 2025,Haymarket Center,120 N. Sangamon St.,199397,Improvements at a nonprofit health care center.,https://www.chicago.gov/city/en/depts/mayor/press_room/press_releases/2025/april/New-Round-Community-Grant-Recipients.html
Community Development Grant,small,April 2025,It Takes a Village at River City,800 S. Wells St.,96525,Improvements at a childcare facility.,https://www.chicago.gov/city/en/depts/mayor/press_room/press_releases/2025/april/New-Round-Community-Grant-Recipients.html
Community Development Grant,small,April 2025,Luckycat,2806 N. Clark St.,214874,Buildout of cafe space.,https://www.chicago.gov/city/en/depts/mayor/press_room/press_releases/2025/april/New-Round-Community-Grant-Recipients.html
Community Development Grant,small,April 2025,POD39 Studios,70 E. Pershing Road,225324,Buildout of a podcast studio.,https://www.chicago.gov/city/en/depts/mayor/press_room/press_releases/2025/april/New-Round-Community-Grant-Recipients.html
Community Development Grant,large,April 2025,RRM Visions LLC,3420 W. Roosevelt Road,250000,Renovate a vacant storefront for a restaurant and event venue.,https://www.chicago.gov/city/en/depts/mayor/press_room/press_releases/2025/april/New-Round-Community-Grant-Recipients.html
Community Development Grant,small,April 2025,Skylark Bar & Restaurant,2147-49 S. Halsted St.,31893,Rehabilitation of a restaurant and residential units.,https://www.chicago.gov/city/en/depts/mayor/press_room/press_releases/2025/april/New-Round-Community-Grant-Recipients.html
Community Development Grant,large,April 2025,Tacotlan,4312 W. Fullerton Ave.,250000,Rehabilitation of a restaurant space with second-floor seating and a kitchen addition.,https://www.chicago.gov/city/en/depts/mayor/press_room/press_releases/2025/april/New-Round-Community-Grant-Recipients.html
Community Development Grant,large,May 2025,5050 Prairie,5040-56 S. Prairie Ave.,4300000,Create a $15.8 million mixed-use development with apartments and restaurant space.,https://www.chicago.gov/city/en/depts/mayor/press_room/press_releases/2025/may/20-Million-CDG-Medium.html
Community Development Grant,large,May 2025,Chicago Architecture Center,111 E. Wacker Dr.,1750000,"$5.8 million in renovations to the center's first-floor education, gallery, retail and office spaces.",https://www.chicago.gov/city/en/depts/mayor/press_room/press_releases/2025/may/20-Million-CDG-Medium.html
Community Development Grant,large,May 2025,Chicago South Side Birth Center,8301 S. South Shore Drive,3300000,$7.7 million renovation and expansion of an existing building to include a 3-suite birth center and reproductive health clinic.,https://www.chicago.gov/city/en/depts/mayor/press_room/press_releases/2025/may/20-Million-CDG-Medium.html
Community Development Grant,large,May 2025,The Lev Avigayil Libenu Respite Center,2827-39 W. Touhy Ave.,1000000,"Create a $4 million center offering respite services for children, teens and young adults with intellectual and developmental disabilities, as well as a vocational program for adults with intellectual and developmental disabilities.",https://www.chicago.gov/city/en/depts/mayor/press_room/press_releases/2025/may/20-Million-CDG-Medium.html
Community Development Grant,large,May 2025,Maplewood Brewing and Distillery,2717-19 N. Maplewood Ave.,1500000,$3 million purchase and renovation of storage and production facilities.,https://www.chicago.gov/city/en/depts/mayor/press_room/press_releases/2025/may/20-Million-CDG-Medium.html
Community Development Grant,large,May 2025,Music Box Theatre,3733 N. Southport Ave.,1200000,$2.5 million conversion of two commercial storefronts into a 115-seat movie theater.,https://www.chicago.gov/city/en/depts/mayor/press_room/press_releases/2025/may/20-Million-CDG-Medium.html
Community Development Grant,large,May 2025,Neighbors Helping Neighbors,4111-13 N. Pulaski Rd.,1000000,$2.1 million development of a multi-use building for the operations of the Irving Park Community Food Pantry and other nonprofits and community groups.,https://www.chicago.gov/city/en/depts/mayor/press_room/press_releases/2025/may/20-Million-CDG-Medium.html
Community Development Grant,large,May 2025,Onward House CARES,2644 N. Central Ave.,500000,"$7 million building renovation to create a resource hub for human services including a food pantry, welcoming center and health services.",https://www.chicago.gov/city/en/depts/mayor/press_room/press_releases/2025/may/20-Million-CDG-Medium.html
Community Development Grant,large,May 2025,The Pavilion at Chinatown,2312-14 S. Wentworth Ave.,1000000,Construction of a $3.8 million commercial building.,https://www.chicago.gov/city/en/depts/mayor/press_room/press_releases/2025/may/20-Million-CDG-Medium.html
Community Development Grant,large,May 2025,The Workshop Arts Collaborative,3741 W. Lawrence Ave.,1200000,"Renovate a 100-year-old building as a $2.4 million multi-purpose space for community arts organizations, musicians and emerging young artists.",https://www.chicago.gov/city/en/depts/mayor/press_room/press_releases/2025/may/20-Million-CDG-Medium.html
Community Development Grant,small,May 2025,EMRH West,5147-59 W. Division St.,,"Pre-development grant (up to $150,000) for a proposed $2.9 million rehabilitation of an existing building as a clinic for individuals struggling with substance abuse.",https://www.chicago.gov/city/en/depts/mayor/press_room/press_releases/2025/may/20-Million-CDG-Medium.html
Community Development Grant,small,May 2025,Floreciendo La Villita Community Hub,2653-59 S. Kildare Ave.,,"Pre-development grant (up to $150,000) for a proposed $16.4 million construction of a center offering programming including mental health services, literacy initiatives, youth development and legal aid.",https://www.chicago.gov/city/en/depts/mayor/press_room/press_releases/2025/may/20-Million-CDG-Medium.html
Community Development Grant,small,May 2025,"Optimum Joy, P.C.",3059 W. Augusta Blvd.,,"Pre-development grant (up to $150,000) for a proposed $1.3 million rehabilitation of space to allow for expansion of mental health services and job training programming.",https://www.chicago.gov/city/en/depts/mayor/press_room/press_releases/2025/may/20-Million-CDG-Medium.html
Community Development Grant,large,January 2026,Axiom Flame LLC,2640-46 W. Madison St.,1300000,Buildout of a $2.6 million content production studio.,https://blockclubchicago.org/2026/01/06/black-owned-brewery-and-little-village-visitor-center-among-58-projects-getting-33-million-from-city/
Community Development Grant,large,January 2026,Carehaus Chicago,2314 E. 75th St.,5000000,$12.7 million project providing intergenerational housing and integrated social care.,https://blockclubchicago.org/2026/01/06/black-owned-brewery-and-little-village-visitor-center-among-58-projects-getting-33-million-from-city/
Community Development Grant,large,January 2026,Chicago Community Justice Foundation,3841-49 W. North Ave.,2300000,"$8.5 million center for agencies providing legal, mental health, educational and workforce development services.",https://blockclubchicago.org/2026/01/06/black-owned-brewery-and-little-village-visitor-center-among-58-projects-getting-33-million-from-city/
Community Development Grant,large,January 2026,Funkytown Brewery,1923-29 W. Lake St.,3700000,"Development of a $7.4 million craft beer brewery, distribution and retail facility.",https://blockclubchicago.org/2026/02/18/funkytown-brewery-bringing-a-black-owned-taproom-to-the-near-west-side/
Community Development Grant,large,January 2026,Institute for Nonviolence,3934 W. Madison St.,4800000,New $9.5 million headquarters for the gun violence prevention nonprofit.,https://www.chicago.gov/city/en/depts/mayor/press_room/press_releases/2026/january/community-development-grants.html
Community Development Grant,large,January 2026,Little Village Chamber of Commerce (Small Business Visitor Center),3856 W. 26th St.,1300000,$3.6 million headquarters for the Little Village Chamber of Commerce.,https://littlevillagechamber.org/mayor-brandon-johnson-announces-33-million-in-grant-awards-for-community-development-projects/
Community Development Grant,small,January 2026,Blue Sky Enterprise,5118 W. North Ave.,,"One of 45 small-grant awards in this round (round range $51,800-$250,000); specific amount not published in available coverage.",https://www.chicago.gov/city/en/depts/mayor/press_room/press_releases/2026/january/community-development-grants.html
Community Development Grant,large,June 2026,Floreciendo: La Villita / Erie House Community Center,2659 S. Kildare Ave.,5000000,Largest single grant in the round; funds a community center.,https://www.chicagoconstructionnews.com/chicago-awards-42-5-million-for-56-neighbourhood-development-projects/ https://www.chicago.gov/city/en/depts/dcd/provdrs/ec_dev/news/2026/june/community-development-grant-recipients.html
Community Development Grant,large,June 2026,PrimeCare Hermosa,4528-38 W. Fullerton Ave.,5000000,"27,000-square-foot community health center with exam/procedure rooms, a pharmacy and an infusion center.",https://www.cbsnews.com/chicago/news/city-of-chicago-grants-neighborhood-projects/
Community Development Grant,large,June 2026,Hoste,1819-57 W. 16th St.,4800000,"Expand a community venue with event space, a community soccer concept, a kombucha production facility, and a bagel shop.",https://whatstheword.tv/2026/06/24/chicago-invests-42-5m-in-housing-communty-centers-and-local-business-projects/
Community Development Grant,large,June 2026,"MLK East: Arts, Enterprise & Community Hub",1600 S. Lawndale Ave.,4700000,"Redevelop a vacant building into a business/arts/cultural hub with a restaurant, chocolatier and gallery, among other tenants.",https://chicagodefender.com/mayor-brandon-johnson-announces-42-5-million-in-grant-support-for-56-neighborhood-development-projects/
Community Development Grant,large,June 2026,Black Fire Brigade First Responder Training Academy,1823 W. 47th St.,3900000,"New headquarters featuring training facilities, classrooms and offices.",https://www.chicagoconstructionnews.com/chicago-awards-42-5-million-for-56-neighbourhood-development-projects/ https://www.chicago.gov/city/en/depts/dcd/provdrs/ec_dev/news/2026/june/community-development-grant-recipients.html
Community Development Grant,large,June 2026,Grace's Furniture Building (Logan Square Athletic Club project),2616-18 N. Milwaukee Ave.,3000000,Rehab a long-vacant building into a 4-story health club with ground-floor restaurant and cafe ($11M total project).,https://blockclubchicago.org/2026/06/24/graces-furniture-building-developers-get-3-million-to-revive-logan-square-gym-plan/
Community Development Grant,large,June 2026,West Town Bikes and Ciclo Urbano,2459 W. Division St.,2500000,Expanded workforce development space for bike-building programs for teenagers.,https://www.cbsnews.com/chicago/news/city-of-chicago-grants-neighborhood-projects/
Community Development Grant,large,June 2026,433 Missionary NFP,433 W. 119th St.,1800000,Convert a fire-damaged building into three retail spaces and affordable apartments.,https://chicagodefender.com/mayor-brandon-johnson-announces-42-5-million-in-grant-support-for-56-neighborhood-development-projects/
Community Development Grant,large,June 2026,National Museum of Mexican Art,1852 W. 19th St.,1400000,Renovate the free museum's performing arts spaces.,https://www.cbsnews.com/chicago/news/city-of-chicago-grants-neighborhood-projects/
Community Development Grant,large,June 2026,Community Creation Center at Chicago Urban League,4510 S. Michigan Ave.,490714,"Renovate a community center to include a training kitchen, production studio, pop-up retail space and technology training lab ($981,428 total project).",https://www.chicagoconstructionnews.com/chicago-awards-42-5-million-for-56-neighbourhood-development-projects/
Community Development Grant,large,January 2026,Little Village Small Business Visitor Center,3856 W. 26th St.,1300000,Create a $3.6 million headquarters for the Little Village Chamber of Commerce.,https://www.chicago.gov/city/en/sites/community-development-grant/home/community-development-grant-finalists.html
Community Development Grant,large,January 2026,PACTT School,7225 N. Greenview Ave.,500000,$3 million expansion creating six classrooms for youth with autism.,https://www.chicago.gov/city/en/sites/community-development-grant/home/community-development-grant-finalists.html
Community Development Grant,large,January 2026,Supportive Opportunity Space,536 E. 47th St.,769615,Create a $1.5 million shared services hub for minority-owned small businesses.,https://www.chicago.gov/city/en/sites/community-development-grant/home/community-development-grant-finalists.html
Community Development Grant,large,January 2026,Wilma's Famous Foods,2800 W. Madison St.,2800000,Create a $5.6 million restaurant and community hub.,https://www.chicago.gov/city/en/sites/community-development-grant/home/community-development-grant-finalists.html
Community Development Grant,small,January 2026,A Huevo LLC,10538 S. Ewing Ave.,218325,,https://www.chicago.gov/city/en/sites/community-development-grant/home/community-development-grant-finalists.html
Community Development Grant,small,January 2026,Adriana Floral,3912 N. Cicero Ave.,250000,,https://www.chicago.gov/city/en/sites/community-development-grant/home/community-development-grant-finalists.html
Community Development Grant,small,January 2026,AllKinds Studio,3825 W. Lake St.,250000,,https://www.chicago.gov/city/en/sites/community-development-grant/home/community-development-grant-finalists.html
Community Development Grant,small,January 2026,Annoyance Theatre,851 W. Belmont Ave.,127998,,https://www.chicago.gov/city/en/sites/community-development-grant/home/community-development-grant-finalists.html
Community Development Grant,small,January 2026,Ballet Folklorico,3006 N. Pulaski Road,203152,,https://www.chicago.gov/city/en/sites/community-development-grant/home/community-development-grant-finalists.html
Community Development Grant,small,January 2026,Bella Luna Chicago,713 N. State St.,236605,,https://www.chicago.gov/city/en/sites/community-development-grant/home/community-development-grant-finalists.html
Community Development Grant,small,January 2026,Brothers Restaurant,3000 W. Belmont Ave.,83512,,https://www.chicago.gov/city/en/sites/community-development-grant/home/community-development-grant-finalists.html
Community Development Grant,small,January 2026,D5 Design & Metal Fabrication,2439 N. Pulaski Road,250000,,https://www.chicago.gov/city/en/sites/community-development-grant/home/community-development-grant-finalists.html
Community Development Grant,small,January 2026,Fatso Hard Kitchen,6464 W. North Ave.,250000,,https://www.chicago.gov/city/en/sites/community-development-grant/home/community-development-grant-finalists.html
Community Development Grant,small,January 2026,Frances Simmons Ellis,6046 W. North Ave.,250000,,https://www.chicago.gov/city/en/sites/community-development-grant/home/community-development-grant-finalists.html
Community Development Grant,small,January 2026,Gateway to Learning,4925 N. Lincoln Ave.,111234,,https://www.chicago.gov/city/en/sites/community-development-grant/home/community-development-grant-finalists.html
Community Development Grant,small,January 2026,Goodman Theatre,330 N. Clark St.,250000,,https://www.chicago.gov/city/en/sites/community-development-grant/home/community-development-grant-finalists.html
Community Development Grant,small,January 2026,Grind & Dream Coffee,601 W. 111th St.,244725,,https://www.chicago.gov/city/en/sites/community-development-grant/home/community-development-grant-finalists.html
Community Development Grant,small,January 2026,Heuristic Holistic Health,1222 W. 95th St.,250000,,https://www.chicago.gov/city/en/sites/community-development-grant/home/community-development-grant-finalists.html
Community Development Grant,small,January 2026,Joel Hall Dancers & Center,4511 N. Clark St.,51818,,https://www.chicago.gov/city/en/sites/community-development-grant/home/community-development-grant-finalists.html
Community Development Grant,small,January 2026,Josephine's Coffee,1843 W. Chicago Ave.,250000,,https://www.chicago.gov/city/en/sites/community-development-grant/home/community-development-grant-finalists.html
Community Development Grant,small,January 2026,Junior Chef's Kitchen West Loop,1061 W. Van Buren St.,250000,,https://www.chicago.gov/city/en/sites/community-development-grant/home/community-development-grant-finalists.html
Community Development Grant,small,January 2026,Kabob-it Restaurant,10 W. 35th St.,123150,,https://www.chicago.gov/city/en/sites/community-development-grant/home/community-development-grant-finalists.html
Community Development Grant,small,January 2026,KMY Banquet Hall,2901 W. Touhy Ave.,231000,,https://www.chicago.gov/city/en/sites/community-development-grant/home/community-development-grant-finalists.html
Community Development Grant,small,January 2026,Night Heron,1636 E. 55th St.,250000,,https://www.chicago.gov/city/en/sites/community-development-grant/home/community-development-grant-finalists.html
Community Development Grant,small,January 2026,North Lawndale Employment Network,1114 S. Homan Ave.,250000,,https://www.chicago.gov/city/en/sites/community-development-grant/home/community-development-grant-finalists.html
Community Development Grant,small,January 2026,Nywele Salon,222 E. 95th St.,248175,,https://www.chicago.gov/city/en/sites/community-development-grant/home/community-development-grant-finalists.html
Community Development Grant,small,January 2026,Parlor Station,4837 N. Lipps Ave.,250000,,https://www.chicago.gov/city/en/sites/community-development-grant/home/community-development-grant-finalists.html
Community Development Grant,small,January 2026,Project 301,301 E. 95th St.,191287,,https://www.chicago.gov/city/en/sites/community-development-grant/home/community-development-grant-finalists.html
Community Development Grant,small,January 2026,South Shore Hospital Wellness Center,2525 E. 83rd St.,164178,,https://www.chicago.gov/city/en/sites/community-development-grant/home/community-development-grant-finalists.html
Community Development Grant,small,January 2026,Taza Mora Café,2142 W. Cermak Road,250000,,https://www.chicago.gov/city/en/sites/community-development-grant/home/community-development-grant-finalists.html
Community Development Grant,small,January 2026,The Hinterlands,3666 W. Irving Park Road,110634,,https://www.chicago.gov/city/en/sites/community-development-grant/home/community-development-grant-finalists.html
Community Development Grant,small,January 2026,Turn Back Time,3834 W. Irving Park Road,75212,,https://www.chicago.gov/city/en/sites/community-development-grant/home/community-development-grant-finalists.html
Community Development Grant,small,January 2026,Wonderland Child Care Center,5729 W. Belmont Ave.,250000,,https://www.chicago.gov/city/en/sites/community-development-grant/home/community-development-grant-finalists.html
Community Development Grant,small,January 2026,Atrium Thirty-Six,3619 S. Hoyne Ave.,150000,Reuse of a former church campus as a cultural and social resource center.,https://www.chicago.gov/city/en/sites/community-development-grant/home/community-development-grant-finalists.html
Community Development Grant,small,January 2026,Ethola Restaurant and BSCP Hall,846 W. 119th St.,150000,Afro-Caribbean restaurant and event venue renovation.,https://www.chicago.gov/city/en/sites/community-development-grant/home/community-development-grant-finalists.html
Community Development Grant,small,January 2026,JS8 Holding,3265 S. Halsted St.,150000,Korean and Japanese American diner renovation.,https://www.chicago.gov/city/en/sites/community-development-grant/home/community-development-grant-finalists.html
Community Development Grant,small,January 2026,S2 City Grill,8734 S. Stony Island Ave.,150000,Acquisition and expansion of existing restaurant and daiquiri bar.,https://www.chicago.gov/city/en/sites/community-development-grant/home/community-development-grant-finalists.html
Community Development Grant,large,June 2026,Community Creation Center at the Chicago Urban League,4510 S. Michigan Ave.,490714,"Renovate a community center to include a training kitchen, production studio, pop-up retail and technology training lab. Total project costs: $981,428.",https://www.chicago.gov/city/en/depts/dcd/provdrs/ec_dev/news/2026/june/mayor-brandon-johnson-announces--42-5-million-in-grant-support-f.html
Community Development Grant,large,June 2026,PRAA Cultural Campus,3000-06 N. Elbridge Ave.,1300000,Expand the Puerto Rican Arts Alliance campus and renovate the existing building. Total project costs: $3.9 million.,https://www.chicago.gov/city/en/depts/dcd/provdrs/ec_dev/news/2026/june/mayor-brandon-johnson-announces--42-5-million-in-grant-support-f.html
Community Development Grant,small,June 2026,A House in Austin,533 N. Pine Ave.,115085,,https://www.chicago.gov/city/en/depts/dcd/provdrs/ec_dev/news/2026/june/mayor-brandon-johnson-announces--42-5-million-in-grant-support-f.html
Community Development Grant,small,June 2026,Annapurna,899 S. Plymouth Court,250000,,https://www.chicago.gov/city/en/depts/dcd/provdrs/ec_dev/news/2026/june/mayor-brandon-johnson-announces--42-5-million-in-grant-support-f.html
Community Development Grant,small,June 2026,Avant Wellness,2011 W. Grand Ave.,250000,,https://www.chicago.gov/city/en/depts/dcd/provdrs/ec_dev/news/2026/june/mayor-brandon-johnson-announces--42-5-million-in-grant-support-f.html
Community Development Grant,small,June 2026,Chicago Eats Pancake & Waffle House,4100 W. Madison St.,250000,,https://www.chicago.gov/city/en/depts/dcd/provdrs/ec_dev/news/2026/june/mayor-brandon-johnson-announces--42-5-million-in-grant-support-f.html
Community Development Grant,small,June 2026,Chicago Playborhood,4684 N. Elston Ave.,71325,,https://www.chicago.gov/city/en/depts/dcd/provdrs/ec_dev/news/2026/june/mayor-brandon-johnson-announces--42-5-million-in-grant-support-f.html
Community Development Grant,small,June 2026,Elegant Flowers,3504 W. 47th St.,147675,,https://www.chicago.gov/city/en/depts/dcd/provdrs/ec_dev/news/2026/june/mayor-brandon-johnson-announces--42-5-million-in-grant-support-f.html
Community Development Grant,small,June 2026,Haitian American Museum of Chicago,4623 N. Clark St.,250000,,https://www.chicago.gov/city/en/depts/dcd/provdrs/ec_dev/news/2026/june/mayor-brandon-johnson-announces--42-5-million-in-grant-support-f.html
Community Development Grant,small,June 2026,Little Black Pearl Workshop,1060 E. 47th St.,250000,,https://www.chicago.gov/city/en/depts/dcd/provdrs/ec_dev/news/2026/june/mayor-brandon-johnson-announces--42-5-million-in-grant-support-f.html
Community Development Grant,small,June 2026,Little Leaders Academy 2,6347 S. Kedzie Ave.,81925,,https://www.chicago.gov/city/en/depts/dcd/provdrs/ec_dev/news/2026/june/mayor-brandon-johnson-announces--42-5-million-in-grant-support-f.html
Community Development Grant,small,June 2026,Miss Ollie's Market,1070 W. Berwyn Ave.,205342,,https://www.chicago.gov/city/en/depts/dcd/provdrs/ec_dev/news/2026/june/mayor-brandon-johnson-announces--42-5-million-in-grant-support-f.html
Community Development Grant,small,June 2026,Moochie's Pizzeria,4212 W. Madison St.,250000,,https://www.chicago.gov/city/en/depts/dcd/provdrs/ec_dev/news/2026/june/mayor-brandon-johnson-announces--42-5-million-in-grant-support-f.html
Community Development Grant,small,June 2026,National Italian-American Sports Hall of Fame Museum,3417 N. Harlem Ave.,250000,,https://www.chicago.gov/city/en/depts/dcd/provdrs/ec_dev/news/2026/june/mayor-brandon-johnson-announces--42-5-million-in-grant-support-f.html
Community Development Grant,small,June 2026,Quantum LEEP Academy,1447 W. Montrose Ave.,250000,,https://www.chicago.gov/city/en/depts/dcd/provdrs/ec_dev/news/2026/june/mayor-brandon-johnson-announces--42-5-million-in-grant-support-f.html
Community Development Grant,small,June 2026,Salon Spice Beauty Bar and Boutique,7045 S. Jeffery Blvd.,207556,,https://www.chicago.gov/city/en/depts/dcd/provdrs/ec_dev/news/2026/june/mayor-brandon-johnson-announces--42-5-million-in-grant-support-f.html
Community Development Grant,small,June 2026,Soccer House,501 N. Ogden Ave.,250000,,https://www.chicago.gov/city/en/depts/dcd/provdrs/ec_dev/news/2026/june/mayor-brandon-johnson-announces--42-5-million-in-grant-support-f.html
Community Development Grant,small,June 2026,South Side Sanctuary,4702 S. King Drive,194640,,https://www.chicago.gov/city/en/depts/dcd/provdrs/ec_dev/news/2026/june/mayor-brandon-johnson-announces--42-5-million-in-grant-support-f.html
Community Development Grant,small,June 2026,Terra Coffee,3341 W. Belmont Ave.,124081,,https://www.chicago.gov/city/en/depts/dcd/provdrs/ec_dev/news/2026/june/mayor-brandon-johnson-announces--42-5-million-in-grant-support-f.html
Community Development Grant,small,June 2026,The Afterlife Bar and Restaurant,3601 W. Diversey Ave.,250000,,https://www.chicago.gov/city/en/depts/dcd/provdrs/ec_dev/news/2026/june/mayor-brandon-johnson-announces--42-5-million-in-grant-support-f.html
Community Development Grant,small,June 2026,The Print Lounge,4727 S. Wabash Ave.,250000,,https://www.chicago.gov/city/en/depts/dcd/provdrs/ec_dev/news/2026/june/mayor-brandon-johnson-announces--42-5-million-in-grant-support-f.html
Community Development Grant,small,June 2026,Worthy Salon,4823 W. Irving Park Road,130462,,https://www.chicago.gov/city/en/depts/dcd/provdrs/ec_dev/news/2026/june/mayor-brandon-johnson-announces--42-5-million-in-grant-support-f.html
Community Development Grant,small,June 2026,Esperanza Behavioral Health & Community Services,520 N. Marshfield Ave.,,,https://www.chicago.gov/city/en/depts/dcd/provdrs/ec_dev/news/2026/june/mayor-brandon-johnson-announces--42-5-million-in-grant-support-f.html
Community Development Grant,small,June 2026,Full Circle Performing Arts Center,9350 S. South Chicago Ave.,,,https://www.chicago.gov/city/en/depts/dcd/provdrs/ec_dev/news/2026/june/mayor-brandon-johnson-announces--42-5-million-in-grant-support-f.html
Community Development Grant,small,June 2026,Living Fresh Marketplace @ Maple Park,821 W. 115th St.,,,https://www.chicago.gov/city/en/depts/dcd/provdrs/ec_dev/news/2026/june/mayor-brandon-johnson-announces--42-5-million-in-grant-support-f.html
Community Development Grant,small,June 2026,Phoenix Bean Relocation Project,5535 N. Wolcott Ave.,,,https://www.chicago.gov/city/en/depts/dcd/provdrs/ec_dev/news/2026/june/mayor-brandon-johnson-announces--42-5-million-in-grant-support-f.html
