record_id,program_id,program_name,record_kind,assistance_type,funding_classification,program_status,administrator_name,administering_department,historical_authorized_usd,historical_budgeted_usd,historical_encumbered_usd,historical_expended_usd,financial_stage_note,record_granularity,geographic_scope,is_business_recipient,is_mappable_business_location,is_active_incentive_dollars,address_use_policy,financial_aggregation_policy,source_authority,source_dataset_id,source_record_ids,source_url,source_query_url,source_as_of,source_dataset_updated_at,specification_number,contract_numbers,source_revision_count,latest_revision_number,grant_project_code,fund_code,parent_cost_center_code,aln_code,period_start,period_end
chicago-cdbg-cv:accounting:F005C-CARES20CD-P412505-2020,chicago-cdbg-cv,Community Development Block Grant Coronavirus (CDBG-CV),program_accounting,federal_grant_accounting,cdbg_cv_cares_act,closed_historical,,Department of Public Health,,533840.20,,533840.20,"City grant-accounting record. Budget, encumbrances, and expenditures are separate historical stages, not business-recipient awards. The relief opportunity is closed even if administrative accounting remained open.",accounting_level,citywide_context,false,false,false,no_recipient_address_available,never_sum_across_records,City of Chicago Office of Budget and Management,iyu8-jkf8,F005C-CARES20CD-P412505-2020,https://data.cityofchicago.org/d/iyu8-jkf8,https://data.cityofchicago.org/resource/iyu8-jkf8.json?%24where=grant_project_code+in%28%27CARES20CD%27%2C%27CARES20DB%27%29&%24order=grant_project_code%2Cdepartment_code%2Cparent_cost_center_code%2Crecord_id&%24limit=5000,2026-05-31,2026-07-08T13:18:35.000Z,,,0,,CARES20CD,F005C,P412505,14.218,2020-03-01,2026-07-31
chicago-cdbg-cv:accounting:F005C-CARES20CD-P412565-2020,chicago-cdbg-cv,Community Development Block Grant Coronavirus (CDBG-CV),program_accounting,federal_grant_accounting,cdbg_cv_cares_act,closed_historical,,Department of Public Health,,8952189.87,,8663600.87,"City grant-accounting record. Budget, encumbrances, and expenditures are separate historical stages, not business-recipient awards. The relief opportunity is closed even if administrative accounting remained open.",accounting_level,citywide_context,false,false,false,no_recipient_address_available,never_sum_across_records,City of Chicago Office of Budget and Management,iyu8-jkf8,F005C-CARES20CD-P412565-2020,https://data.cityofchicago.org/d/iyu8-jkf8,https://data.cityofchicago.org/resource/iyu8-jkf8.json?%24where=grant_project_code+in%28%27CARES20CD%27%2C%27CARES20DB%27%29&%24order=grant_project_code%2Cdepartment_code%2Cparent_cost_center_code%2Crecord_id&%24limit=5000,2026-05-31,2026-07-08T13:18:35.000Z,,,0,,CARES20CD,F005C,P412565,14.218,2020-03-01,2026-07-31
chicago-cdbg-cv:accounting:F005C-CARES20CD-P412598-2020,chicago-cdbg-cv,Community Development Block Grant Coronavirus (CDBG-CV),program_accounting,federal_grant_accounting,cdbg_cv_cares_act,closed_historical,,Department of Public Health,,6201103.63,,6186055.04,"City grant-accounting record. Budget, encumbrances, and expenditures are separate historical stages, not business-recipient awards. The relief opportunity is closed even if administrative accounting remained open.",accounting_level,citywide_context,false,false,false,no_recipient_address_available,never_sum_across_records,City of Chicago Office of Budget and Management,iyu8-jkf8,F005C-CARES20CD-P412598-2020,https://data.cityofchicago.org/d/iyu8-jkf8,https://data.cityofchicago.org/resource/iyu8-jkf8.json?%24where=grant_project_code+in%28%27CARES20CD%27%2C%27CARES20DB%27%29&%24order=grant_project_code%2Cdepartment_code%2Cparent_cost_center_code%2Crecord_id&%24limit=5000,2026-05-31,2026-07-08T13:18:35.000Z,,,0,,CARES20CD,F005C,P412598,14.218,2020-03-01,2026-07-31
chicago-cdbg-cv:accounting:F005C-CARES20CD-P502510-2020,chicago-cdbg-cv,Community Development Block Grant Coronavirus (CDBG-CV),program_accounting,federal_grant_accounting,cdbg_cv_cares_act,closed_historical,,Department of Family and Support Services,,1575000.00,,1575000.00,"City grant-accounting record. Budget, encumbrances, and expenditures are separate historical stages, not business-recipient awards. The relief opportunity is closed even if administrative accounting remained open.",accounting_level,citywide_context,false,false,false,no_recipient_address_available,never_sum_across_records,City of Chicago Office of Budget and Management,iyu8-jkf8,F005C-CARES20CD-P502510-2020,https://data.cityofchicago.org/d/iyu8-jkf8,https://data.cityofchicago.org/resource/iyu8-jkf8.json?%24where=grant_project_code+in%28%27CARES20CD%27%2C%27CARES20DB%27%29&%24order=grant_project_code%2Cdepartment_code%2Cparent_cost_center_code%2Crecord_id&%24limit=5000,2026-05-31,2026-07-08T13:18:35.000Z,,,0,,CARES20CD,F005C,P502510,14.218,2020-03-01,2026-07-31
chicago-cdbg-cv:accounting:F005C-CARES20CD-P502515-2020,chicago-cdbg-cv,Community Development Block Grant Coronavirus (CDBG-CV),program_accounting,federal_grant_accounting,cdbg_cv_cares_act,closed_historical,,Department of Family and Support Services,,7082050.33,,7082050.33,"City grant-accounting record. Budget, encumbrances, and expenditures are separate historical stages, not business-recipient awards. The relief opportunity is closed even if administrative accounting remained open.",accounting_level,citywide_context,false,false,false,no_recipient_address_available,never_sum_across_records,City of Chicago Office of Budget and Management,iyu8-jkf8,F005C-CARES20CD-P502515-2020,https://data.cityofchicago.org/d/iyu8-jkf8,https://data.cityofchicago.org/resource/iyu8-jkf8.json?%24where=grant_project_code+in%28%27CARES20CD%27%2C%27CARES20DB%27%29&%24order=grant_project_code%2Cdepartment_code%2Cparent_cost_center_code%2Crecord_id&%24limit=5000,2026-05-31,2026-07-08T13:18:35.000Z,,,0,,CARES20CD,F005C,P502515,14.218,2020-03-01,2026-07-31
chicago-cdbg-cv:accounting:F005C-CARES20CD-P502520-2020,chicago-cdbg-cv,Community Development Block Grant Coronavirus (CDBG-CV),program_accounting,federal_grant_accounting,cdbg_cv_cares_act,closed_historical,,Department of Family and Support Services,,3939297.04,,3930944.49,"City grant-accounting record. Budget, encumbrances, and expenditures are separate historical stages, not business-recipient awards. The relief opportunity is closed even if administrative accounting remained open.",accounting_level,citywide_context,false,false,false,no_recipient_address_available,never_sum_across_records,City of Chicago Office of Budget and Management,iyu8-jkf8,F005C-CARES20CD-P502520-2020,https://data.cityofchicago.org/d/iyu8-jkf8,https://data.cityofchicago.org/resource/iyu8-jkf8.json?%24where=grant_project_code+in%28%27CARES20CD%27%2C%27CARES20DB%27%29&%24order=grant_project_code%2Cdepartment_code%2Cparent_cost_center_code%2Crecord_id&%24limit=5000,2026-05-31,2026-07-08T13:18:35.000Z,,,0,,CARES20CD,F005C,P502520,14.218,2020-03-01,2026-07-31
chicago-cdbg-cv:accounting:F005C-CARES20CD-P502525-2020,chicago-cdbg-cv,Community Development Block Grant Coronavirus (CDBG-CV),program_accounting,federal_grant_accounting,cdbg_cv_cares_act,closed_historical,,Department of Family and Support Services,,1560195.59,,1560195.59,"City grant-accounting record. Budget, encumbrances, and expenditures are separate historical stages, not business-recipient awards. The relief opportunity is closed even if administrative accounting remained open.",accounting_level,citywide_context,false,false,false,no_recipient_address_available,never_sum_across_records,City of Chicago Office of Budget and Management,iyu8-jkf8,F005C-CARES20CD-P502525-2020,https://data.cityofchicago.org/d/iyu8-jkf8,https://data.cityofchicago.org/resource/iyu8-jkf8.json?%24where=grant_project_code+in%28%27CARES20CD%27%2C%27CARES20DB%27%29&%24order=grant_project_code%2Cdepartment_code%2Cparent_cost_center_code%2Crecord_id&%24limit=5000,2026-05-31,2026-07-08T13:18:35.000Z,,,0,,CARES20CD,F005C,P502525,14.218,2020-03-01,2026-07-31
chicago-cdbg-cv:accounting:F005C-CARES20CD-P502530-2020,chicago-cdbg-cv,Community Development Block Grant Coronavirus (CDBG-CV),program_accounting,federal_grant_accounting,cdbg_cv_cares_act,closed_historical,,Department of Family and Support Services,,195070.27,,195070.27,"City grant-accounting record. Budget, encumbrances, and expenditures are separate historical stages, not business-recipient awards. The relief opportunity is closed even if administrative accounting remained open.",accounting_level,citywide_context,false,false,false,no_recipient_address_available,never_sum_across_records,City of Chicago Office of Budget and Management,iyu8-jkf8,F005C-CARES20CD-P502530-2020,https://data.cityofchicago.org/d/iyu8-jkf8,https://data.cityofchicago.org/resource/iyu8-jkf8.json?%24where=grant_project_code+in%28%27CARES20CD%27%2C%27CARES20DB%27%29&%24order=grant_project_code%2Cdepartment_code%2Cparent_cost_center_code%2Crecord_id&%24limit=5000,2026-05-31,2026-07-08T13:18:35.000Z,,,0,,CARES20CD,F005C,P502530,14.218,2020-03-01,2026-07-31
chicago-cdbg-cv:accounting:F005C-CARES20CD-P542005-2020,chicago-cdbg-cv,Community Development Block Grant Coronavirus (CDBG-CV),program_accounting,federal_grant_accounting,cdbg_cv_cares_act,closed_historical,,Department of Planning and Development,,11000000.00,,11000000.00,"City grant-accounting record. Budget, encumbrances, and expenditures are separate historical stages, not business-recipient awards. The relief opportunity is closed even if administrative accounting remained open.",accounting_level,citywide_context,false,false,false,no_recipient_address_available,never_sum_across_records,City of Chicago Office of Budget and Management,iyu8-jkf8,F005C-CARES20CD-P542005-2020,https://data.cityofchicago.org/d/iyu8-jkf8,https://data.cityofchicago.org/resource/iyu8-jkf8.json?%24where=grant_project_code+in%28%27CARES20CD%27%2C%27CARES20DB%27%29&%24order=grant_project_code%2Cdepartment_code%2Cparent_cost_center_code%2Crecord_id&%24limit=5000,2026-05-31,2026-07-08T13:18:35.000Z,,,0,,CARES20CD,F005C,P542005,14.218,2020-03-01,2026-07-31
chicago-cdbg-cv:accounting:F005C-CARES20CD-P882505-2020,chicago-cdbg-cv,Community Development Block Grant Coronavirus (CDBG-CV),program_accounting,federal_grant_accounting,cdbg_cv_cares_act,closed_historical,,Department of Water Management,,6043550.00,,3858341.61,"City grant-accounting record. Budget, encumbrances, and expenditures are separate historical stages, not business-recipient awards. The relief opportunity is closed even if administrative accounting remained open.",accounting_level,citywide_context,false,false,false,no_recipient_address_available,never_sum_across_records,City of Chicago Office of Budget and Management,iyu8-jkf8,F005C-CARES20CD-P882505-2020,https://data.cityofchicago.org/d/iyu8-jkf8,https://data.cityofchicago.org/resource/iyu8-jkf8.json?%24where=grant_project_code+in%28%27CARES20CD%27%2C%27CARES20DB%27%29&%24order=grant_project_code%2Cdepartment_code%2Cparent_cost_center_code%2Crecord_id&%24limit=5000,2026-05-31,2026-07-08T13:18:35.000Z,,,0,,CARES20CD,F005C,P882505,14.218,2020-03-01,2026-07-31
chicago-cdbg-cv:accounting:F033C-CARES20DB-P382005-2020,chicago-cdbg-cv,Community Development Block Grant Coronavirus (CDBG-CV),program_accounting,federal_grant_accounting,cdbg_cv_cares_act,closed_historical,,Department of Fleet and Facility Management,,4000000.00,43525.60,3952028.94,"City grant-accounting record. Budget, encumbrances, and expenditures are separate historical stages, not business-recipient awards. The relief opportunity is closed even if administrative accounting remained open.",accounting_level,citywide_context,false,false,false,no_recipient_address_available,never_sum_across_records,City of Chicago Office of Budget and Management,iyu8-jkf8,F033C-CARES20DB-P382005-2020,https://data.cityofchicago.org/d/iyu8-jkf8,https://data.cityofchicago.org/resource/iyu8-jkf8.json?%24where=grant_project_code+in%28%27CARES20CD%27%2C%27CARES20DB%27%29&%24order=grant_project_code%2Cdepartment_code%2Cparent_cost_center_code%2Crecord_id&%24limit=5000,2026-05-31,2026-07-08T13:18:35.000Z,,,0,,CARES20DB,F033C,P382005,14.218,2020-03-01,2026-07-31
chicago-cdbg-cv:accounting:F033C-CARES20DB-P502005-2020,chicago-cdbg-cv,Community Development Block Grant Coronavirus (CDBG-CV),program_accounting,federal_grant_accounting,cdbg_cv_cares_act,closed_historical,,Department of Family and Support Services,,4553666.57,,4553666.57,"City grant-accounting record. Budget, encumbrances, and expenditures are separate historical stages, not business-recipient awards. The relief opportunity is closed even if administrative accounting remained open.",accounting_level,citywide_context,false,false,false,no_recipient_address_available,never_sum_across_records,City of Chicago Office of Budget and Management,iyu8-jkf8,F033C-CARES20DB-P502005-2020,https://data.cityofchicago.org/d/iyu8-jkf8,https://data.cityofchicago.org/resource/iyu8-jkf8.json?%24where=grant_project_code+in%28%27CARES20CD%27%2C%27CARES20DB%27%29&%24order=grant_project_code%2Cdepartment_code%2Cparent_cost_center_code%2Crecord_id&%24limit=5000,2026-05-31,2026-07-08T13:18:35.000Z,,,0,,CARES20DB,F033C,P502005,14.218,2020-03-01,2026-07-31
chicago-cdbg-cv:accounting:F033C-CARES20DB-P542005-2020,chicago-cdbg-cv,Community Development Block Grant Coronavirus (CDBG-CV),program_accounting,federal_grant_accounting,cdbg_cv_cares_act,closed_historical,,Department of Planning and Development,,5000000.00,,5000000.00,"City grant-accounting record. Budget, encumbrances, and expenditures are separate historical stages, not business-recipient awards. The relief opportunity is closed even if administrative accounting remained open.",accounting_level,citywide_context,false,false,false,no_recipient_address_available,never_sum_across_records,City of Chicago Office of Budget and Management,iyu8-jkf8,F033C-CARES20DB-P542005-2020,https://data.cityofchicago.org/d/iyu8-jkf8,https://data.cityofchicago.org/resource/iyu8-jkf8.json?%24where=grant_project_code+in%28%27CARES20CD%27%2C%27CARES20DB%27%29&%24order=grant_project_code%2Cdepartment_code%2Cparent_cost_center_code%2Crecord_id&%24limit=5000,2026-05-31,2026-07-08T13:18:35.000Z,,,0,,CARES20DB,F033C,P542005,14.218,2020-03-01,2026-07-31
chicago-cdbg-cv:accounting:F033C-CARES20DB-P702005-2020,chicago-cdbg-cv,Community Development Block Grant Coronavirus (CDBG-CV),program_accounting,federal_grant_accounting,cdbg_cv_cares_act,closed_historical,,Department of Business Affairs and Consumer Protection,,2000000.00,267069.50,1732930.50,"City grant-accounting record. Budget, encumbrances, and expenditures are separate historical stages, not business-recipient awards. The relief opportunity is closed even if administrative accounting remained open.",accounting_level,citywide_context,false,false,false,no_recipient_address_available,never_sum_across_records,City of Chicago Office of Budget and Management,iyu8-jkf8,F033C-CARES20DB-P702005-2020,https://data.cityofchicago.org/d/iyu8-jkf8,https://data.cityofchicago.org/resource/iyu8-jkf8.json?%24where=grant_project_code+in%28%27CARES20CD%27%2C%27CARES20DB%27%29&%24order=grant_project_code%2Cdepartment_code%2Cparent_cost_center_code%2Crecord_id&%24limit=5000,2026-05-31,2026-07-08T13:18:35.000Z,,,0,,CARES20DB,F033C,P702005,14.218,2020-03-01,2026-07-31
chicago-cdbg-cv:accounting:F033C-CARES20DB-P842125-2020,chicago-cdbg-cv,Community Development Block Grant Coronavirus (CDBG-CV),program_accounting,federal_grant_accounting,cdbg_cv_cares_act,closed_historical,,Chicago Department of Transportation,,83890.04,,83890.04,"City grant-accounting record. Budget, encumbrances, and expenditures are separate historical stages, not business-recipient awards. The relief opportunity is closed even if administrative accounting remained open.",accounting_level,citywide_context,false,false,false,no_recipient_address_available,never_sum_across_records,City of Chicago Office of Budget and Management,iyu8-jkf8,F033C-CARES20DB-P842125-2020,https://data.cityofchicago.org/d/iyu8-jkf8,https://data.cityofchicago.org/resource/iyu8-jkf8.json?%24where=grant_project_code+in%28%27CARES20CD%27%2C%27CARES20DB%27%29&%24order=grant_project_code%2Cdepartment_code%2Cparent_cost_center_code%2Crecord_id&%24limit=5000,2026-05-31,2026-07-08T13:18:35.000Z,,,0,,CARES20DB,F033C,P842125,14.218,2020-03-01,2026-07-31
chicago-cdbg-cv:accounting:F033C-CARES20DB-P842145-2020,chicago-cdbg-cv,Community Development Block Grant Coronavirus (CDBG-CV),program_accounting,federal_grant_accounting,cdbg_cv_cares_act,closed_historical,,Chicago Department of Transportation,,4016109.96,2077670.51,1938439.45,"City grant-accounting record. Budget, encumbrances, and expenditures are separate historical stages, not business-recipient awards. The relief opportunity is closed even if administrative accounting remained open.",accounting_level,citywide_context,false,false,false,no_recipient_address_available,never_sum_across_records,City of Chicago Office of Budget and Management,iyu8-jkf8,F033C-CARES20DB-P842145-2020,https://data.cityofchicago.org/d/iyu8-jkf8,https://data.cityofchicago.org/resource/iyu8-jkf8.json?%24where=grant_project_code+in%28%27CARES20CD%27%2C%27CARES20DB%27%29&%24order=grant_project_code%2Cdepartment_code%2Cparent_cost_center_code%2Crecord_id&%24limit=5000,2026-05-31,2026-07-08T13:18:35.000Z,,,0,,CARES20DB,F033C,P842145,14.218,2020-03-01,2026-07-31
chicago-cdbg-cv:accounting:F033C-CARES20DB-P882505-2020,chicago-cdbg-cv,Community Development Block Grant Coronavirus (CDBG-CV),program_accounting,federal_grant_accounting,cdbg_cv_cares_act,closed_historical,,Department of Water Management,,436753.00,,,"City grant-accounting record. Budget, encumbrances, and expenditures are separate historical stages, not business-recipient awards. The relief opportunity is closed even if administrative accounting remained open.",accounting_level,citywide_context,false,false,false,no_recipient_address_available,never_sum_across_records,City of Chicago Office of Budget and Management,iyu8-jkf8,F033C-CARES20DB-P882505-2020,https://data.cityofchicago.org/d/iyu8-jkf8,https://data.cityofchicago.org/resource/iyu8-jkf8.json?%24where=grant_project_code+in%28%27CARES20CD%27%2C%27CARES20DB%27%29&%24order=grant_project_code%2Cdepartment_code%2Cparent_cost_center_code%2Crecord_id&%24limit=5000,2026-05-31,2026-07-08T13:18:35.000Z,,,0,,CARES20DB,F033C,P882505,14.218,2020-03-01,2026-07-31
chicago-cdbg-cv:program,chicago-cdbg-cv,Community Development Block Grant Coronavirus (CDBG-CV),program,federal_grant_accounting,cdbg_cv_cares_act,closed_historical,,,,,,,Closed historical relief context. Department and cost-center accounting records are represented separately and must not be summed with recipient awards.,program_level,citywide_context,false,false,false,no_recipient_address_available,never_sum_across_records,City of Chicago Office of Budget and Management,iyu8-jkf8,CARES20CD|CARES20DB,https://data.cityofchicago.org/d/iyu8-jkf8,https://data.cityofchicago.org/resource/iyu8-jkf8.json?%24where=grant_project_code+in%28%27CARES20CD%27%2C%27CARES20DB%27%29&%24order=grant_project_code%2Cdepartment_code%2Cparent_cost_center_code%2Crecord_id&%24limit=5000,,2026-07-08T13:18:35.000Z,,,0,,,,,,,
chicago-covid-small-business-support:administrator:171932,chicago-covid-small-business-support,COVID-19 Small Business Support,program_administrator,business_support_administration,federal_covid_relief_unspecified,closed_historical,ROGERS PARK BUSINESS ALLIANCE,DEPARTMENT OF BUSINESS AFFAIRS AND CONSUMER PROTECTION,45956.00,,,,"Original City contract authorization from revision 0. Contract revisions and duplicate PO mirrors were not summed. This is an administrator contract, not a business-recipient award.",administrator_level,citywide_context,false,false,false,administrator_address_excluded,never_sum_across_records,City of Chicago Data Portal,rsxa-ify5,po:171932|po:173743,https://data.cityofchicago.org/d/rsxa-ify5,https://data.cityofchicago.org/resource/rsxa-ify5.json?%24where=specification_number%3D%271231590%27&%24order=purchase_order_contract_number%2Crevision_number&%24limit=5000,2021-10-28,2026-07-30T08:17:39.000Z,1231590,171932|173743,3,2,,,,,2021-10-20,2021-12-31
chicago-covid-small-business-support:administrator:171933,chicago-covid-small-business-support,COVID-19 Small Business Support,program_administrator,business_support_administration,federal_covid_relief_unspecified,closed_historical,LINCOLN PARK CHAMBER OF COMMERCE|CLEANED-UP,DEPARTMENT OF BUSINESS AFFAIRS AND CONSUMER PROTECTION,40000.00,,,,"Original City contract authorization from revision 0. Contract revisions and duplicate PO mirrors were not summed. This is an administrator contract, not a business-recipient award.",administrator_level,citywide_context,false,false,false,administrator_address_excluded,never_sum_across_records,City of Chicago Data Portal,rsxa-ify5,po:171933,https://data.cityofchicago.org/d/rsxa-ify5,https://data.cityofchicago.org/resource/rsxa-ify5.json?%24where=specification_number%3D%271231590%27&%24order=purchase_order_contract_number%2Crevision_number&%24limit=5000,2021-10-28,2026-07-30T08:17:39.000Z,1231590,171933,1,0,,,,,2021-10-20,2021-12-31
chicago-covid-small-business-support:administrator:171934,chicago-covid-small-business-support,COVID-19 Small Business Support,program_administrator,business_support_administration,federal_covid_relief_unspecified,closed_historical,POLISH AMERICAN CHAMBER OF COMMERCE,DEPARTMENT OF BUSINESS AFFAIRS AND CONSUMER PROTECTION,48074.00,,,,"Original City contract authorization from revision 0. Contract revisions and duplicate PO mirrors were not summed. This is an administrator contract, not a business-recipient award.",administrator_level,citywide_context,false,false,false,administrator_address_excluded,never_sum_across_records,City of Chicago Data Portal,rsxa-ify5,po:171934|po:174559,https://data.cityofchicago.org/d/rsxa-ify5,https://data.cityofchicago.org/resource/rsxa-ify5.json?%24where=specification_number%3D%271231590%27&%24order=purchase_order_contract_number%2Crevision_number&%24limit=5000,2021-10-28,2026-07-30T08:17:39.000Z,1231590,171934|174559,3,1,,,,,2021-10-20,2021-12-31
chicago-covid-small-business-support:administrator:171936,chicago-covid-small-business-support,COVID-19 Small Business Support,program_administrator,business_support_administration,federal_covid_relief_unspecified,closed_historical,BACK OF THE YARDS NEIGHBORHOOD COUNCIL,DEPARTMENT OF BUSINESS AFFAIRS AND CONSUMER PROTECTION,60000.00,,,,"Original City contract authorization from revision 0. Contract revisions and duplicate PO mirrors were not summed. This is an administrator contract, not a business-recipient award.",administrator_level,citywide_context,false,false,false,administrator_address_excluded,never_sum_across_records,City of Chicago Data Portal,rsxa-ify5,po:171936|po:176220,https://data.cityofchicago.org/d/rsxa-ify5,https://data.cityofchicago.org/resource/rsxa-ify5.json?%24where=specification_number%3D%271231590%27&%24order=purchase_order_contract_number%2Crevision_number&%24limit=5000,2021-10-27,2026-07-30T08:17:39.000Z,1231590,171936|176220,5,2,,,,,2021-10-20,2022-09-30
chicago-covid-small-business-support:administrator:171937,chicago-covid-small-business-support,COVID-19 Small Business Support,program_administrator,business_support_administration,federal_covid_relief_unspecified,closed_historical,MOUNT GREENWOOD COMMUNITY & BUSINESS ASSOCIATION,DEPT OF BUSINESS AFFAIRS & CONSUMER PROTECTION,10000.00,,,,"Original City contract authorization from revision 0. Contract revisions and duplicate PO mirrors were not summed. This is an administrator contract, not a business-recipient award.",administrator_level,citywide_context,false,false,false,administrator_address_excluded,never_sum_across_records,City of Chicago Data Portal,rsxa-ify5,po:171937,https://data.cityofchicago.org/d/rsxa-ify5,https://data.cityofchicago.org/resource/rsxa-ify5.json?%24where=specification_number%3D%271231590%27&%24order=purchase_order_contract_number%2Crevision_number&%24limit=5000,2021-10-28,2026-07-30T08:17:39.000Z,1231590,171937,1,0,,,,,2021-10-20,2021-12-31
chicago-covid-small-business-support:administrator:171938,chicago-covid-small-business-support,COVID-19 Small Business Support,program_administrator,business_support_administration,federal_covid_relief_unspecified,closed_historical,EAST EDGEWATER CHAMBER OF COMMERCE,DEPARTMENT OF BUSINESS AFFAIRS AND CONSUMER PROTECTION,55712.00,,,,"Original City contract authorization from revision 0. Contract revisions and duplicate PO mirrors were not summed. This is an administrator contract, not a business-recipient award.",administrator_level,citywide_context,false,false,false,administrator_address_excluded,never_sum_across_records,City of Chicago Data Portal,rsxa-ify5,po:171938|po:179936,https://data.cityofchicago.org/d/rsxa-ify5,https://data.cityofchicago.org/resource/rsxa-ify5.json?%24where=specification_number%3D%271231590%27&%24order=purchase_order_contract_number%2Crevision_number&%24limit=5000,2021-10-27,2026-07-30T08:17:39.000Z,1231590,171938|179936,4,2,,,,,2021-10-20,2022-01-31
chicago-covid-small-business-support:administrator:171939,chicago-covid-small-business-support,COVID-19 Small Business Support,program_administrator,business_support_administration,federal_covid_relief_unspecified,closed_historical,HEGEWISCH BUSINESS ASSOCIATION,DEPARTMENT OF BUSINESS AFFAIRS AND CONSUMER PROTECTION,60000.00,,,,"Original City contract authorization from revision 0. Contract revisions and duplicate PO mirrors were not summed. This is an administrator contract, not a business-recipient award.",administrator_level,citywide_context,false,false,false,administrator_address_excluded,never_sum_across_records,City of Chicago Data Portal,rsxa-ify5,po:171939,https://data.cityofchicago.org/d/rsxa-ify5,https://data.cityofchicago.org/resource/rsxa-ify5.json?%24where=specification_number%3D%271231590%27&%24order=purchase_order_contract_number%2Crevision_number&%24limit=5000,2021-10-28,2026-07-30T08:17:39.000Z,1231590,171939,2,2,,,,,2021-10-20,2022-09-30
chicago-covid-small-business-support:administrator:171940,chicago-covid-small-business-support,COVID-19 Small Business Support,program_administrator,business_support_administration,federal_covid_relief_unspecified,closed_historical,MAGNIFICENT MILE ASSOCIATION,DEPARTMENT OF BUSINESS AFFAIRS AND CONSUMER PROTECTION,30000.00,,,,"Original City contract authorization from revision 0. Contract revisions and duplicate PO mirrors were not summed. This is an administrator contract, not a business-recipient award.",administrator_level,citywide_context,false,false,false,administrator_address_excluded,never_sum_across_records,City of Chicago Data Portal,rsxa-ify5,po:171940|po:176415,https://data.cityofchicago.org/d/rsxa-ify5,https://data.cityofchicago.org/resource/rsxa-ify5.json?%24where=specification_number%3D%271231590%27&%24order=purchase_order_contract_number%2Crevision_number&%24limit=5000,2021-10-28,2026-07-30T08:17:39.000Z,1231590,171940|176415,3,1,,,,,2021-10-20,2021-12-31
chicago-covid-small-business-support:administrator:171941,chicago-covid-small-business-support,COVID-19 Small Business Support,program_administrator,business_support_administration,federal_covid_relief_unspecified,closed_historical,GREATER CHATHAM INITIATIVE,DEPARTMENT OF BUSINESS AFFAIRS AND CONSUMER PROTECTION,60000.00,,,,"Original City contract authorization from revision 0. Contract revisions and duplicate PO mirrors were not summed. This is an administrator contract, not a business-recipient award.",administrator_level,citywide_context,false,false,false,administrator_address_excluded,never_sum_across_records,City of Chicago Data Portal,rsxa-ify5,po:171941,https://data.cityofchicago.org/d/rsxa-ify5,https://data.cityofchicago.org/resource/rsxa-ify5.json?%24where=specification_number%3D%271231590%27&%24order=purchase_order_contract_number%2Crevision_number&%24limit=5000,2021-10-27,2026-07-30T08:17:39.000Z,1231590,171941,2,2,,,,,2021-10-20,2022-01-31
chicago-covid-small-business-support:administrator:171942,chicago-covid-small-business-support,COVID-19 Small Business Support,program_administrator,business_support_administration,federal_covid_relief_unspecified,closed_historical,51ST STREET BUSINESS ASSOCIATI,DEPARTMENT OF BUSINESS AFFAIRS AND CONSUMER PROTECTION,60000.00,,,,"Original City contract authorization from revision 0. Contract revisions and duplicate PO mirrors were not summed. This is an administrator contract, not a business-recipient award.",administrator_level,citywide_context,false,false,false,administrator_address_excluded,never_sum_across_records,City of Chicago Data Portal,rsxa-ify5,po:171942|po:178179,https://data.cityofchicago.org/d/rsxa-ify5,https://data.cityofchicago.org/resource/rsxa-ify5.json?%24where=specification_number%3D%271231590%27&%24order=purchase_order_contract_number%2Crevision_number&%24limit=5000,2021-10-27,2026-07-30T08:17:39.000Z,1231590,171942|178179,3,1,,,,,2021-10-20,2021-12-31
chicago-covid-small-business-support:administrator:171943,chicago-covid-small-business-support,COVID-19 Small Business Support,program_administrator,business_support_administration,federal_covid_relief_unspecified,closed_historical,WOMEN'S BUSINESS DEVELOPMENT CENTER,DEPARTMENT OF BUSINESS AFFAIRS AND CONSUMER PROTECTION,60000.00,,,,"Original City contract authorization from revision 0. Contract revisions and duplicate PO mirrors were not summed. This is an administrator contract, not a business-recipient award.",administrator_level,citywide_context,false,false,false,administrator_address_excluded,never_sum_across_records,City of Chicago Data Portal,rsxa-ify5,po:171943,https://data.cityofchicago.org/d/rsxa-ify5,https://data.cityofchicago.org/resource/rsxa-ify5.json?%24where=specification_number%3D%271231590%27&%24order=purchase_order_contract_number%2Crevision_number&%24limit=5000,2021-10-28,2026-07-30T08:17:39.000Z,1231590,171943,3,3,,,,,2021-10-20,2022-09-30
chicago-covid-small-business-support:administrator:171944,chicago-covid-small-business-support,COVID-19 Small Business Support,program_administrator,business_support_administration,federal_covid_relief_unspecified,closed_historical,LINCOLN PARK CHAMBER OF COMMERCE|CLEANED-UP,DEPARTMENT OF BUSINESS AFFAIRS AND CONSUMER PROTECTION,60000.00,,,,"Original City contract authorization from revision 0. Contract revisions and duplicate PO mirrors were not summed. This is an administrator contract, not a business-recipient award.",administrator_level,citywide_context,false,false,false,administrator_address_excluded,never_sum_across_records,City of Chicago Data Portal,rsxa-ify5,po:171944|po:174562,https://data.cityofchicago.org/d/rsxa-ify5,https://data.cityofchicago.org/resource/rsxa-ify5.json?%24where=specification_number%3D%271231590%27&%24order=purchase_order_contract_number%2Crevision_number&%24limit=5000,2021-10-28,2026-07-30T08:17:39.000Z,1231590,171944|174562,3,1,,,,,2021-10-20,2021-12-31
chicago-covid-small-business-support:administrator:171945,chicago-covid-small-business-support,COVID-19 Small Business Support,program_administrator,business_support_administration,federal_covid_relief_unspecified,closed_historical,95TH ST. BEVERLY HILLS BUSINESS ASSOCIATION,DEPT OF BUSINESS AFFAIRS & CONSUMER PROTECTION,3000.00,,,,"Original City contract authorization from revision 0. Contract revisions and duplicate PO mirrors were not summed. This is an administrator contract, not a business-recipient award.",administrator_level,citywide_context,false,false,false,administrator_address_excluded,never_sum_across_records,City of Chicago Data Portal,rsxa-ify5,po:171945|po:180812,https://data.cityofchicago.org/d/rsxa-ify5,https://data.cityofchicago.org/resource/rsxa-ify5.json?%24where=specification_number%3D%271231590%27&%24order=purchase_order_contract_number%2Crevision_number&%24limit=5000,2021-10-27,2026-07-30T08:17:39.000Z,1231590,171945|180812,4,3,,,,,2021-10-20,2022-02-28
chicago-covid-small-business-support:administrator:171946,chicago-covid-small-business-support,COVID-19 Small Business Support,program_administrator,business_support_administration,federal_covid_relief_unspecified,closed_historical,GREATER S.W. DEVELOPMENT CORP.,DEPT OF BUSINESS AFFAIRS & CONSUMER PROTECTION,56159.00,,,,"Original City contract authorization from revision 0. Contract revisions and duplicate PO mirrors were not summed. This is an administrator contract, not a business-recipient award.",administrator_level,citywide_context,false,false,false,administrator_address_excluded,never_sum_across_records,City of Chicago Data Portal,rsxa-ify5,po:171946,https://data.cityofchicago.org/d/rsxa-ify5,https://data.cityofchicago.org/resource/rsxa-ify5.json?%24where=specification_number%3D%271231590%27&%24order=purchase_order_contract_number%2Crevision_number&%24limit=5000,2021-10-27,2026-07-30T08:17:39.000Z,1231590,171946,1,0,,,,,2021-10-20,2021-12-31
chicago-covid-small-business-support:administrator:171947,chicago-covid-small-business-support,COVID-19 Small Business Support,program_administrator,business_support_administration,federal_covid_relief_unspecified,closed_historical,UPTOWN UNITED,DEPT OF BUSINESS AFFAIRS & CONSUMER PROTECTION,60000.00,,,,"Original City contract authorization from revision 0. Contract revisions and duplicate PO mirrors were not summed. This is an administrator contract, not a business-recipient award.",administrator_level,citywide_context,false,false,false,administrator_address_excluded,never_sum_across_records,City of Chicago Data Portal,rsxa-ify5,po:171947,https://data.cityofchicago.org/d/rsxa-ify5,https://data.cityofchicago.org/resource/rsxa-ify5.json?%24where=specification_number%3D%271231590%27&%24order=purchase_order_contract_number%2Crevision_number&%24limit=5000,2021-10-28,2026-07-30T08:17:39.000Z,1231590,171947,1,0,,,,,2021-10-20,2021-12-31
chicago-covid-small-business-support:administrator:171948,chicago-covid-small-business-support,COVID-19 Small Business Support,program_administrator,business_support_administration,federal_covid_relief_unspecified,closed_historical,18TH STREET. DEVELOPMENT. CORP.,DEPT OF BUSINESS AFFAIRS & CONSUMER PROTECTION,60000.00,,,,"Original City contract authorization from revision 0. Contract revisions and duplicate PO mirrors were not summed. This is an administrator contract, not a business-recipient award.",administrator_level,citywide_context,false,false,false,administrator_address_excluded,never_sum_across_records,City of Chicago Data Portal,rsxa-ify5,po:171948|po:175922,https://data.cityofchicago.org/d/rsxa-ify5,https://data.cityofchicago.org/resource/rsxa-ify5.json?%24where=specification_number%3D%271231590%27&%24order=purchase_order_contract_number%2Crevision_number&%24limit=5000,2021-10-26,2026-07-30T08:17:39.000Z,1231590,171948|175922,3,1,,,,,2021-10-20,2021-12-31
chicago-covid-small-business-support:administrator:171949,chicago-covid-small-business-support,COVID-19 Small Business Support,program_administrator,business_support_administration,federal_covid_relief_unspecified,closed_historical,SIX CORNERS ASSOCIATION,DEPT OF BUSINESS AFFAIRS & CONSUMER PROTECTION,60000.00,,,,"Original City contract authorization from revision 0. Contract revisions and duplicate PO mirrors were not summed. This is an administrator contract, not a business-recipient award.",administrator_level,citywide_context,false,false,false,administrator_address_excluded,never_sum_across_records,City of Chicago Data Portal,rsxa-ify5,po:171949|po:173735,https://data.cityofchicago.org/d/rsxa-ify5,https://data.cityofchicago.org/resource/rsxa-ify5.json?%24where=specification_number%3D%271231590%27&%24order=purchase_order_contract_number%2Crevision_number&%24limit=5000,2021-10-28,2026-07-30T08:17:39.000Z,1231590,171949|173735,3,2,,,,,2021-10-20,2021-12-31
chicago-covid-small-business-support:administrator:171950,chicago-covid-small-business-support,COVID-19 Small Business Support,program_administrator,business_support_administration,federal_covid_relief_unspecified,closed_historical,PULASKI-ELSTON BUSINESS ASSOC.,DEPT OF BUSINESS AFFAIRS & CONSUMER PROTECTION,60000.00,,,,"Original City contract authorization from revision 0. Contract revisions and duplicate PO mirrors were not summed. This is an administrator contract, not a business-recipient award.",administrator_level,citywide_context,false,false,false,administrator_address_excluded,never_sum_across_records,City of Chicago Data Portal,rsxa-ify5,po:171950|po:177968,https://data.cityofchicago.org/d/rsxa-ify5,https://data.cityofchicago.org/resource/rsxa-ify5.json?%24where=specification_number%3D%271231590%27&%24order=purchase_order_contract_number%2Crevision_number&%24limit=5000,2021-10-28,2026-07-30T08:17:39.000Z,1231590,171950|177968,2,0,,,,,2021-10-20,2021-12-31
chicago-covid-small-business-support:administrator:171951,chicago-covid-small-business-support,COVID-19 Small Business Support,program_administrator,business_support_administration,federal_covid_relief_unspecified,closed_historical,WOMEN'S BUSINESS DEVELOPMENT CENTER,DEPARTMENT OF BUSINESS AFFAIRS AND CONSUMER PROTECTION,60000.00,,,,"Original City contract authorization from revision 0. Contract revisions and duplicate PO mirrors were not summed. This is an administrator contract, not a business-recipient award.",administrator_level,citywide_context,false,false,false,administrator_address_excluded,never_sum_across_records,City of Chicago Data Portal,rsxa-ify5,po:171951,https://data.cityofchicago.org/d/rsxa-ify5,https://data.cityofchicago.org/resource/rsxa-ify5.json?%24where=specification_number%3D%271231590%27&%24order=purchase_order_contract_number%2Crevision_number&%24limit=5000,2021-10-28,2026-07-30T08:17:39.000Z,1231590,171951,2,2,,,,,2021-10-20,2022-01-31
chicago-covid-small-business-support:administrator:171952,chicago-covid-small-business-support,COVID-19 Small Business Support,program_administrator,business_support_administration,federal_covid_relief_unspecified,closed_historical,NORTH RIVER COMMISSION 02,DEPARTMENT OF BUSINESS AFFAIRS AND CONSUMER PROTECTION,35300.00,,,,"Original City contract authorization from revision 0. Contract revisions and duplicate PO mirrors were not summed. This is an administrator contract, not a business-recipient award.",administrator_level,citywide_context,false,false,false,administrator_address_excluded,never_sum_across_records,City of Chicago Data Portal,rsxa-ify5,po:171952|po:175920,https://data.cityofchicago.org/d/rsxa-ify5,https://data.cityofchicago.org/resource/rsxa-ify5.json?%24where=specification_number%3D%271231590%27&%24order=purchase_order_contract_number%2Crevision_number&%24limit=5000,2021-10-28,2026-07-30T08:17:39.000Z,1231590,171952|175920,3,1,,,,,2021-10-20,2021-12-31
chicago-covid-small-business-support:administrator:171953,chicago-covid-small-business-support,COVID-19 Small Business Support,program_administrator,business_support_administration,federal_covid_relief_unspecified,closed_historical,SOUTH LOOP CHAMBER OF COMMERCE,DEPARTMENT OF BUSINESS AFFAIRS AND CONSUMER PROTECTION,5500.00,,,,"Original City contract authorization from revision 0. Contract revisions and duplicate PO mirrors were not summed. This is an administrator contract, not a business-recipient award.",administrator_level,citywide_context,false,false,false,administrator_address_excluded,never_sum_across_records,City of Chicago Data Portal,rsxa-ify5,po:171953|po:174556,https://data.cityofchicago.org/d/rsxa-ify5,https://data.cityofchicago.org/resource/rsxa-ify5.json?%24where=specification_number%3D%271231590%27&%24order=purchase_order_contract_number%2Crevision_number&%24limit=5000,2021-10-28,2026-07-30T08:17:39.000Z,1231590,171953|174556,2,0,,,,,2021-10-20,2021-12-31
chicago-covid-small-business-support:administrator:171954,chicago-covid-small-business-support,COVID-19 Small Business Support,program_administrator,business_support_administration,federal_covid_relief_unspecified,closed_historical,UPTOWN UNITED,DEPT OF BUSINESS AFFAIRS & CONSUMER PROTECTION,31822.00,,,,"Original City contract authorization from revision 0. Contract revisions and duplicate PO mirrors were not summed. This is an administrator contract, not a business-recipient award.",administrator_level,citywide_context,false,false,false,administrator_address_excluded,never_sum_across_records,City of Chicago Data Portal,rsxa-ify5,po:171954,https://data.cityofchicago.org/d/rsxa-ify5,https://data.cityofchicago.org/resource/rsxa-ify5.json?%24where=specification_number%3D%271231590%27&%24order=purchase_order_contract_number%2Crevision_number&%24limit=5000,2021-10-28,2026-07-30T08:17:39.000Z,1231590,171954,1,0,,,,,2021-10-20,2021-12-31
chicago-covid-small-business-support:administrator:171955,chicago-covid-small-business-support,COVID-19 Small Business Support,program_administrator,business_support_administration,federal_covid_relief_unspecified,closed_historical,TOGETHER CHICAGO INC,DEPARTMENT OF BUSINESS AFFAIRS AND CONSUMER PROTECTION,60000.00,,,,"Original City contract authorization from revision 0. Contract revisions and duplicate PO mirrors were not summed. This is an administrator contract, not a business-recipient award.",administrator_level,citywide_context,false,false,false,administrator_address_excluded,never_sum_across_records,City of Chicago Data Portal,rsxa-ify5,po:171955,https://data.cityofchicago.org/d/rsxa-ify5,https://data.cityofchicago.org/resource/rsxa-ify5.json?%24where=specification_number%3D%271231590%27&%24order=purchase_order_contract_number%2Crevision_number&%24limit=5000,2021-10-28,2026-07-30T08:17:39.000Z,1231590,171955,2,2,,,,,2021-10-20,2022-09-30
chicago-covid-small-business-support:administrator:171956,chicago-covid-small-business-support,COVID-19 Small Business Support,program_administrator,business_support_administration,federal_covid_relief_unspecified,closed_historical,UPTOWN UNITED,DEPARTMENT OF BUSINESS AFFAIRS AND CONSUMER PROTECTION,60000.00,,,,"Original City contract authorization from revision 0. Contract revisions and duplicate PO mirrors were not summed. This is an administrator contract, not a business-recipient award.",administrator_level,citywide_context,false,false,false,administrator_address_excluded,never_sum_across_records,City of Chicago Data Portal,rsxa-ify5,po:171956|po:173966|po:174013,https://data.cityofchicago.org/d/rsxa-ify5,https://data.cityofchicago.org/resource/rsxa-ify5.json?%24where=specification_number%3D%271231590%27&%24order=purchase_order_contract_number%2Crevision_number&%24limit=5000,2021-10-28,2026-07-30T08:17:39.000Z,1231590,171956|173966|174013,5,2,,,,,2021-10-20,2021-12-31
chicago-covid-small-business-support:administrator:171957,chicago-covid-small-business-support,COVID-19 Small Business Support,program_administrator,business_support_administration,federal_covid_relief_unspecified,closed_historical,GREATER SOUTHWEST DEV CORP,DEPT OF BUSINESS AFFAIRS & CONSUMER PROTECTION,50352.00,,,,"Original City contract authorization from revision 0. Contract revisions and duplicate PO mirrors were not summed. This is an administrator contract, not a business-recipient award.",administrator_level,citywide_context,false,false,false,administrator_address_excluded,never_sum_across_records,City of Chicago Data Portal,rsxa-ify5,po:171957|po:176218,https://data.cityofchicago.org/d/rsxa-ify5,https://data.cityofchicago.org/resource/rsxa-ify5.json?%24where=specification_number%3D%271231590%27&%24order=purchase_order_contract_number%2Crevision_number&%24limit=5000,2021-10-27,2026-07-30T08:17:39.000Z,1231590,171957|176218,3,1,,,,,2021-10-20,2021-12-31
chicago-covid-small-business-support:administrator:171958,chicago-covid-small-business-support,COVID-19 Small Business Support,program_administrator,business_support_administration,federal_covid_relief_unspecified,closed_historical,NORTHWEST SIDE HOUSING CENTER,DEPARTMENT OF BUSINESS AFFAIRS AND CONSUMER PROTECTION,10000.00,,,,"Original City contract authorization from revision 0. Contract revisions and duplicate PO mirrors were not summed. This is an administrator contract, not a business-recipient award.",administrator_level,citywide_context,false,false,false,administrator_address_excluded,never_sum_across_records,City of Chicago Data Portal,rsxa-ify5,po:171958|po:174567,https://data.cityofchicago.org/d/rsxa-ify5,https://data.cityofchicago.org/resource/rsxa-ify5.json?%24where=specification_number%3D%271231590%27&%24order=purchase_order_contract_number%2Crevision_number&%24limit=5000,2021-10-28,2026-07-30T08:17:39.000Z,1231590,171958|174567,2,0,,,,,2021-10-20,2021-12-31
chicago-covid-small-business-support:administrator:171959,chicago-covid-small-business-support,COVID-19 Small Business Support,program_administrator,business_support_administration,federal_covid_relief_unspecified,closed_historical,GREATER CHATHAM INITIATIVE,DEPARTMENT OF BUSINESS AFFAIRS AND CONSUMER PROTECTION,60000.00,,,,"Original City contract authorization from revision 0. Contract revisions and duplicate PO mirrors were not summed. This is an administrator contract, not a business-recipient award.",administrator_level,citywide_context,false,false,false,administrator_address_excluded,never_sum_across_records,City of Chicago Data Portal,rsxa-ify5,po:171959,https://data.cityofchicago.org/d/rsxa-ify5,https://data.cityofchicago.org/resource/rsxa-ify5.json?%24where=specification_number%3D%271231590%27&%24order=purchase_order_contract_number%2Crevision_number&%24limit=5000,2021-10-27,2026-07-30T08:17:39.000Z,1231590,171959,2,2,,,,,2021-10-20,2022-09-30
chicago-covid-small-business-support:administrator:171960,chicago-covid-small-business-support,COVID-19 Small Business Support,program_administrator,business_support_administration,federal_covid_relief_unspecified,closed_historical,LITTLE VILLAGE COMMUNITY FOUNDATION,DEPT OF BUSINESS AFFAIRS & CONSUMER PROTECTION,10000.00,,,,"Original City contract authorization from revision 0. Contract revisions and duplicate PO mirrors were not summed. This is an administrator contract, not a business-recipient award.",administrator_level,citywide_context,false,false,false,administrator_address_excluded,never_sum_across_records,City of Chicago Data Portal,rsxa-ify5,po:171960,https://data.cityofchicago.org/d/rsxa-ify5,https://data.cityofchicago.org/resource/rsxa-ify5.json?%24where=specification_number%3D%271231590%27&%24order=purchase_order_contract_number%2Crevision_number&%24limit=5000,2021-10-28,2026-07-30T08:17:39.000Z,1231590,171960,1,0,,,,,2021-10-20,2021-12-31
chicago-covid-small-business-support:administrator:171961,chicago-covid-small-business-support,COVID-19 Small Business Support,program_administrator,business_support_administration,federal_covid_relief_unspecified,closed_historical,SOUTHEAST CHICAGO CHAMBER,DEPARTMENT OF BUSINESS AFFAIRS AND CONSUMER PROTECTION,60000.00,,,,"Original City contract authorization from revision 0. Contract revisions and duplicate PO mirrors were not summed. This is an administrator contract, not a business-recipient award.",administrator_level,citywide_context,false,false,false,administrator_address_excluded,never_sum_across_records,City of Chicago Data Portal,rsxa-ify5,po:171961|po:175258,https://data.cityofchicago.org/d/rsxa-ify5,https://data.cityofchicago.org/resource/rsxa-ify5.json?%24where=specification_number%3D%271231590%27&%24order=purchase_order_contract_number%2Crevision_number&%24limit=5000,2021-10-28,2026-07-30T08:17:39.000Z,1231590,171961|175258,4,2,,,,,2021-10-20,2021-12-31
chicago-covid-small-business-support:administrator:171962,chicago-covid-small-business-support,COVID-19 Small Business Support,program_administrator,business_support_administration,federal_covid_relief_unspecified,closed_historical,GREATER SOUTHWEST DEV CORP,DEPT OF BUSINESS AFFAIRS & CONSUMER PROTECTION,57158.00,,,,"Original City contract authorization from revision 0. Contract revisions and duplicate PO mirrors were not summed. This is an administrator contract, not a business-recipient award.",administrator_level,citywide_context,false,false,false,administrator_address_excluded,never_sum_across_records,City of Chicago Data Portal,rsxa-ify5,po:171962|po:176217,https://data.cityofchicago.org/d/rsxa-ify5,https://data.cityofchicago.org/resource/rsxa-ify5.json?%24where=specification_number%3D%271231590%27&%24order=purchase_order_contract_number%2Crevision_number&%24limit=5000,2021-10-27,2026-07-30T08:17:39.000Z,1231590,171962|176217,3,1,,,,,2021-10-20,2021-12-31
chicago-covid-small-business-support:administrator:171963,chicago-covid-small-business-support,COVID-19 Small Business Support,program_administrator,business_support_administration,federal_covid_relief_unspecified,closed_historical,WOODLAWN CHAMBER OF COMMERCE,DEPARTMENT OF BUSINESS AFFAIRS AND CONSUMER PROTECTION,17000.00,,,,"Original City contract authorization from revision 0. Contract revisions and duplicate PO mirrors were not summed. This is an administrator contract, not a business-recipient award.",administrator_level,citywide_context,false,false,false,administrator_address_excluded,never_sum_across_records,City of Chicago Data Portal,rsxa-ify5,po:171963|po:180085,https://data.cityofchicago.org/d/rsxa-ify5,https://data.cityofchicago.org/resource/rsxa-ify5.json?%24where=specification_number%3D%271231590%27&%24order=purchase_order_contract_number%2Crevision_number&%24limit=5000,2021-10-28,2026-07-30T08:17:39.000Z,1231590,171963|180085,6,3,,,,,2021-10-20,2022-09-30
chicago-covid-small-business-support:administrator:171964,chicago-covid-small-business-support,COVID-19 Small Business Support,program_administrator,business_support_administration,federal_covid_relief_unspecified,closed_historical,ACCION CHICAGO,DEPT OF BUSINESS AFFAIRS & CONSUMER PROTECTION,60000.00,,,,"Original City contract authorization from revision 0. Contract revisions and duplicate PO mirrors were not summed. This is an administrator contract, not a business-recipient award.",administrator_level,citywide_context,false,false,false,administrator_address_excluded,never_sum_across_records,City of Chicago Data Portal,rsxa-ify5,po:171964,https://data.cityofchicago.org/d/rsxa-ify5,https://data.cityofchicago.org/resource/rsxa-ify5.json?%24where=specification_number%3D%271231590%27&%24order=purchase_order_contract_number%2Crevision_number&%24limit=5000,2021-10-28,2026-07-30T08:17:39.000Z,1231590,171964,1,0,,,,,2021-10-20,2021-12-31
chicago-covid-small-business-support:administrator:171965,chicago-covid-small-business-support,COVID-19 Small Business Support,program_administrator,business_support_administration,federal_covid_relief_unspecified,closed_historical,GREATER S.W. DEVELOPMENT CORP.,DEPARTMENT OF BUSINESS AFFAIRS AND CONSUMER PROTECTION,57329.00,,,,"Original City contract authorization from revision 0. Contract revisions and duplicate PO mirrors were not summed. This is an administrator contract, not a business-recipient award.",administrator_level,citywide_context,false,false,false,administrator_address_excluded,never_sum_across_records,City of Chicago Data Portal,rsxa-ify5,po:171965|po:175926,https://data.cityofchicago.org/d/rsxa-ify5,https://data.cityofchicago.org/resource/rsxa-ify5.json?%24where=specification_number%3D%271231590%27&%24order=purchase_order_contract_number%2Crevision_number&%24limit=5000,2021-10-27,2026-07-30T08:17:39.000Z,1231590,171965|175926,3,1,,,,,2021-10-20,2021-12-31
chicago-covid-small-business-support:administrator:171966,chicago-covid-small-business-support,COVID-19 Small Business Support,program_administrator,business_support_administration,federal_covid_relief_unspecified,closed_historical,SOUTHEAST CHICAGO COMMISION,DEPARTMENT OF BUSINESS AFFAIRS AND CONSUMER PROTECTION,50000.00,,,,"Original City contract authorization from revision 0. Contract revisions and duplicate PO mirrors were not summed. This is an administrator contract, not a business-recipient award.",administrator_level,citywide_context,false,false,false,administrator_address_excluded,never_sum_across_records,City of Chicago Data Portal,rsxa-ify5,po:171966|po:178037,https://data.cityofchicago.org/d/rsxa-ify5,https://data.cityofchicago.org/resource/rsxa-ify5.json?%24where=specification_number%3D%271231590%27&%24order=purchase_order_contract_number%2Crevision_number&%24limit=5000,2021-10-28,2026-07-30T08:17:39.000Z,1231590,171966|178037,2,0,,,,,2021-10-20,2021-12-31
chicago-covid-small-business-support:administrator:171967,chicago-covid-small-business-support,COVID-19 Small Business Support,program_administrator,business_support_administration,federal_covid_relief_unspecified,closed_historical,BETHEL NEW LIFE FOUNDATION DBA WEST SIDE FORWARD 01,DEPARTMENT OF BUSINESS AFFAIRS AND CONSUMER PROTECTION,58000.00,,,,"Original City contract authorization from revision 0. Contract revisions and duplicate PO mirrors were not summed. This is an administrator contract, not a business-recipient award.",administrator_level,citywide_context,false,false,false,administrator_address_excluded,never_sum_across_records,City of Chicago Data Portal,rsxa-ify5,po:171967|po:179604,https://data.cityofchicago.org/d/rsxa-ify5,https://data.cityofchicago.org/resource/rsxa-ify5.json?%24where=specification_number%3D%271231590%27&%24order=purchase_order_contract_number%2Crevision_number&%24limit=5000,2021-10-27,2026-07-30T08:17:39.000Z,1231590,171967|179604,7,4,,,,,2021-10-20,2022-09-30
chicago-covid-small-business-support:administrator:171968,chicago-covid-small-business-support,COVID-19 Small Business Support,program_administrator,business_support_administration,federal_covid_relief_unspecified,closed_historical,STORY & REACH INITIATIVES,DEPT OF BUSINESS AFFAIRS & CONSUMER PROTECTION,60000.00,,,,"Original City contract authorization from revision 0. Contract revisions and duplicate PO mirrors were not summed. This is an administrator contract, not a business-recipient award.",administrator_level,citywide_context,false,false,false,administrator_address_excluded,never_sum_across_records,City of Chicago Data Portal,rsxa-ify5,po:171968|po:175927,https://data.cityofchicago.org/d/rsxa-ify5,https://data.cityofchicago.org/resource/rsxa-ify5.json?%24where=specification_number%3D%271231590%27&%24order=purchase_order_contract_number%2Crevision_number&%24limit=5000,2021-10-28,2026-07-30T08:17:39.000Z,1231590,171968|175927,4,2,,,,,2021-10-20,2021-12-31
chicago-covid-small-business-support:administrator:171969,chicago-covid-small-business-support,COVID-19 Small Business Support,program_administrator,business_support_administration,federal_covid_relief_unspecified,closed_historical,FAR SOUTH COMMUNITY DEVELOPMENT CORPORATION,DEPARTMENT OF BUSINESS AFFAIRS AND CONSUMER PROTECTION,59993.00,,,,"Original City contract authorization from revision 0. Contract revisions and duplicate PO mirrors were not summed. This is an administrator contract, not a business-recipient award.",administrator_level,citywide_context,false,false,false,administrator_address_excluded,never_sum_across_records,City of Chicago Data Portal,rsxa-ify5,po:171969,https://data.cityofchicago.org/d/rsxa-ify5,https://data.cityofchicago.org/resource/rsxa-ify5.json?%24where=specification_number%3D%271231590%27&%24order=purchase_order_contract_number%2Crevision_number&%24limit=5000,2021-10-28,2026-07-30T08:17:39.000Z,1231590,171969,1,0,,,,,2021-10-20,2021-12-31
chicago-covid-small-business-support:administrator:171970,chicago-covid-small-business-support,COVID-19 Small Business Support,program_administrator,business_support_administration,federal_covid_relief_unspecified,closed_historical,ILLINOIS HISPANIC CHAMBER OF COMMERCE (IHCC) COMMERCE,DEPARTMENT OF BUSINESS AFFAIRS AND CONSUMER PROTECTION,60000.00,,,,"Original City contract authorization from revision 0. Contract revisions and duplicate PO mirrors were not summed. This is an administrator contract, not a business-recipient award.",administrator_level,citywide_context,false,false,false,administrator_address_excluded,never_sum_across_records,City of Chicago Data Portal,rsxa-ify5,po:171970|po:179601,https://data.cityofchicago.org/d/rsxa-ify5,https://data.cityofchicago.org/resource/rsxa-ify5.json?%24where=specification_number%3D%271231590%27&%24order=purchase_order_contract_number%2Crevision_number&%24limit=5000,2021-10-28,2026-07-30T08:17:39.000Z,1231590,171970|179601,7,3,,,,,2021-10-20,2022-09-30
chicago-covid-small-business-support:administrator:171971,chicago-covid-small-business-support,COVID-19 Small Business Support,program_administrator,business_support_administration,federal_covid_relief_unspecified,closed_historical,LAKEVIEW EAST CHAMBER OF COMMERCE,DEPARTMENT OF BUSINESS AFFAIRS AND CONSUMER PROTECTION,50000.00,,,,"Original City contract authorization from revision 0. Contract revisions and duplicate PO mirrors were not summed. This is an administrator contract, not a business-recipient award.",administrator_level,citywide_context,false,false,false,administrator_address_excluded,never_sum_across_records,City of Chicago Data Portal,rsxa-ify5,po:171971,https://data.cityofchicago.org/d/rsxa-ify5,https://data.cityofchicago.org/resource/rsxa-ify5.json?%24where=specification_number%3D%271231590%27&%24order=purchase_order_contract_number%2Crevision_number&%24limit=5000,2021-10-28,2026-07-30T08:17:39.000Z,1231590,171971,2,1,,,,,2021-10-20,2022-01-31
chicago-covid-small-business-support:administrator:171972,chicago-covid-small-business-support,COVID-19 Small Business Support,program_administrator,business_support_administration,federal_covid_relief_unspecified,closed_historical,EDGEWATER DEVELOPMENT CORP 01,DEPT OF BUSINESS AFFAIRS & CONSUMER PROTECTION,56000.00,,,,"Original City contract authorization from revision 0. Contract revisions and duplicate PO mirrors were not summed. This is an administrator contract, not a business-recipient award.",administrator_level,citywide_context,false,false,false,administrator_address_excluded,never_sum_across_records,City of Chicago Data Portal,rsxa-ify5,po:171972|po:177969,https://data.cityofchicago.org/d/rsxa-ify5,https://data.cityofchicago.org/resource/rsxa-ify5.json?%24where=specification_number%3D%271231590%27&%24order=purchase_order_contract_number%2Crevision_number&%24limit=5000,2021-10-27,2026-07-30T08:17:39.000Z,1231590,171972|177969,3,1,,,,,2021-10-20,2021-12-31
chicago-covid-small-business-support:administrator:171973,chicago-covid-small-business-support,COVID-19 Small Business Support,program_administrator,business_support_administration,federal_covid_relief_unspecified,closed_historical,ROGERS PARK BUSINESS ALLIANCE,DEPARTMENT OF BUSINESS AFFAIRS AND CONSUMER PROTECTION,59655.00,,,,"Original City contract authorization from revision 0. Contract revisions and duplicate PO mirrors were not summed. This is an administrator contract, not a business-recipient award.",administrator_level,citywide_context,false,false,false,administrator_address_excluded,never_sum_across_records,City of Chicago Data Portal,rsxa-ify5,po:171973|po:174553,https://data.cityofchicago.org/d/rsxa-ify5,https://data.cityofchicago.org/resource/rsxa-ify5.json?%24where=specification_number%3D%271231590%27&%24order=purchase_order_contract_number%2Crevision_number&%24limit=5000,2021-10-28,2026-07-30T08:17:39.000Z,1231590,171973|174553,3,1,,,,,2021-10-20,2021-12-31
chicago-covid-small-business-support:administrator:171974,chicago-covid-small-business-support,COVID-19 Small Business Support,program_administrator,business_support_administration,federal_covid_relief_unspecified,closed_historical,BOMA/CHICAGO,DEPARTMENT OF BUSINESS AFFAIRS AND CONSUMER PROTECTION,60000.00,,,,"Original City contract authorization from revision 0. Contract revisions and duplicate PO mirrors were not summed. This is an administrator contract, not a business-recipient award.",administrator_level,citywide_context,false,false,false,administrator_address_excluded,never_sum_across_records,City of Chicago Data Portal,rsxa-ify5,po:171974,https://data.cityofchicago.org/d/rsxa-ify5,https://data.cityofchicago.org/resource/rsxa-ify5.json?%24where=specification_number%3D%271231590%27&%24order=purchase_order_contract_number%2Crevision_number&%24limit=5000,2021-10-27,2026-07-30T08:17:39.000Z,1231590,171974,1,0,,,,,2021-10-20,2021-12-31
chicago-covid-small-business-support:administrator:171975,chicago-covid-small-business-support,COVID-19 Small Business Support,program_administrator,business_support_administration,federal_covid_relief_unspecified,closed_historical,UPTOWN OF CHAMBER OF COMMERCE,DEPARTMENT OF BUSINESS AFFAIRS AND CONSUMER PROTECTION,47879.00,,,,"Original City contract authorization from revision 0. Contract revisions and duplicate PO mirrors were not summed. This is an administrator contract, not a business-recipient award.",administrator_level,citywide_context,false,false,false,administrator_address_excluded,never_sum_across_records,City of Chicago Data Portal,rsxa-ify5,po:171975|po:173741,https://data.cityofchicago.org/d/rsxa-ify5,https://data.cityofchicago.org/resource/rsxa-ify5.json?%24where=specification_number%3D%271231590%27&%24order=purchase_order_contract_number%2Crevision_number&%24limit=5000,2021-10-28,2026-07-30T08:17:39.000Z,1231590,171975|173741,4,3,,,,,2021-10-20,2021-12-31
chicago-covid-small-business-support:administrator:171976,chicago-covid-small-business-support,COVID-19 Small Business Support,program_administrator,business_support_administration,federal_covid_relief_unspecified,closed_historical,PUERTO RICAN CULTURAL CENTER,DEPARTMENT OF BUSINESS AFFAIRS AND CONSUMER PROTECTION,30000.00,,,,"Original City contract authorization from revision 0. Contract revisions and duplicate PO mirrors were not summed. This is an administrator contract, not a business-recipient award.",administrator_level,citywide_context,false,false,false,administrator_address_excluded,never_sum_across_records,City of Chicago Data Portal,rsxa-ify5,po:171976,https://data.cityofchicago.org/d/rsxa-ify5,https://data.cityofchicago.org/resource/rsxa-ify5.json?%24where=specification_number%3D%271231590%27&%24order=purchase_order_contract_number%2Crevision_number&%24limit=5000,2021-10-28,2026-07-30T08:17:39.000Z,1231590,171976,1,0,,,,,2021-10-20,2021-12-31
chicago-covid-small-business-support:administrator:171977,chicago-covid-small-business-support,COVID-19 Small Business Support,program_administrator,business_support_administration,federal_covid_relief_unspecified,closed_historical,FAR SOUTH COMMUNITY DEVELOPMENT CORPORATION,DEPARTMENT OF BUSINESS AFFAIRS AND CONSUMER PROTECTION,59993.00,,,,"Original City contract authorization from revision 0. Contract revisions and duplicate PO mirrors were not summed. This is an administrator contract, not a business-recipient award.",administrator_level,citywide_context,false,false,false,administrator_address_excluded,never_sum_across_records,City of Chicago Data Portal,rsxa-ify5,po:171977,https://data.cityofchicago.org/d/rsxa-ify5,https://data.cityofchicago.org/resource/rsxa-ify5.json?%24where=specification_number%3D%271231590%27&%24order=purchase_order_contract_number%2Crevision_number&%24limit=5000,2021-10-28,2026-07-30T08:17:39.000Z,1231590,171977,1,0,,,,,2021-10-20,2021-12-31
chicago-covid-small-business-support:administrator:171978,chicago-covid-small-business-support,COVID-19 Small Business Support,program_administrator,business_support_administration,federal_covid_relief_unspecified,closed_historical,MAGNIFICENT MILE ASSOCIATION,DEPARTMENT OF BUSINESS AFFAIRS AND CONSUMER PROTECTION,54907.00,,,,"Original City contract authorization from revision 0. Contract revisions and duplicate PO mirrors were not summed. This is an administrator contract, not a business-recipient award.",administrator_level,citywide_context,false,false,false,administrator_address_excluded,never_sum_across_records,City of Chicago Data Portal,rsxa-ify5,po:171978|po:176414,https://data.cityofchicago.org/d/rsxa-ify5,https://data.cityofchicago.org/resource/rsxa-ify5.json?%24where=specification_number%3D%271231590%27&%24order=purchase_order_contract_number%2Crevision_number&%24limit=5000,2021-10-28,2026-07-30T08:17:39.000Z,1231590,171978|176414,3,1,,,,,2021-10-20,2021-12-31
chicago-covid-small-business-support:administrator:171979,chicago-covid-small-business-support,COVID-19 Small Business Support,program_administrator,business_support_administration,federal_covid_relief_unspecified,closed_historical,CENTER FOR CHANGING LIVES,DEPARTMENT OF BUSINESS AFFAIRS AND CONSUMER PROTECTION,12686.00,,,,"Original City contract authorization from revision 0. Contract revisions and duplicate PO mirrors were not summed. This is an administrator contract, not a business-recipient award.",administrator_level,citywide_context,false,false,false,administrator_address_excluded,never_sum_across_records,City of Chicago Data Portal,rsxa-ify5,po:171979|po:178839,https://data.cityofchicago.org/d/rsxa-ify5,https://data.cityofchicago.org/resource/rsxa-ify5.json?%24where=specification_number%3D%271231590%27&%24order=purchase_order_contract_number%2Crevision_number&%24limit=5000,2021-10-27,2026-07-30T08:17:39.000Z,1231590,171979|178839,4,1,,,,,2021-10-20,2022-01-31
chicago-covid-small-business-support:administrator:171980,chicago-covid-small-business-support,COVID-19 Small Business Support,program_administrator,business_support_administration,federal_covid_relief_unspecified,closed_historical,NEAR SOUTH PLANNING BOARD,DEPARTMENT OF BUSINESS AFFAIRS AND CONSUMER PROTECTION,60000.00,,,,"Original City contract authorization from revision 0. Contract revisions and duplicate PO mirrors were not summed. This is an administrator contract, not a business-recipient award.",administrator_level,citywide_context,false,false,false,administrator_address_excluded,never_sum_across_records,City of Chicago Data Portal,rsxa-ify5,po:171980|po:174558,https://data.cityofchicago.org/d/rsxa-ify5,https://data.cityofchicago.org/resource/rsxa-ify5.json?%24where=specification_number%3D%271231590%27&%24order=purchase_order_contract_number%2Crevision_number&%24limit=5000,2021-10-28,2026-07-30T08:17:39.000Z,1231590,171980|174558,2,0,,,,,2021-10-20,2021-12-31
chicago-covid-small-business-support:administrator:171981,chicago-covid-small-business-support,COVID-19 Small Business Support,program_administrator,business_support_administration,federal_covid_relief_unspecified,closed_historical,NORTH BRANCH WORKS,DEPT OF BUSINESS AFFAIRS & CONSUMER PROTECTION,59788.00,,,,"Original City contract authorization from revision 0. Contract revisions and duplicate PO mirrors were not summed. This is an administrator contract, not a business-recipient award.",administrator_level,citywide_context,false,false,false,administrator_address_excluded,never_sum_across_records,City of Chicago Data Portal,rsxa-ify5,po:171981|po:174512,https://data.cityofchicago.org/d/rsxa-ify5,https://data.cityofchicago.org/resource/rsxa-ify5.json?%24where=specification_number%3D%271231590%27&%24order=purchase_order_contract_number%2Crevision_number&%24limit=5000,2021-10-28,2026-07-30T08:17:39.000Z,1231590,171981|174512,3,1,,,,,2021-10-20,2021-12-31
chicago-covid-small-business-support:administrator:171982,chicago-covid-small-business-support,COVID-19 Small Business Support,program_administrator,business_support_administration,federal_covid_relief_unspecified,closed_historical,LAWNDALE BUSINESS RENAISSANCE ASSOCIATION,DEPT OF BUSINESS AFFAIRS & CONSUMER PROTECTION,28426.00,,,,"Original City contract authorization from revision 0. Contract revisions and duplicate PO mirrors were not summed. This is an administrator contract, not a business-recipient award.",administrator_level,citywide_context,false,false,false,administrator_address_excluded,never_sum_across_records,City of Chicago Data Portal,rsxa-ify5,po:171982|po:174568,https://data.cityofchicago.org/d/rsxa-ify5,https://data.cityofchicago.org/resource/rsxa-ify5.json?%24where=specification_number%3D%271231590%27&%24order=purchase_order_contract_number%2Crevision_number&%24limit=5000,2021-10-28,2026-07-30T08:17:39.000Z,1231590,171982|174568,3,1,,,,,2021-10-20,2021-12-31
chicago-covid-small-business-support:administrator:171985,chicago-covid-small-business-support,COVID-19 Small Business Support,program_administrator,business_support_administration,federal_covid_relief_unspecified,closed_historical,CHICAGOLAND CHAMBER OF COMMERCE,DEPARTMENT OF BUSINESS AFFAIRS AND CONSUMER PROTECTION,60000.00,,,,"Original City contract authorization from revision 0. Contract revisions and duplicate PO mirrors were not summed. This is an administrator contract, not a business-recipient award.",administrator_level,citywide_context,false,false,false,administrator_address_excluded,never_sum_across_records,City of Chicago Data Portal,rsxa-ify5,po:171985|po:178180,https://data.cityofchicago.org/d/rsxa-ify5,https://data.cityofchicago.org/resource/rsxa-ify5.json?%24where=specification_number%3D%271231590%27&%24order=purchase_order_contract_number%2Crevision_number&%24limit=5000,2021-10-27,2026-07-30T08:17:39.000Z,1231590,171985|178180,3,1,,,,,2021-10-20,2021-12-31
chicago-covid-small-business-support:administrator:171986,chicago-covid-small-business-support,COVID-19 Small Business Support,program_administrator,business_support_administration,federal_covid_relief_unspecified,closed_historical,BOMA/CHICAGO,DEPARTMENT OF BUSINESS AFFAIRS AND CONSUMER PROTECTION,60000.00,,,,"Original City contract authorization from revision 0. Contract revisions and duplicate PO mirrors were not summed. This is an administrator contract, not a business-recipient award.",administrator_level,citywide_context,false,false,false,administrator_address_excluded,never_sum_across_records,City of Chicago Data Portal,rsxa-ify5,po:171986,https://data.cityofchicago.org/d/rsxa-ify5,https://data.cityofchicago.org/resource/rsxa-ify5.json?%24where=specification_number%3D%271231590%27&%24order=purchase_order_contract_number%2Crevision_number&%24limit=5000,2021-10-27,2026-07-30T08:17:39.000Z,1231590,171986,1,0,,,,,2021-10-20,2021-12-31
chicago-covid-small-business-support:administrator:171987,chicago-covid-small-business-support,COVID-19 Small Business Support,program_administrator,business_support_administration,federal_covid_relief_unspecified,closed_historical,NORTH RIVER COMMISSION 02,DEPT OF BUSINESS AFFAIRS & CONSUMER PROTECTION,17500.00,,,,"Original City contract authorization from revision 0. Contract revisions and duplicate PO mirrors were not summed. This is an administrator contract, not a business-recipient award.",administrator_level,citywide_context,false,false,false,administrator_address_excluded,never_sum_across_records,City of Chicago Data Portal,rsxa-ify5,po:171987|po:175921,https://data.cityofchicago.org/d/rsxa-ify5,https://data.cityofchicago.org/resource/rsxa-ify5.json?%24where=specification_number%3D%271231590%27&%24order=purchase_order_contract_number%2Crevision_number&%24limit=5000,2021-10-28,2026-07-30T08:17:39.000Z,1231590,171987|175921,3,1,,,,,2021-10-20,2021-12-31
chicago-covid-small-business-support:administrator:171988,chicago-covid-small-business-support,COVID-19 Small Business Support,program_administrator,business_support_administration,federal_covid_relief_unspecified,closed_historical,ROGERS PARK BUSINESS ALLIANCE,DEPARTMENT OF BUSINESS AFFAIRS AND CONSUMER PROTECTION,59606.00,,,,"Original City contract authorization from revision 0. Contract revisions and duplicate PO mirrors were not summed. This is an administrator contract, not a business-recipient award.",administrator_level,citywide_context,false,false,false,administrator_address_excluded,never_sum_across_records,City of Chicago Data Portal,rsxa-ify5,po:171988|po:174509,https://data.cityofchicago.org/d/rsxa-ify5,https://data.cityofchicago.org/resource/rsxa-ify5.json?%24where=specification_number%3D%271231590%27&%24order=purchase_order_contract_number%2Crevision_number&%24limit=5000,2021-10-28,2026-07-30T08:17:39.000Z,1231590,171988|174509,3,1,,,,,2021-10-20,2021-12-31
chicago-covid-small-business-support:administrator:174554,chicago-covid-small-business-support,COVID-19 Small Business Support,program_administrator,business_support_administration,federal_covid_relief_unspecified,closed_historical,BOMA/CHICAGO,DEPT OF BUSINESS AFFAIRS & CONSUMER PROTECTION,60000.00,,,,"Original City contract authorization from revision 0. Contract revisions and duplicate PO mirrors were not summed. This is an administrator contract, not a business-recipient award.",administrator_level,citywide_context,false,false,false,administrator_address_excluded,never_sum_across_records,City of Chicago Data Portal,rsxa-ify5,po:174554,https://data.cityofchicago.org/d/rsxa-ify5,https://data.cityofchicago.org/resource/rsxa-ify5.json?%24where=specification_number%3D%271231590%27&%24order=purchase_order_contract_number%2Crevision_number&%24limit=5000,2021-11-22,2026-07-30T08:17:39.000Z,1231590,174554,1,0,,,,,,
chicago-covid-small-business-support:administrator:174555,chicago-covid-small-business-support,COVID-19 Small Business Support,program_administrator,business_support_administration,federal_covid_relief_unspecified,closed_historical,LITTLE VILLAGE COMMUNITY FOUNDATION,DEPT OF BUSINESS AFFAIRS & CONSUMER PROTECTION,10000.00,,,,"Original City contract authorization from revision 0. Contract revisions and duplicate PO mirrors were not summed. This is an administrator contract, not a business-recipient award.",administrator_level,citywide_context,false,false,false,administrator_address_excluded,never_sum_across_records,City of Chicago Data Portal,rsxa-ify5,po:174555,https://data.cityofchicago.org/d/rsxa-ify5,https://data.cityofchicago.org/resource/rsxa-ify5.json?%24where=specification_number%3D%271231590%27&%24order=purchase_order_contract_number%2Crevision_number&%24limit=5000,2021-11-22,2026-07-30T08:17:39.000Z,1231590,174555,2,1,,,,,,2022-04-19
chicago-covid-small-business-support:administrator:174557,chicago-covid-small-business-support,COVID-19 Small Business Support,program_administrator,business_support_administration,federal_covid_relief_unspecified,closed_historical,LINCOLN PARK CHAMBER OF COMMERCE,DEPT OF BUSINESS AFFAIRS & CONSUMER PROTECTION,40000.00,,,,"Original City contract authorization from revision 0. Contract revisions and duplicate PO mirrors were not summed. This is an administrator contract, not a business-recipient award.",administrator_level,citywide_context,false,false,false,administrator_address_excluded,never_sum_across_records,City of Chicago Data Portal,rsxa-ify5,po:174557,https://data.cityofchicago.org/d/rsxa-ify5,https://data.cityofchicago.org/resource/rsxa-ify5.json?%24where=specification_number%3D%271231590%27&%24order=purchase_order_contract_number%2Crevision_number&%24limit=5000,2021-11-22,2026-07-30T08:17:39.000Z,1231590,174557,1,0,,,,,,
chicago-covid-small-business-support:administrator:174570,chicago-covid-small-business-support,COVID-19 Small Business Support,program_administrator,business_support_administration,federal_covid_relief_unspecified,closed_historical,FAR SOUTH COMMUNITY DEVELOPMENT CORPORATION,DEPT OF BUSINESS AFFAIRS & CONSUMER PROTECTION,59993.00,,,,"Original City contract authorization from revision 0. Contract revisions and duplicate PO mirrors were not summed. This is an administrator contract, not a business-recipient award.",administrator_level,citywide_context,false,false,false,administrator_address_excluded,never_sum_across_records,City of Chicago Data Portal,rsxa-ify5,po:174570,https://data.cityofchicago.org/d/rsxa-ify5,https://data.cityofchicago.org/resource/rsxa-ify5.json?%24where=specification_number%3D%271231590%27&%24order=purchase_order_contract_number%2Crevision_number&%24limit=5000,2021-11-22,2026-07-30T08:17:39.000Z,1231590,174570,3,2,,,,,,
chicago-covid-small-business-support:administrator:174572,chicago-covid-small-business-support,COVID-19 Small Business Support,program_administrator,business_support_administration,federal_covid_relief_unspecified,closed_historical,FAR SOUTH COMMUNITY DEVELOPMENT CORPORATION,DEPT OF BUSINESS AFFAIRS & CONSUMER PROTECTION,59993.00,,,,"Original City contract authorization from revision 0. Contract revisions and duplicate PO mirrors were not summed. This is an administrator contract, not a business-recipient award.",administrator_level,citywide_context,false,false,false,administrator_address_excluded,never_sum_across_records,City of Chicago Data Portal,rsxa-ify5,po:174572,https://data.cityofchicago.org/d/rsxa-ify5,https://data.cityofchicago.org/resource/rsxa-ify5.json?%24where=specification_number%3D%271231590%27&%24order=purchase_order_contract_number%2Crevision_number&%24limit=5000,2021-11-22,2026-07-30T08:17:39.000Z,1231590,174572,2,1,,,,,,
chicago-covid-small-business-support:administrator:175089,chicago-covid-small-business-support,COVID-19 Small Business Support,program_administrator,business_support_administration,federal_covid_relief_unspecified,closed_historical,HEGEWISCH BUSINESS ASSOCIATION,DEPT OF BUSINESS AFFAIRS & CONSUMER PROTECTION,59904.00,,,,"Original City contract authorization from revision 0. Contract revisions and duplicate PO mirrors were not summed. This is an administrator contract, not a business-recipient award.",administrator_level,citywide_context,false,false,false,administrator_address_excluded,never_sum_across_records,City of Chicago Data Portal,rsxa-ify5,po:175089,https://data.cityofchicago.org/d/rsxa-ify5,https://data.cityofchicago.org/resource/rsxa-ify5.json?%24where=specification_number%3D%271231590%27&%24order=purchase_order_contract_number%2Crevision_number&%24limit=5000,2021-11-29,2026-07-30T08:17:39.000Z,1231590,175089,3,4,,,,,,
chicago-covid-small-business-support:administrator:175090,chicago-covid-small-business-support,COVID-19 Small Business Support,program_administrator,business_support_administration,federal_covid_relief_unspecified,closed_historical,PUERTO RICAN CULTURAL CENTER,DEPT OF BUSINESS AFFAIRS & CONSUMER PROTECTION,30000.00,,,,"Original City contract authorization from revision 0. Contract revisions and duplicate PO mirrors were not summed. This is an administrator contract, not a business-recipient award.",administrator_level,citywide_context,false,false,false,administrator_address_excluded,never_sum_across_records,City of Chicago Data Portal,rsxa-ify5,po:175090,https://data.cityofchicago.org/d/rsxa-ify5,https://data.cityofchicago.org/resource/rsxa-ify5.json?%24where=specification_number%3D%271231590%27&%24order=purchase_order_contract_number%2Crevision_number&%24limit=5000,2021-11-29,2026-07-30T08:17:39.000Z,1231590,175090,2,1,,,,,,
chicago-covid-small-business-support:administrator:175924,chicago-covid-small-business-support,COVID-19 Small Business Support,program_administrator,business_support_administration,federal_covid_relief_unspecified,closed_historical,BOMA/CHICAGO,DEPT OF BUSINESS AFFAIRS & CONSUMER PROTECTION,60000.00,,,,"Original City contract authorization from revision 0. Contract revisions and duplicate PO mirrors were not summed. This is an administrator contract, not a business-recipient award.",administrator_level,citywide_context,false,false,false,administrator_address_excluded,never_sum_across_records,City of Chicago Data Portal,rsxa-ify5,po:175924,https://data.cityofchicago.org/d/rsxa-ify5,https://data.cityofchicago.org/resource/rsxa-ify5.json?%24where=specification_number%3D%271231590%27&%24order=purchase_order_contract_number%2Crevision_number&%24limit=5000,2021-12-07,2026-07-30T08:17:39.000Z,1231590,175924,1,0,,,,,,
chicago-covid-small-business-support:administrator:176209,chicago-covid-small-business-support,COVID-19 Small Business Support,program_administrator,business_support_administration,federal_covid_relief_unspecified,closed_historical,GREATER SOUTHWEST DEV CORP,DEPT OF BUSINESS AFFAIRS & CONSUMER PROTECTION,56159.00,,,,"Original City contract authorization from revision 0. Contract revisions and duplicate PO mirrors were not summed. This is an administrator contract, not a business-recipient award.",administrator_level,citywide_context,false,false,false,administrator_address_excluded,never_sum_across_records,City of Chicago Data Portal,rsxa-ify5,po:176209,https://data.cityofchicago.org/d/rsxa-ify5,https://data.cityofchicago.org/resource/rsxa-ify5.json?%24where=specification_number%3D%271231590%27&%24order=purchase_order_contract_number%2Crevision_number&%24limit=5000,2021-12-08,2026-07-30T08:17:39.000Z,1231590,176209,2,2,,,,,,
chicago-covid-small-business-support:administrator:177981,chicago-covid-small-business-support,COVID-19 Small Business Support,program_administrator,business_support_administration,federal_covid_relief_unspecified,closed_historical,GREATER CHATHAM INITIATIVE,DEPT OF BUSINESS AFFAIRS & CONSUMER PROTECTION,60000.00,,,,"Original City contract authorization from revision 0. Contract revisions and duplicate PO mirrors were not summed. This is an administrator contract, not a business-recipient award.",administrator_level,citywide_context,false,false,false,administrator_address_excluded,never_sum_across_records,City of Chicago Data Portal,rsxa-ify5,po:177981,https://data.cityofchicago.org/d/rsxa-ify5,https://data.cityofchicago.org/resource/rsxa-ify5.json?%24where=specification_number%3D%271231590%27&%24order=purchase_order_contract_number%2Crevision_number&%24limit=5000,2021-12-27,2026-07-30T08:17:39.000Z,1231590,177981,4,3,,,,,,
chicago-covid-small-business-support:administrator:178036,chicago-covid-small-business-support,COVID-19 Small Business Support,program_administrator,business_support_administration,federal_covid_relief_unspecified,closed_historical,TOGETHER CHICAGO INC,DEPT OF BUSINESS AFFAIRS & CONSUMER PROTECTION,60000.00,,,,"Original City contract authorization from revision 0. Contract revisions and duplicate PO mirrors were not summed. This is an administrator contract, not a business-recipient award.",administrator_level,citywide_context,false,false,false,administrator_address_excluded,never_sum_across_records,City of Chicago Data Portal,rsxa-ify5,po:178036,https://data.cityofchicago.org/d/rsxa-ify5,https://data.cityofchicago.org/resource/rsxa-ify5.json?%24where=specification_number%3D%271231590%27&%24order=purchase_order_contract_number%2Crevision_number&%24limit=5000,2021-12-28,2026-07-30T08:17:39.000Z,1231590,178036,2,1,,,,,,2022-09-22
chicago-covid-small-business-support:administrator:179599,chicago-covid-small-business-support,COVID-19 Small Business Support,program_administrator,business_support_administration,federal_covid_relief_unspecified,closed_historical,WOMEN'S BUSINESS DEVELOPMENT CENTER,DEPT OF BUSINESS AFFAIRS & CONSUMER PROTECTION,60000.00,,,,"Original City contract authorization from revision 0. Contract revisions and duplicate PO mirrors were not summed. This is an administrator contract, not a business-recipient award.",administrator_level,citywide_context,false,false,false,administrator_address_excluded,never_sum_across_records,City of Chicago Data Portal,rsxa-ify5,po:179599,https://data.cityofchicago.org/d/rsxa-ify5,https://data.cityofchicago.org/resource/rsxa-ify5.json?%24where=specification_number%3D%271231590%27&%24order=purchase_order_contract_number%2Crevision_number&%24limit=5000,2022-01-19,2026-07-30T08:17:39.000Z,1231590,179599,4,3,,,,,,
chicago-covid-small-business-support:administrator:179600,chicago-covid-small-business-support,COVID-19 Small Business Support,program_administrator,business_support_administration,federal_covid_relief_unspecified,closed_historical,GREATER CHATHAM INITIATIVE,DEPT OF BUSINESS AFFAIRS & CONSUMER PROTECTION,60000.00,,,,"Original City contract authorization from revision 0. Contract revisions and duplicate PO mirrors were not summed. This is an administrator contract, not a business-recipient award.",administrator_level,citywide_context,false,false,false,administrator_address_excluded,never_sum_across_records,City of Chicago Data Portal,rsxa-ify5,po:179600,https://data.cityofchicago.org/d/rsxa-ify5,https://data.cityofchicago.org/resource/rsxa-ify5.json?%24where=specification_number%3D%271231590%27&%24order=purchase_order_contract_number%2Crevision_number&%24limit=5000,2022-01-19,2026-07-30T08:17:39.000Z,1231590,179600,3,2,,,,,,
chicago-covid-small-business-support:administrator:179605,chicago-covid-small-business-support,COVID-19 Small Business Support,program_administrator,business_support_administration,federal_covid_relief_unspecified,closed_historical,LAKEVIEW EAST CHAM OF COMMERCE|CLEANED-UP,DEPT OF BUSINESS AFFAIRS & CONSUMER PROTECTION,25000.00,,,,"Original City contract authorization from revision 0. Contract revisions and duplicate PO mirrors were not summed. This is an administrator contract, not a business-recipient award.",administrator_level,citywide_context,false,false,false,administrator_address_excluded,never_sum_across_records,City of Chicago Data Portal,rsxa-ify5,po:179605,https://data.cityofchicago.org/d/rsxa-ify5,https://data.cityofchicago.org/resource/rsxa-ify5.json?%24where=specification_number%3D%271231590%27&%24order=purchase_order_contract_number%2Crevision_number&%24limit=5000,2022-01-19,2026-07-30T08:17:39.000Z,1231590,179605,2,1,,,,,,
chicago-covid-small-business-support:administrator:180086,chicago-covid-small-business-support,COVID-19 Small Business Support,program_administrator,business_support_administration,federal_covid_relief_unspecified,closed_historical,WOMEN'S BUSINESS DEVELOPMENT CENTER,DEPT OF BUSINESS AFFAIRS & CONSUMER PROTECTION,60000.00,,,,"Original City contract authorization from revision 0. Contract revisions and duplicate PO mirrors were not summed. This is an administrator contract, not a business-recipient award.",administrator_level,citywide_context,false,false,false,administrator_address_excluded,never_sum_across_records,City of Chicago Data Portal,rsxa-ify5,po:180086,https://data.cityofchicago.org/d/rsxa-ify5,https://data.cityofchicago.org/resource/rsxa-ify5.json?%24where=specification_number%3D%271231590%27&%24order=purchase_order_contract_number%2Crevision_number&%24limit=5000,2022-01-25,2026-07-30T08:17:39.000Z,1231590,180086,3,2,,,,,,
chicago-covid-small-business-support:administrator:204303,chicago-covid-small-business-support,COVID-19 Small Business Support,program_administrator,business_support_administration,federal_covid_relief_unspecified,closed_historical,TOGETHER CHICAGO INC,DEPARTMENT OF FINANCE,5222.90,,,,"Original City contract authorization from revision 0. Contract revisions and duplicate PO mirrors were not summed. This is an administrator contract, not a business-recipient award.",administrator_level,citywide_context,false,false,false,administrator_address_excluded,never_sum_across_records,City of Chicago Data Portal,rsxa-ify5,po:204303,https://data.cityofchicago.org/d/rsxa-ify5,https://data.cityofchicago.org/resource/rsxa-ify5.json?%24where=specification_number%3D%271231590%27&%24order=purchase_order_contract_number%2Crevision_number&%24limit=5000,2022-09-28,2026-07-30T08:17:39.000Z,1231590,204303,1,0,,,,,,
chicago-covid-small-business-support:program,chicago-covid-small-business-support,COVID-19 Small Business Support,program,business_support_administration,federal_covid_relief_unspecified,closed_historical,,Department of Business Affairs and Consumer Protection,,,,,Closed historical program context. Administrator contracts are represented separately and must not be summed into a program total.,program_level,citywide_context,false,false,false,no_recipient_address_available,never_sum_across_records,City of Chicago Data Portal,rsxa-ify5,covidSmallBusinessSupport,https://data.cityofchicago.org/d/rsxa-ify5,https://data.cityofchicago.org/resource/rsxa-ify5.json?%24where=specification_number%3D%271231590%27&%24order=purchase_order_contract_number%2Crevision_number&%24limit=5000,,2026-07-30T08:17:39.000Z,,,0,,,,,,,
chicago-hospitality-grant:administrator:144296,chicago-hospitality-grant,Chicago Hospitality Grant,program_administrator,grant_administration,cares_act,closed_historical,ACCION CHICAGO,DEPARTMENT OF BUSINESS AFFAIRS AND CONSUMER PROTECTION,10000000.00,,,,"Original City contract authorization from revision 0. Contract revisions and duplicate PO mirrors were not summed. This is an administrator contract, not a business-recipient award.",administrator_level,citywide_context,false,false,false,administrator_address_excluded,never_sum_across_records,City of Chicago Data Portal,rsxa-ify5,po:144296|po:144588,https://data.cityofchicago.org/d/rsxa-ify5,https://data.cityofchicago.org/resource/rsxa-ify5.json?%24where=specification_number%3D%271215482%27&%24order=purchase_order_contract_number%2Crevision_number&%24limit=5000,2020-12-14,2026-07-30T08:17:39.000Z,1215482,144296|144588,3,2,,,,,2020-11-02,2021-03-08
chicago-hospitality-grant:program,chicago-hospitality-grant,Chicago Hospitality Grant,program,grant,cares_act,closed_historical,,Department of Business Affairs and Consumer Protection,,,,,Closed historical program context. Administrator contracts are represented separately and must not be summed into a program total.,program_level,citywide_context,false,false,false,no_recipient_address_available,never_sum_across_records,City of Chicago Data Portal,rsxa-ify5,chicagoHospitalityGrant,https://data.cityofchicago.org/d/rsxa-ify5,https://data.cityofchicago.org/resource/rsxa-ify5.json?%24where=specification_number%3D%271215482%27&%24order=purchase_order_contract_number%2Crevision_number&%24limit=5000,,2026-07-30T08:17:39.000Z,,,0,,,,,,,
chicago-microbusiness-recovery-grant:program,chicago-microbusiness-recovery-grant,Chicago Microbusiness Recovery Grant Program,program,grant,cares_era_city_program,closed_historical,,Department of Business Affairs and Consumer Protection,5000000.00,,,,"The official grant administrator described a $5 million program and grants of $5,000. This is an announced historical program amount, not a recipient roster or payment total.",program_level,eligible_community_areas_context,false,false,false,no_recipient_address_available,never_sum_across_records,"Chicago Urban League, official grant administrator",,microbusiness-recovery-grant-2020-04-29,https://chiul.org/2020/04/29/apply-for-the-city-of-chicagos-microbusiness-recovery-grant-program-by-may-4/,,2020-04-29,,,,0,,,,,,,
chicago-performance-venue-relief:administrator:144242,chicago-performance-venue-relief,Performance Venue Relief Program,program_administrator,grant_administration,cares_era_city_program,closed_historical,ACCION CHICAGO,DEPARTMENT OF CULTURAL AFFAIRS,1184000.00,,,,"Original City contract authorization from revision 0. Contract revisions and duplicate PO mirrors were not summed. This is an administrator contract, not a business-recipient award.",administrator_level,citywide_context,false,false,false,administrator_address_excluded,never_sum_across_records,City of Chicago Data Portal,rsxa-ify5,po:144242,https://data.cityofchicago.org/d/rsxa-ify5,https://data.cityofchicago.org/resource/rsxa-ify5.json?%24where=purchase_order_contract_number%3D%27144242%27&%24order=purchase_order_contract_number%2Crevision_number&%24limit=5000,2020-12-10,2026-07-30T08:17:39.000Z,1215374,144242,1,0,,,,,2020-10-01,2020-12-31
chicago-performance-venue-relief:program,chicago-performance-venue-relief,Performance Venue Relief Program,program,grant,cares_era_city_program,closed_historical,,Department of Cultural Affairs,,,,,Closed historical program context. Administrator contracts are represented separately and must not be summed into a program total.,program_level,citywide_context,false,false,false,no_recipient_address_available,never_sum_across_records,City of Chicago Data Portal,rsxa-ify5,performanceVenueRelief,https://data.cityofchicago.org/d/rsxa-ify5,https://data.cityofchicago.org/resource/rsxa-ify5.json?%24where=purchase_order_contract_number%3D%27144242%27&%24order=purchase_order_contract_number%2Crevision_number&%24limit=5000,,2026-07-30T08:17:39.000Z,,,0,,,,,,,
chicago-small-business-resiliency-fund:program,chicago-small-business-resiliency-fund,Chicago Small Business Resiliency Fund,program,loan,cares_era_public_private,closed_historical,,Chicago City Treasurer,50000000.00,,,,"The Treasurer describes an investment of up to $50 million. This is an announced historical program ceiling, not a recipient disbursement total.",program_level,citywide_context,false,false,false,no_recipient_address_available,never_sum_across_records,Chicago City Treasurer,,catalyst-fund,https://chicagocitytreasurer.com/catalyst-fund/,,,,,,0,,,,,,,
chicago-together-now:administrator:135349,chicago-together-now,Together Now,program_administrator,grant_administration,cares_era_mixed_or_unspecified,closed_historical,ACCION CHICAGO,DEPT OF BUSINESS AFFAIRS & CONSUMER PROTECTION,2156000.00,,,,"Original City contract authorization from revision 0. Contract revisions and duplicate PO mirrors were not summed. This is an administrator contract, not a business-recipient award.",administrator_level,citywide_context,false,false,false,administrator_address_excluded,never_sum_across_records,City of Chicago Data Portal,rsxa-ify5,po:135349,https://data.cityofchicago.org/d/rsxa-ify5,https://data.cityofchicago.org/resource/rsxa-ify5.json?%24where=upper%28purchase_order_description%29+like+%27%25TOGETHER+NOW%25%27&%24order=purchase_order_contract_number%2Crevision_number&%24limit=5000,2020-08-05,2026-07-30T08:17:39.000Z,1208223,135349,1,0,,,,,2020-06-15,2020-12-31
chicago-together-now:administrator:135576,chicago-together-now,Together Now,program_administrator,grant_administration,cares_era_mixed_or_unspecified,closed_historical,WOMEN'S BUSINESS DEVELOPMENT CENTER,Department of Business Affairs and Consumer Protection,1980000.00,,,,"Original City contract authorization from revision 0. Contract revisions and duplicate PO mirrors were not summed. This is an administrator contract, not a business-recipient award.",administrator_level,citywide_context,false,false,false,administrator_address_excluded,never_sum_across_records,City of Chicago Data Portal,rsxa-ify5,po:135576|po:135776,https://data.cityofchicago.org/d/rsxa-ify5,https://data.cityofchicago.org/resource/rsxa-ify5.json?%24where=upper%28purchase_order_description%29+like+%27%25TOGETHER+NOW%25%27&%24order=purchase_order_contract_number%2Crevision_number&%24limit=5000,2020-08-10,2026-07-30T08:17:39.000Z,1208521,135576|135776,2,0,,,,,2020-06-15,2020-12-31
chicago-together-now:administrator:135774,chicago-together-now,Together Now,program_administrator,grant_administration,cares_era_mixed_or_unspecified,closed_historical,ACCION CHICAGO,DEPT OF BUSINESS AFFAIRS & CONSUMER PROTECTION,2076000.00,,,,"Original City contract authorization from revision 0. Contract revisions and duplicate PO mirrors were not summed. This is an administrator contract, not a business-recipient award.",administrator_level,citywide_context,false,false,false,administrator_address_excluded,never_sum_across_records,City of Chicago Data Portal,rsxa-ify5,po:135774,https://data.cityofchicago.org/d/rsxa-ify5,https://data.cityofchicago.org/resource/rsxa-ify5.json?%24where=upper%28purchase_order_description%29+like+%27%25TOGETHER+NOW%25%27&%24order=purchase_order_contract_number%2Crevision_number&%24limit=5000,2020-08-11,2026-07-30T08:17:39.000Z,1208223,135774,1,0,,,,,,
chicago-together-now:administrator:135778,chicago-together-now,Together Now,program_administrator,grant_administration,cares_era_mixed_or_unspecified,closed_historical,CHICAGO COMMUNITY LOAN FUND,DEPT OF BUSINESS AFFAIRS & CONSUMER PROTECTION,1862000.00,,,,"Original City contract authorization from revision 0. Contract revisions and duplicate PO mirrors were not summed. This is an administrator contract, not a business-recipient award.",administrator_level,citywide_context,false,false,false,administrator_address_excluded,never_sum_across_records,City of Chicago Data Portal,rsxa-ify5,po:135778,https://data.cityofchicago.org/d/rsxa-ify5,https://data.cityofchicago.org/resource/rsxa-ify5.json?%24where=upper%28purchase_order_description%29+like+%27%25TOGETHER+NOW%25%27&%24order=purchase_order_contract_number%2Crevision_number&%24limit=5000,2020-08-11,2026-07-30T08:17:39.000Z,1208522,135778,2,1,,,,,,
chicago-together-now:administrator:135870,chicago-together-now,Together Now,program_administrator,grant_administration,cares_era_mixed_or_unspecified,closed_historical,CHICAGO URBAN LEAGUE DEV CORP,DEPT OF BUSINESS AFFAIRS & CONSUMER PROTECTION,1419000.00,,,,"Original City contract authorization from revision 0. Contract revisions and duplicate PO mirrors were not summed. This is an administrator contract, not a business-recipient award.",administrator_level,citywide_context,false,false,false,administrator_address_excluded,never_sum_across_records,City of Chicago Data Portal,rsxa-ify5,po:135870|po:136009,https://data.cityofchicago.org/d/rsxa-ify5,https://data.cityofchicago.org/resource/rsxa-ify5.json?%24where=upper%28purchase_order_description%29+like+%27%25TOGETHER+NOW%25%27&%24order=purchase_order_contract_number%2Crevision_number&%24limit=5000,2020-08-13,2026-07-30T08:17:39.000Z,1208715,135870|136009,3,2,,,,,2020-06-01,2020-12-31
chicago-together-now:program,chicago-together-now,Together Now,program,grant,cares_era_mixed_or_unspecified,closed_historical,,Department of Business Affairs and Consumer Protection,,,,,Closed historical program context. Administrator contracts are represented separately and must not be summed into a program total.,program_level,citywide_context,false,false,false,no_recipient_address_available,never_sum_across_records,City of Chicago Data Portal,rsxa-ify5,togetherNow,https://data.cityofchicago.org/d/rsxa-ify5,https://data.cityofchicago.org/resource/rsxa-ify5.json?%24where=upper%28purchase_order_description%29+like+%27%25TOGETHER+NOW%25%27&%24order=purchase_order_contract_number%2Crevision_number&%24limit=5000,,2026-07-30T08:17:39.000Z,,,0,,,,,,,
