file,raw_idx,action,flag
foundation_grants_tier1_expansion.csv,2553,keep-flagged,Two source line items; award-level distinctness not independently verified.
foundation_grants_tier1_expansion.csv,2554,keep-flagged,Two source line items; award-level distinctness not independently verified.
foundation_grants_tier1_expansion.csv,2531,keep-flagged,Two source line items; award-level distinctness not independently verified.
foundation_grants_tier1_expansion.csv,2532,keep-flagged,Two source line items; award-level distinctness not independently verified.
foundation_grants_geocoded.csv,1099,keep-flagged,Two source line items; award-level distinctness not independently verified.
foundation_grants_geocoded.csv,1100,keep-flagged,Two source line items; award-level distinctness not independently verified.
foundation_grants_geocoded.csv,1101,keep-flagged,Two source line items; award-level distinctness not independently verified.
foundation_grants_geocoded.csv,1102,keep-flagged,Two source line items; award-level distinctness not independently verified.
foundation_grants_geocoded.csv,1105,keep-flagged,Two source line items; award-level distinctness not independently verified.
foundation_grants_geocoded.csv,1106,keep-flagged,Two source line items; award-level distinctness not independently verified.
foundation_grants_geocoded.csv,133,keep-flagged,Two source line items; award-level distinctness not independently verified.
foundation_grants_geocoded.csv,134,keep-flagged,Two source line items; award-level distinctness not independently verified.
foundation_grants_geocoded.csv,535,keep-flagged,Two source line items; award-level distinctness not independently verified.
foundation_grants_geocoded.csv,536,keep-flagged,Two source line items; award-level distinctness not independently verified.
foundation_grants_geocoded.csv,925,keep-flagged,Two source line items; award-level distinctness not independently verified.
foundation_grants_geocoded.csv,926,keep-flagged,Two source line items; award-level distinctness not independently verified.
foundation_grants_geocoded.csv,812,keep-flagged,Two source line items; award-level distinctness not independently verified.
foundation_grants_geocoded.csv,813,keep-flagged,Two source line items; award-level distinctness not independently verified.
foundation_grants_geocoded.csv,17,keep-flagged,Two source line items; award-level distinctness not independently verified.
foundation_grants_geocoded.csv,18,keep-flagged,Two source line items; award-level distinctness not independently verified.
foundation_grants_geocoded.csv,868,keep-flagged,Two source line items; award-level distinctness not independently verified.
foundation_grants_geocoded.csv,869,keep-flagged,Two source line items; award-level distinctness not independently verified.
foundation_grants_geocoded.csv,325,keep-flagged,Two source line items; award-level distinctness not independently verified.
foundation_grants_geocoded.csv,326,keep-flagged,Two source line items; award-level distinctness not independently verified.
foundation_grants_geocoded.csv,254,keep-flagged,Two source line items; award-level distinctness not independently verified.
foundation_grants_geocoded.csv,255,keep-flagged,Two source line items; award-level distinctness not independently verified.
foundation_grants_geocoded.csv,19,keep-flagged,Two source line items; award-level distinctness not independently verified.
foundation_grants_geocoded.csv,20,keep-flagged,Two source line items; award-level distinctness not independently verified.
foundation_grants_geocoded.csv,197,keep-flagged,Two source line items; award-level distinctness not independently verified.
foundation_grants_geocoded.csv,198,keep-flagged,Two source line items; award-level distinctness not independently verified.
foundation_grants_geocoded.csv,1116,keep-flagged,Two source line items; award-level distinctness not independently verified.
foundation_grants_geocoded.csv,1117,keep-flagged,Two source line items; award-level distinctness not independently verified.
foundation_grants_geocoded.csv,1121,keep-flagged,Two source line items; award-level distinctness not independently verified.
foundation_grants_geocoded.csv,1122,keep-flagged,Two source line items; award-level distinctness not independently verified.
foundation_grants_geocoded.csv,50,keep-flagged,Two source line items; award-level distinctness not independently verified.
foundation_grants_geocoded.csv,51,keep-flagged,Two source line items; award-level distinctness not independently verified.
foundation_grants_geocoded.csv,1206,keep-flagged,Two source line items; award-level distinctness not independently verified.
foundation_grants_geocoded.csv,1207,keep-flagged,Two source line items; award-level distinctness not independently verified.
foundation_grants_geocoded.csv,151,keep-flagged,Two source line items; award-level distinctness not independently verified.
foundation_grants_geocoded.csv,152,keep-flagged,Two source line items; award-level distinctness not independently verified.
foundation_grants_geocoded.csv,1042,keep-flagged,Two source line items; award-level distinctness not independently verified.
foundation_grants_geocoded.csv,1043,keep-flagged,Two source line items; award-level distinctness not independently verified.
foundation_grants_geocoded.csv,947,keep-flagged,Two source line items; award-level distinctness not independently verified.
foundation_grants_geocoded.csv,948,keep-flagged,Two source line items; award-level distinctness not independently verified.
foundation_grants_geocoded.csv,1134,keep-flagged,Two source line items; award-level distinctness not independently verified.
foundation_grants_geocoded.csv,1135,keep-flagged,Two source line items; award-level distinctness not independently verified.
foundation_grants_geocoded.csv,1136,keep-flagged,Two source line items; award-level distinctness not independently verified.
foundation_grants_geocoded.csv,1137,keep-flagged,Two source line items; award-level distinctness not independently verified.
foundation_grants_geocoded.csv,112,keep-flagged,Two source line items; award-level distinctness not independently verified.
foundation_grants_geocoded.csv,113,keep-flagged,Two source line items; award-level distinctness not independently verified.
foundation_grants_geocoded.csv,1141,keep-flagged,Two source line items; award-level distinctness not independently verified.
foundation_grants_geocoded.csv,1142,keep-flagged,Two source line items; award-level distinctness not independently verified.
foundation_grants_geocoded.csv,1143,keep-flagged,Two source line items; award-level distinctness not independently verified.
foundation_grants_geocoded.csv,1144,keep-flagged,Two source line items; award-level distinctness not independently verified.
foundation_grants_geocoded.csv,65,keep-flagged,Two source line items; award-level distinctness not independently verified.
foundation_grants_geocoded.csv,66,keep-flagged,Two source line items; award-level distinctness not independently verified.
foundation_grants_geocoded.csv,25,keep-flagged,Two source line items; award-level distinctness not independently verified.
foundation_grants_geocoded.csv,26,keep-flagged,Two source line items; award-level distinctness not independently verified.
foundation_grants_geocoded.csv,212,keep-flagged,Two source line items; award-level distinctness not independently verified.
foundation_grants_geocoded.csv,213,keep-flagged,Two source line items; award-level distinctness not independently verified.
foundation_grants_geocoded.csv,1152,keep-flagged,Two source line items; award-level distinctness not independently verified.
foundation_grants_geocoded.csv,1153,keep-flagged,Two source line items; award-level distinctness not independently verified.
foundation_grants_geocoded.csv,6,keep-flagged,Two source line items; award-level distinctness not independently verified.
foundation_grants_geocoded.csv,7,keep-flagged,Two source line items; award-level distinctness not independently verified.
foundation_grants_geocoded.csv,573,keep-flagged,Two source line items; award-level distinctness not independently verified.
foundation_grants_geocoded.csv,574,keep-flagged,Two source line items; award-level distinctness not independently verified.
foundation_grants_geocoded.csv,168,keep-flagged,Two source line items; award-level distinctness not independently verified.
foundation_grants_geocoded.csv,169,keep-flagged,Two source line items; award-level distinctness not independently verified.
foundation_grants_geocoded.csv,117,keep-flagged,Two source line items; award-level distinctness not independently verified.
foundation_grants_geocoded.csv,118,keep-flagged,Two source line items; award-level distinctness not independently verified.
foundation_grants_geocoded.csv,579,keep-flagged,Two source line items; award-level distinctness not independently verified.
foundation_grants_geocoded.csv,580,keep-flagged,Two source line items; award-level distinctness not independently verified.
foundation_grants_geocoded.csv,174,keep-flagged,Two source line items; award-level distinctness not independently verified.
foundation_grants_geocoded.csv,175,keep-flagged,Two source line items; award-level distinctness not independently verified.
foundation_grants_geocoded.csv,177,keep-flagged,Two source line items; award-level distinctness not independently verified.
foundation_grants_geocoded.csv,178,keep-flagged,Two source line items; award-level distinctness not independently verified.
foundation_grants_geocoded.csv,582,keep-flagged,Two source line items; award-level distinctness not independently verified.
foundation_grants_geocoded.csv,583,keep-flagged,Two source line items; award-level distinctness not independently verified.
foundation_grants_geocoded.csv,584,keep-flagged,Two source line items; award-level distinctness not independently verified.
foundation_grants_geocoded.csv,278,keep-flagged,Two source line items; award-level distinctness not independently verified.
foundation_grants_geocoded.csv,279,keep-flagged,Two source line items; award-level distinctness not independently verified.
foundation_grants_geocoded.csv,280,keep-flagged,Two source line items; award-level distinctness not independently verified.
foundation_grants_geocoded.csv,670,keep-flagged,Two source line items; award-level distinctness not independently verified.
foundation_grants_geocoded.csv,671,keep-flagged,Two source line items; award-level distinctness not independently verified.
foundation_grants_geocoded.csv,672,keep-flagged,Two source line items; award-level distinctness not independently verified.
foundation_grants_geocoded.csv,1155,keep-flagged,Two source line items; award-level distinctness not independently verified.
foundation_grants_geocoded.csv,1157,keep-flagged,Two source line items; award-level distinctness not independently verified.
foundation_grants_phase3_expansion.csv,3272,keep-flagged,Two source line items; award-level distinctness not independently verified.
foundation_grants_phase3_expansion.csv,3273,keep-flagged,Two source line items; award-level distinctness not independently verified.
foundation_grants_phase3_expansion.csv,3214,keep-flagged,Two source line items; award-level distinctness not independently verified.
foundation_grants_phase3_expansion.csv,3215,keep-flagged,Two source line items; award-level distinctness not independently verified.
foundation_grants_phase3_expansion.csv,3285,keep-flagged,Two source line items; award-level distinctness not independently verified.
foundation_grants_phase3_expansion.csv,3286,keep-flagged,Two source line items; award-level distinctness not independently verified.
foundation_grants_phase2_expansion.csv,7881,keep-flagged,Two source line items; award-level distinctness not independently verified.
foundation_grants_phase2_expansion.csv,7882,keep-flagged,Two source line items; award-level distinctness not independently verified.
foundation_grants_phase2_expansion.csv,8146,keep-flagged,Two source line items; award-level distinctness not independently verified.
foundation_grants_phase2_expansion.csv,8147,keep-flagged,Two source line items; award-level distinctness not independently verified.
foundation_grants_phase2_expansion.csv,7900,keep-flagged,Two source line items; award-level distinctness not independently verified.
foundation_grants_phase2_expansion.csv,7901,keep-flagged,Two source line items; award-level distinctness not independently verified.
foundation_grants_phase2_expansion.csv,8075,keep-flagged,Two source line items; award-level distinctness not independently verified.
foundation_grants_phase2_expansion.csv,8076,keep-flagged,Two source line items; award-level distinctness not independently verified.
foundation_grants_phase2_expansion.csv,8163,keep-flagged,Two source line items; award-level distinctness not independently verified.
foundation_grants_phase2_expansion.csv,8164,keep-flagged,Two source line items; award-level distinctness not independently verified.
foundation_grants_phase2_expansion.csv,3477,keep-flagged,Two source line items; award-level distinctness not independently verified.
foundation_grants_phase2_expansion.csv,3482,keep-flagged,Two source line items; award-level distinctness not independently verified.
foundation_grants_phase2_expansion.csv,3483,keep-flagged,Two source line items; award-level distinctness not independently verified.
foundation_grants_phase2_expansion.csv,3503,keep-flagged,Two source line items; award-level distinctness not independently verified.
foundation_grants_phase2_expansion.csv,3505,keep-flagged,Two source line items; award-level distinctness not independently verified.
foundation_grants_phase2_expansion.csv,3542,keep-flagged,Two source line items; award-level distinctness not independently verified.
foundation_grants_phase2_expansion.csv,3543,keep-flagged,Two source line items; award-level distinctness not independently verified.
foundation_grants_phase2_expansion.csv,3529,keep-flagged,Two source line items; award-level distinctness not independently verified.
foundation_grants_phase2_expansion.csv,3530,keep-flagged,Two source line items; award-level distinctness not independently verified.
foundation_grants_phase2_expansion.csv,3319,keep-flagged,Two source line items; award-level distinctness not independently verified.
foundation_grants_phase2_expansion.csv,3353,keep-flagged,Two source line items; award-level distinctness not independently verified.
foundation_grants_phase2_expansion.csv,3568,keep-flagged,Two source line items; award-level distinctness not independently verified.
foundation_grants_phase2_expansion.csv,3569,keep-flagged,Two source line items; award-level distinctness not independently verified.
foundation_grants_phase2_expansion.csv,8730,keep-flagged,Two source line items; award-level distinctness not independently verified.
foundation_grants_phase2_expansion.csv,8737,keep-flagged,Two source line items; award-level distinctness not independently verified.
foundation_grants_geocoded.csv,4589,keep-flagged,Two source line items; award-level distinctness not independently verified.
foundation_grants_geocoded.csv,4601,keep-flagged,Two source line items; award-level distinctness not independently verified.
foundation_grants_geocoded.csv,4304,keep-flagged,Two source line items; award-level distinctness not independently verified.
foundation_grants_geocoded.csv,4319,keep-flagged,Two source line items; award-level distinctness not independently verified.
foundation_grants_geocoded.csv,4548,keep-flagged,Two source line items; award-level distinctness not independently verified.
foundation_grants_geocoded.csv,4549,keep-flagged,Two source line items; award-level distinctness not independently verified.
foundation_grants_geocoded.csv,4178,keep-flagged,Two source line items; award-level distinctness not independently verified.
foundation_grants_geocoded.csv,4179,keep-flagged,Two source line items; award-level distinctness not independently verified.
foundation_grants_phase2_expansion.csv,2555,keep-flagged,Two source line items; award-level distinctness not independently verified.
foundation_grants_phase2_expansion.csv,2557,keep-flagged,Two source line items; award-level distinctness not independently verified.
foundation_grants_phase2_expansion.csv,2563,keep-flagged,Two source line items; award-level distinctness not independently verified.
foundation_grants_phase2_expansion.csv,2568,keep-flagged,Two source line items; award-level distinctness not independently verified.
foundation_grants_tier1_expansion.csv,1079,keep-flagged,Two source line items; award-level distinctness not independently verified.
foundation_grants_tier1_expansion.csv,1080,keep-flagged,Two source line items; award-level distinctness not independently verified.
foundation_grants_phase2_expansion.csv,5807,keep-flagged,Two source line items; award-level distinctness not independently verified.
foundation_grants_phase2_expansion.csv,5808,keep-flagged,Two source line items; award-level distinctness not independently verified.
foundation_grants_phase2_expansion.csv,5827,keep-flagged,Two source line items; award-level distinctness not independently verified.
foundation_grants_phase2_expansion.csv,5828,keep-flagged,Two source line items; award-level distinctness not independently verified.
foundation_grants_phase2_expansion.csv,5825,keep-flagged,Two source line items; award-level distinctness not independently verified.
foundation_grants_phase2_expansion.csv,5826,keep-flagged,Two source line items; award-level distinctness not independently verified.
foundation_grants_phase2_expansion.csv,5851,keep-flagged,Two source line items; award-level distinctness not independently verified.
foundation_grants_phase2_expansion.csv,5852,keep-flagged,Two source line items; award-level distinctness not independently verified.
foundation_grants_phase2_expansion.csv,5858,keep-flagged,Two source line items; award-level distinctness not independently verified.
foundation_grants_phase2_expansion.csv,5859,keep-flagged,Two source line items; award-level distinctness not independently verified.
foundation_grants_phase2_expansion.csv,5866,keep-flagged,Two source line items; award-level distinctness not independently verified.
foundation_grants_phase2_expansion.csv,5867,keep-flagged,Two source line items; award-level distinctness not independently verified.
foundation_grants_phase2_expansion.csv,5874,keep-flagged,Two source line items; award-level distinctness not independently verified.
foundation_grants_phase2_expansion.csv,5875,keep-flagged,Two source line items; award-level distinctness not independently verified.
foundation_grants_phase2_expansion.csv,5890,keep-flagged,Two source line items; award-level distinctness not independently verified.
foundation_grants_phase2_expansion.csv,5891,keep-flagged,Two source line items; award-level distinctness not independently verified.
foundation_grants_phase2_expansion.csv,5897,keep-flagged,Two source line items; award-level distinctness not independently verified.
foundation_grants_phase2_expansion.csv,5898,keep-flagged,Two source line items; award-level distinctness not independently verified.
foundation_grants_phase2_expansion.csv,5904,keep-flagged,Two source line items; award-level distinctness not independently verified.
foundation_grants_phase2_expansion.csv,5905,keep-flagged,Two source line items; award-level distinctness not independently verified.
foundation_grants_phase2_expansion.csv,5924,keep-flagged,Two source line items; award-level distinctness not independently verified.
foundation_grants_phase2_expansion.csv,5925,keep-flagged,Two source line items; award-level distinctness not independently verified.
foundation_grants_phase2_expansion.csv,5943,keep-flagged,Two source line items; award-level distinctness not independently verified.
foundation_grants_phase2_expansion.csv,5944,keep-flagged,Two source line items; award-level distinctness not independently verified.
foundation_grants_phase2_expansion.csv,5968,keep-flagged,Two source line items; award-level distinctness not independently verified.
foundation_grants_phase2_expansion.csv,5969,keep-flagged,Two source line items; award-level distinctness not independently verified.
foundation_grants_phase2_expansion.csv,5983,keep-flagged,Two source line items; award-level distinctness not independently verified.
foundation_grants_phase2_expansion.csv,5984,keep-flagged,Two source line items; award-level distinctness not independently verified.
foundation_grants_phase2_expansion.csv,5991,keep-flagged,Two source line items; award-level distinctness not independently verified.
foundation_grants_phase2_expansion.csv,5992,keep-flagged,Two source line items; award-level distinctness not independently verified.
foundation_grants_phase2_expansion.csv,5995,keep-flagged,Two source line items; award-level distinctness not independently verified.
foundation_grants_phase2_expansion.csv,5996,keep-flagged,Two source line items; award-level distinctness not independently verified.
foundation_grants_phase2_expansion.csv,6017,keep-flagged,Two source line items; award-level distinctness not independently verified.
foundation_grants_phase2_expansion.csv,6018,keep-flagged,Two source line items; award-level distinctness not independently verified.
foundation_grants_phase2_expansion.csv,1024,keep-flagged,Two source line items; award-level distinctness not independently verified.
foundation_grants_phase2_expansion.csv,1025,keep-flagged,Two source line items; award-level distinctness not independently verified.
foundation_grants_phase2_expansion.csv,725,keep-flagged,Two source line items; award-level distinctness not independently verified.
foundation_grants_phase2_expansion.csv,728,keep-flagged,Two source line items; award-level distinctness not independently verified.
foundation_grants_phase2_expansion.csv,726,keep-flagged,Two source line items; award-level distinctness not independently verified.
foundation_grants_phase2_expansion.csv,727,keep-flagged,Two source line items; award-level distinctness not independently verified.
foundation_grants_phase2_expansion.csv,1027,keep-flagged,Two source line items; award-level distinctness not independently verified.
foundation_grants_phase2_expansion.csv,1028,keep-flagged,Two source line items; award-level distinctness not independently verified.
foundation_grants_phase2_expansion.csv,1029,keep-flagged,Two source line items; award-level distinctness not independently verified.
foundation_grants_phase2_expansion.csv,1654,keep-flagged,Two source line items; award-level distinctness not independently verified.
foundation_grants_phase2_expansion.csv,1655,keep-flagged,Two source line items; award-level distinctness not independently verified.
foundation_grants_phase2_expansion.csv,1052,keep-flagged,Two source line items; award-level distinctness not independently verified.
foundation_grants_phase2_expansion.csv,1053,keep-flagged,Two source line items; award-level distinctness not independently verified.
foundation_grants_phase2_expansion.csv,1377,keep-flagged,Two source line items; award-level distinctness not independently verified.
foundation_grants_phase2_expansion.csv,1378,keep-flagged,Two source line items; award-level distinctness not independently verified.
foundation_grants_phase2_expansion.csv,1379,keep-flagged,Two source line items; award-level distinctness not independently verified.
foundation_grants_phase2_expansion.csv,1056,keep-flagged,Two source line items; award-level distinctness not independently verified.
foundation_grants_phase2_expansion.csv,1057,keep-flagged,Two source line items; award-level distinctness not independently verified.
foundation_grants_phase2_expansion.csv,1058,keep-flagged,Two source line items; award-level distinctness not independently verified.
foundation_grants_phase2_expansion.csv,1060,keep-flagged,Two source line items; award-level distinctness not independently verified.
foundation_grants_phase2_expansion.csv,1061,keep-flagged,Two source line items; award-level distinctness not independently verified.
foundation_grants_phase2_expansion.csv,1062,keep-flagged,Two source line items; award-level distinctness not independently verified.
foundation_grants_phase2_expansion.csv,758,keep-flagged,Two source line items; award-level distinctness not independently verified.
foundation_grants_phase2_expansion.csv,759,keep-flagged,Two source line items; award-level distinctness not independently verified.
foundation_grants_phase2_expansion.csv,1067,keep-flagged,Two source line items; award-level distinctness not independently verified.
foundation_grants_phase2_expansion.csv,1068,keep-flagged,Two source line items; award-level distinctness not independently verified.
foundation_grants_phase2_expansion.csv,764,keep-flagged,Two source line items; award-level distinctness not independently verified.
foundation_grants_phase2_expansion.csv,766,keep-flagged,Two source line items; award-level distinctness not independently verified.
foundation_grants_phase2_expansion.csv,1072,keep-flagged,Two source line items; award-level distinctness not independently verified.
foundation_grants_phase2_expansion.csv,1073,keep-flagged,Two source line items; award-level distinctness not independently verified.
foundation_grants_phase2_expansion.csv,785,keep-flagged,Two source line items; award-level distinctness not independently verified.
foundation_grants_phase2_expansion.csv,786,keep-flagged,Two source line items; award-level distinctness not independently verified.
foundation_grants_phase2_expansion.csv,787,keep-flagged,Two source line items; award-level distinctness not independently verified.
foundation_grants_phase2_expansion.csv,1097,keep-flagged,Two source line items; award-level distinctness not independently verified.
foundation_grants_phase2_expansion.csv,1098,keep-flagged,Two source line items; award-level distinctness not independently verified.
foundation_grants_phase2_expansion.csv,1099,keep-flagged,Two source line items; award-level distinctness not independently verified.
foundation_grants_phase2_expansion.csv,1710,keep-flagged,Two source line items; award-level distinctness not independently verified.
foundation_grants_phase2_expansion.csv,1711,keep-flagged,Two source line items; award-level distinctness not independently verified.
foundation_grants_phase2_expansion.csv,1128,keep-flagged,Two source line items; award-level distinctness not independently verified.
foundation_grants_phase2_expansion.csv,1129,keep-flagged,Two source line items; award-level distinctness not independently verified.
foundation_grants_phase2_expansion.csv,1142,keep-flagged,Two source line items; award-level distinctness not independently verified.
foundation_grants_phase2_expansion.csv,1143,keep-flagged,Two source line items; award-level distinctness not independently verified.
foundation_grants_phase2_expansion.csv,1464,keep-flagged,Two source line items; award-level distinctness not independently verified.
foundation_grants_phase2_expansion.csv,1465,keep-flagged,Two source line items; award-level distinctness not independently verified.
foundation_grants_phase2_expansion.csv,830,keep-flagged,Two source line items; award-level distinctness not independently verified.
foundation_grants_phase2_expansion.csv,831,keep-flagged,Two source line items; award-level distinctness not independently verified.
foundation_grants_phase2_expansion.csv,834,keep-flagged,Two source line items; award-level distinctness not independently verified.
foundation_grants_phase2_expansion.csv,835,keep-flagged,Two source line items; award-level distinctness not independently verified.
foundation_grants_phase2_expansion.csv,1155,keep-flagged,Two source line items; award-level distinctness not independently verified.
foundation_grants_phase2_expansion.csv,1156,keep-flagged,Two source line items; award-level distinctness not independently verified.
foundation_grants_phase2_expansion.csv,1768,keep-flagged,Two source line items; award-level distinctness not independently verified.
foundation_grants_phase2_expansion.csv,1769,keep-flagged,Two source line items; award-level distinctness not independently verified.
foundation_grants_phase2_expansion.csv,854,keep-flagged,Two source line items; award-level distinctness not independently verified.
foundation_grants_phase2_expansion.csv,855,keep-flagged,Two source line items; award-level distinctness not independently verified.
foundation_grants_phase2_expansion.csv,1169,keep-flagged,Two source line items; award-level distinctness not independently verified.
foundation_grants_phase2_expansion.csv,1170,keep-flagged,Two source line items; award-level distinctness not independently verified.
foundation_grants_phase2_expansion.csv,1172,keep-flagged,Two source line items; award-level distinctness not independently verified.
foundation_grants_phase2_expansion.csv,1173,keep-flagged,Two source line items; award-level distinctness not independently verified.
foundation_grants_phase2_expansion.csv,1190,keep-flagged,Two source line items; award-level distinctness not independently verified.
foundation_grants_phase2_expansion.csv,1191,keep-flagged,Two source line items; award-level distinctness not independently verified.
foundation_grants_phase2_expansion.csv,876,keep-flagged,Two source line items; award-level distinctness not independently verified.
foundation_grants_phase2_expansion.csv,877,keep-flagged,Two source line items; award-level distinctness not independently verified.
foundation_grants_phase2_expansion.csv,1510,keep-flagged,Two source line items; award-level distinctness not independently verified.
foundation_grants_phase2_expansion.csv,1511,keep-flagged,Two source line items; award-level distinctness not independently verified.
foundation_grants_phase2_expansion.csv,1203,keep-flagged,Two source line items; award-level distinctness not independently verified.
foundation_grants_phase2_expansion.csv,1204,keep-flagged,Two source line items; award-level distinctness not independently verified.
foundation_grants_phase2_expansion.csv,1518,keep-flagged,Two source line items; award-level distinctness not independently verified.
foundation_grants_phase2_expansion.csv,1519,keep-flagged,Two source line items; award-level distinctness not independently verified.
foundation_grants_phase2_expansion.csv,1206,keep-flagged,Two source line items; award-level distinctness not independently verified.
foundation_grants_phase2_expansion.csv,1207,keep-flagged,Two source line items; award-level distinctness not independently verified.
foundation_grants_phase2_expansion.csv,885,keep-flagged,Two source line items; award-level distinctness not independently verified.
foundation_grants_phase2_expansion.csv,887,keep-flagged,Two source line items; award-level distinctness not independently verified.
foundation_grants_phase2_expansion.csv,916,keep-flagged,Two source line items; award-level distinctness not independently verified.
foundation_grants_phase2_expansion.csv,917,keep-flagged,Two source line items; award-level distinctness not independently verified.
foundation_grants_phase2_expansion.csv,918,keep-flagged,Two source line items; award-level distinctness not independently verified.
foundation_grants_phase2_expansion.csv,1235,keep-flagged,Two source line items; award-level distinctness not independently verified.
foundation_grants_phase2_expansion.csv,1236,keep-flagged,Two source line items; award-level distinctness not independently verified.
foundation_grants_phase2_expansion.csv,1843,keep-flagged,Two source line items; award-level distinctness not independently verified.
foundation_grants_phase2_expansion.csv,1844,keep-flagged,Two source line items; award-level distinctness not independently verified.
foundation_grants_phase2_expansion.csv,1255,keep-flagged,Two source line items; award-level distinctness not independently verified.
foundation_grants_phase2_expansion.csv,1256,keep-flagged,Two source line items; award-level distinctness not independently verified.
foundation_grants_phase2_expansion.csv,957,keep-flagged,Two source line items; award-level distinctness not independently verified.
foundation_grants_phase2_expansion.csv,960,keep-flagged,Two source line items; award-level distinctness not independently verified.
foundation_grants_phase2_expansion.csv,958,keep-flagged,Two source line items; award-level distinctness not independently verified.
foundation_grants_phase2_expansion.csv,959,keep-flagged,Two source line items; award-level distinctness not independently verified.
foundation_grants_phase2_expansion.csv,1276,keep-flagged,Two source line items; award-level distinctness not independently verified.
foundation_grants_phase2_expansion.csv,1277,keep-flagged,Two source line items; award-level distinctness not independently verified.
foundation_grants_phase2_expansion.csv,965,keep-flagged,Two source line items; award-level distinctness not independently verified.
foundation_grants_phase2_expansion.csv,966,keep-flagged,Two source line items; award-level distinctness not independently verified.
foundation_grants_phase2_expansion.csv,1285,keep-flagged,Two source line items; award-level distinctness not independently verified.
foundation_grants_phase2_expansion.csv,1286,keep-flagged,Two source line items; award-level distinctness not independently verified.
foundation_grants_phase2_expansion.csv,1589,keep-flagged,Two source line items; award-level distinctness not independently verified.
foundation_grants_phase2_expansion.csv,1590,keep-flagged,Two source line items; award-level distinctness not independently verified.
foundation_grants_phase2_expansion.csv,1279,keep-flagged,Two source line items; award-level distinctness not independently verified.
foundation_grants_phase2_expansion.csv,1280,keep-flagged,Two source line items; award-level distinctness not independently verified.
foundation_grants_phase2_expansion.csv,1282,keep-flagged,Two source line items; award-level distinctness not independently verified.
foundation_grants_phase2_expansion.csv,1283,keep-flagged,Two source line items; award-level distinctness not independently verified.
foundation_grants_phase2_expansion.csv,1284,keep-flagged,Two source line items; award-level distinctness not independently verified.
foundation_grants_phase2_expansion.csv,1288,keep-flagged,Two source line items; award-level distinctness not independently verified.
foundation_grants_phase2_expansion.csv,1289,keep-flagged,Two source line items; award-level distinctness not independently verified.
foundation_grants_phase2_expansion.csv,1290,keep-flagged,Two source line items; award-level distinctness not independently verified.
foundation_grants_phase2_expansion.csv,1291,keep-flagged,Two source line items; award-level distinctness not independently verified.
foundation_grants_phase2_expansion.csv,1292,keep-flagged,Two source line items; award-level distinctness not independently verified.
foundation_grants_phase2_expansion.csv,1293,keep-flagged,Two source line items; award-level distinctness not independently verified.
foundation_grants_phase2_expansion.csv,969,keep-flagged,Two source line items; award-level distinctness not independently verified.
foundation_grants_phase2_expansion.csv,970,keep-flagged,Two source line items; award-level distinctness not independently verified.
foundation_grants_phase2_expansion.csv,971,keep-flagged,Two source line items; award-level distinctness not independently verified.
foundation_grants_phase2_expansion.csv,972,keep-flagged,Two source line items; award-level distinctness not independently verified.
foundation_grants_phase2_expansion.csv,1302,keep-flagged,Two source line items; award-level distinctness not independently verified.
foundation_grants_phase2_expansion.csv,1303,keep-flagged,Two source line items; award-level distinctness not independently verified.
foundation_grants_phase2_expansion.csv,1304,keep-flagged,Two source line items; award-level distinctness not independently verified.
foundation_grants_phase2_expansion.csv,1603,keep-flagged,Two source line items; award-level distinctness not independently verified.
foundation_grants_phase2_expansion.csv,1604,keep-flagged,Two source line items; award-level distinctness not independently verified.
foundation_grants_phase2_expansion.csv,1894,keep-flagged,Two source line items; award-level distinctness not independently verified.
foundation_grants_phase2_expansion.csv,1895,keep-flagged,Two source line items; award-level distinctness not independently verified.
foundation_grants_phase2_expansion.csv,1896,keep-flagged,Two source line items; award-level distinctness not independently verified.
foundation_grants_phase2_expansion.csv,1306,keep-flagged,Two source line items; award-level distinctness not independently verified.
foundation_grants_phase2_expansion.csv,1307,keep-flagged,Two source line items; award-level distinctness not independently verified.
foundation_grants_geocoded.csv,5123,keep-flagged,Two source line items; award-level distinctness not independently verified.
foundation_grants_geocoded.csv,5124,keep-flagged,Two source line items; award-level distinctness not independently verified.
foundation_grants_geocoded.csv,5080,keep-flagged,Two source line items; award-level distinctness not independently verified.
foundation_grants_geocoded.csv,5081,keep-flagged,Two source line items; award-level distinctness not independently verified.
foundation_grants_geocoded.csv,5129,keep-flagged,Two source line items; award-level distinctness not independently verified.
foundation_grants_geocoded.csv,5130,keep-flagged,Two source line items; award-level distinctness not independently verified.
foundation_grants_geocoded.csv,5070,keep-flagged,Two source line items; award-level distinctness not independently verified.
foundation_grants_geocoded.csv,5071,keep-flagged,Two source line items; award-level distinctness not independently verified.
foundation_grants_geocoded.csv,4925,keep-flagged,Two source line items; award-level distinctness not independently verified.
foundation_grants_geocoded.csv,4926,keep-flagged,Two source line items; award-level distinctness not independently verified.
foundation_grants_geocoded.csv,4952,keep-flagged,Two source line items; award-level distinctness not independently verified.
foundation_grants_geocoded.csv,4953,keep-flagged,Two source line items; award-level distinctness not independently verified.
foundation_grants_geocoded.csv,5136,keep-flagged,Two source line items; award-level distinctness not independently verified.
foundation_grants_geocoded.csv,5137,keep-flagged,Two source line items; award-level distinctness not independently verified.
foundation_grants_geocoded.csv,4912,keep-flagged,Two source line items; award-level distinctness not independently verified.
foundation_grants_geocoded.csv,4913,keep-flagged,Two source line items; award-level distinctness not independently verified.
foundation_grants_geocoded.csv,5552,keep-flagged,Two source line items; award-level distinctness not independently verified.
foundation_grants_geocoded.csv,5553,keep-flagged,Two source line items; award-level distinctness not independently verified.
foundation_grants_geocoded.csv,5524,keep-flagged,Two source line items; award-level distinctness not independently verified.
foundation_grants_geocoded.csv,5525,keep-flagged,Two source line items; award-level distinctness not independently verified.
foundation_grants_geocoded.csv,5557,keep-flagged,Two source line items; award-level distinctness not independently verified.
foundation_grants_geocoded.csv,5558,keep-flagged,Two source line items; award-level distinctness not independently verified.
foundation_grants_geocoded.csv,5793,keep-flagged,Two source line items; award-level distinctness not independently verified.
foundation_grants_geocoded.csv,5794,keep-flagged,Two source line items; award-level distinctness not independently verified.
foundation_grants_geocoded.csv,5562,keep-flagged,Two source line items; award-level distinctness not independently verified.
foundation_grants_geocoded.csv,5563,keep-flagged,Two source line items; award-level distinctness not independently verified.
foundation_grants_geocoded.csv,5960,keep-flagged,Two source line items; award-level distinctness not independently verified.
foundation_grants_geocoded.csv,5961,keep-flagged,Two source line items; award-level distinctness not independently verified.
foundation_grants_geocoded.csv,6678,keep-flagged,Two source line items; award-level distinctness not independently verified.
foundation_grants_geocoded.csv,6679,keep-flagged,Two source line items; award-level distinctness not independently verified.
foundation_grants_geocoded.csv,6507,keep-flagged,Two source line items; award-level distinctness not independently verified.
foundation_grants_geocoded.csv,6508,keep-flagged,Two source line items; award-level distinctness not independently verified.
foundation_grants_geocoded.csv,6693,keep-flagged,Two source line items; award-level distinctness not independently verified.
foundation_grants_geocoded.csv,6694,keep-flagged,Two source line items; award-level distinctness not independently verified.
foundation_grants_phase2_expansion.csv,8766,keep-flagged,Two source line items; award-level distinctness not independently verified.
foundation_grants_phase2_expansion.csv,8767,keep-flagged,Two source line items; award-level distinctness not independently verified.
foundation_grants_phase3_expansion.csv,3182,keep-flagged,Two source line items; award-level distinctness not independently verified.
foundation_grants_phase3_expansion.csv,3188,keep-flagged,Two source line items; award-level distinctness not independently verified.
foundation_grants_phase3_expansion.csv,3033,keep-flagged,Two source line items; award-level distinctness not independently verified.
foundation_grants_phase3_expansion.csv,3034,keep-flagged,Two source line items; award-level distinctness not independently verified.
foundation_grants_phase3_expansion.csv,3139,keep-flagged,Two source line items; award-level distinctness not independently verified.
foundation_grants_phase3_expansion.csv,3145,keep-flagged,Two source line items; award-level distinctness not independently verified.
foundation_grants_geocoded.csv,8446,keep-flagged,Two source line items; award-level distinctness not independently verified.
foundation_grants_geocoded.csv,8451,keep-flagged,Two source line items; award-level distinctness not independently verified.
foundation_grants_geocoded.csv,7881,keep-flagged,Two source line items; award-level distinctness not independently verified.
foundation_grants_geocoded.csv,7887,keep-flagged,Two source line items; award-level distinctness not independently verified.
foundation_grants_geocoded.csv,7828,keep-flagged,Two source line items; award-level distinctness not independently verified.
foundation_grants_geocoded.csv,7830,keep-flagged,Two source line items; award-level distinctness not independently verified.
foundation_grants_geocoded.csv,7322,keep-flagged,Two source line items; award-level distinctness not independently verified.
foundation_grants_geocoded.csv,7324,keep-flagged,Two source line items; award-level distinctness not independently verified.
foundation_grants_geocoded.csv,8445,keep-flagged,Two source line items; award-level distinctness not independently verified.
foundation_grants_geocoded.csv,8448,keep-flagged,Two source line items; award-level distinctness not independently verified.
foundation_grants_geocoded.csv,8825,keep-flagged,Two source line items; award-level distinctness not independently verified.
foundation_grants_geocoded.csv,8827,keep-flagged,Two source line items; award-level distinctness not independently verified.
foundation_grants_geocoded.csv,7882,keep-flagged,Two source line items; award-level distinctness not independently verified.
foundation_grants_geocoded.csv,7883,keep-flagged,Two source line items; award-level distinctness not independently verified.
foundation_grants_geocoded.csv,7932,keep-flagged,Two source line items; award-level distinctness not independently verified.
foundation_grants_geocoded.csv,7945,keep-flagged,Two source line items; award-level distinctness not independently verified.
foundation_grants_geocoded.csv,8783,keep-flagged,Two source line items; award-level distinctness not independently verified.
foundation_grants_geocoded.csv,8785,keep-flagged,Two source line items; award-level distinctness not independently verified.
foundation_grants_geocoded.csv,8121,keep-flagged,Two source line items; award-level distinctness not independently verified.
foundation_grants_geocoded.csv,8151,keep-flagged,Two source line items; award-level distinctness not independently verified.
foundation_grants_geocoded.csv,7608,keep-flagged,Two source line items; award-level distinctness not independently verified.
foundation_grants_geocoded.csv,7614,keep-flagged,Two source line items; award-level distinctness not independently verified.
foundation_grants_geocoded.csv,8307,keep-flagged,Two source line items; award-level distinctness not independently verified.
foundation_grants_geocoded.csv,8311,keep-flagged,Two source line items; award-level distinctness not independently verified.
foundation_grants_geocoded.csv,8881,keep-flagged,Two source line items; award-level distinctness not independently verified.
foundation_grants_geocoded.csv,8883,keep-flagged,Two source line items; award-level distinctness not independently verified.
foundation_grants_geocoded.csv,7468,keep-flagged,Two source line items; award-level distinctness not independently verified.
foundation_grants_geocoded.csv,7490,keep-flagged,Two source line items; award-level distinctness not independently verified.
foundation_grants_geocoded.csv,7339,keep-flagged,Two source line items; award-level distinctness not independently verified.
foundation_grants_geocoded.csv,7358,keep-flagged,Two source line items; award-level distinctness not independently verified.
foundation_grants_geocoded.csv,8903,keep-flagged,Two source line items; award-level distinctness not independently verified.
foundation_grants_geocoded.csv,8912,keep-flagged,Two source line items; award-level distinctness not independently verified.
foundation_grants_geocoded.csv,7838,keep-flagged,Two source line items; award-level distinctness not independently verified.
foundation_grants_geocoded.csv,7854,keep-flagged,Two source line items; award-level distinctness not independently verified.
foundation_grants_geocoded.csv,7880,keep-flagged,Two source line items; award-level distinctness not independently verified.
foundation_grants_geocoded.csv,7888,keep-flagged,Two source line items; award-level distinctness not independently verified.
foundation_grants_tier1_expansion.csv,823,keep-flagged,Two source line items; award-level distinctness not independently verified.
foundation_grants_tier1_expansion.csv,824,keep-flagged,Two source line items; award-level distinctness not independently verified.
foundation_grants_tier1_expansion.csv,858,keep-flagged,Two source line items; award-level distinctness not independently verified.
foundation_grants_tier1_expansion.csv,859,keep-flagged,Two source line items; award-level distinctness not independently verified.
foundation_grants_tier1_expansion.csv,783,keep-flagged,Two source line items; award-level distinctness not independently verified.
foundation_grants_tier1_expansion.csv,784,keep-flagged,Two source line items; award-level distinctness not independently verified.
foundation_grants_tier1_expansion.csv,803,keep-flagged,Two source line items; award-level distinctness not independently verified.
foundation_grants_tier1_expansion.csv,804,keep-flagged,Two source line items; award-level distinctness not independently verified.
foundation_grants_phase2_expansion.csv,2806,keep-flagged,Two source line items; award-level distinctness not independently verified.
foundation_grants_phase2_expansion.csv,2807,keep-flagged,Two source line items; award-level distinctness not independently verified.
foundation_grants_phase2_expansion.csv,2818,keep-flagged,Two source line items; award-level distinctness not independently verified.
foundation_grants_phase2_expansion.csv,2819,keep-flagged,Two source line items; award-level distinctness not independently verified.
foundation_grants_phase2_expansion.csv,2820,keep-flagged,Two source line items; award-level distinctness not independently verified.
foundation_grants_phase2_expansion.csv,2821,keep-flagged,Two source line items; award-level distinctness not independently verified.
foundation_grants_phase2_expansion.csv,2826,keep-flagged,Two source line items; award-level distinctness not independently verified.
foundation_grants_phase2_expansion.csv,2828,keep-flagged,Two source line items; award-level distinctness not independently verified.
foundation_grants_phase2_expansion.csv,2830,keep-flagged,Two source line items; award-level distinctness not independently verified.
foundation_grants_phase2_expansion.csv,2831,keep-flagged,Two source line items; award-level distinctness not independently verified.
foundation_grants_phase2_expansion.csv,2840,keep-flagged,Two source line items; award-level distinctness not independently verified.
foundation_grants_phase2_expansion.csv,2841,keep-flagged,Two source line items; award-level distinctness not independently verified.
foundation_grants_phase2_expansion.csv,6569,keep-flagged,Two source line items; award-level distinctness not independently verified.
foundation_grants_phase2_expansion.csv,6570,keep-flagged,Two source line items; award-level distinctness not independently verified.
foundation_grants_phase2_expansion.csv,6523,keep-flagged,Two source line items; award-level distinctness not independently verified.
foundation_grants_phase2_expansion.csv,6526,keep-flagged,Two source line items; award-level distinctness not independently verified.
foundation_grants_phase2_expansion.csv,507,keep-flagged,Two source line items; award-level distinctness not independently verified.
foundation_grants_phase2_expansion.csv,517,keep-flagged,Two source line items; award-level distinctness not independently verified.
foundation_grants_phase2_expansion.csv,580,keep-flagged,Two source line items; award-level distinctness not independently verified.
foundation_grants_phase2_expansion.csv,590,keep-flagged,Two source line items; award-level distinctness not independently verified.
foundation_grants_phase2_expansion.csv,573,keep-flagged,Two source line items; award-level distinctness not independently verified.
foundation_grants_phase2_expansion.csv,630,keep-flagged,Two source line items; award-level distinctness not independently verified.
foundation_grants_phase2_expansion.csv,582,keep-flagged,Two source line items; award-level distinctness not independently verified.
foundation_grants_phase2_expansion.csv,632,keep-flagged,Two source line items; award-level distinctness not independently verified.
foundation_grants_phase2_expansion.csv,571,keep-flagged,Two source line items; award-level distinctness not independently verified.
foundation_grants_phase2_expansion.csv,615,keep-flagged,Two source line items; award-level distinctness not independently verified.
foundation_grants_phase2_expansion.csv,566,keep-flagged,Two source line items; award-level distinctness not independently verified.
foundation_grants_phase2_expansion.csv,629,keep-flagged,Two source line items; award-level distinctness not independently verified.
foundation_grants_phase2_expansion.csv,578,keep-flagged,Two source line items; award-level distinctness not independently verified.
foundation_grants_phase2_expansion.csv,635,keep-flagged,Two source line items; award-level distinctness not independently verified.
foundation_grants_phase2_expansion.csv,581,keep-flagged,Two source line items; award-level distinctness not independently verified.
foundation_grants_phase2_expansion.csv,636,keep-flagged,Two source line items; award-level distinctness not independently verified.
foundation_grants_phase2_expansion.csv,401,keep-flagged,Two source line items; award-level distinctness not independently verified.
foundation_grants_phase2_expansion.csv,493,keep-flagged,Two source line items; award-level distinctness not independently verified.
foundation_grants_phase2_expansion.csv,585,keep-flagged,Two source line items; award-level distinctness not independently verified.
foundation_grants_phase2_expansion.csv,633,keep-flagged,Two source line items; award-level distinctness not independently verified.
foundation_grants_phase2_expansion.csv,567,keep-flagged,Two source line items; award-level distinctness not independently verified.
foundation_grants_phase2_expansion.csv,621,keep-flagged,Two source line items; award-level distinctness not independently verified.
foundation_grants_phase2_expansion.csv,569,keep-flagged,Two source line items; award-level distinctness not independently verified.
foundation_grants_phase2_expansion.csv,570,keep-flagged,Two source line items; award-level distinctness not independently verified.
foundation_grants_phase2_expansion.csv,546,keep-flagged,Two source line items; award-level distinctness not independently verified.
foundation_grants_phase2_expansion.csv,547,keep-flagged,Two source line items; award-level distinctness not independently verified.
foundation_grants_phase2_expansion.csv,537,keep-flagged,Two source line items; award-level distinctness not independently verified.
foundation_grants_phase2_expansion.csv,538,keep-flagged,Two source line items; award-level distinctness not independently verified.
foundation_grants_phase2_expansion.csv,541,keep-flagged,Two source line items; award-level distinctness not independently verified.
foundation_grants_phase2_expansion.csv,542,keep-flagged,Two source line items; award-level distinctness not independently verified.
foundation_grants_phase2_expansion.csv,543,keep-flagged,Two source line items; award-level distinctness not independently verified.
foundation_grants_phase2_expansion.csv,544,keep-flagged,Two source line items; award-level distinctness not independently verified.
foundation_grants_phase2_expansion.csv,545,keep-flagged,Two source line items; award-level distinctness not independently verified.
foundation_grants_phase2_expansion.csv,609,keep-flagged,Two source line items; award-level distinctness not independently verified.
foundation_grants_phase2_expansion.csv,610,keep-flagged,Two source line items; award-level distinctness not independently verified.
foundation_grants_phase2_expansion.csv,611,keep-flagged,Two source line items; award-level distinctness not independently verified.
foundation_grants_phase2_expansion.csv,443,keep-flagged,Two source line items; award-level distinctness not independently verified.
foundation_grants_phase2_expansion.csv,446,keep-flagged,Two source line items; award-level distinctness not independently verified.
foundation_grants_phase2_expansion.csv,453,keep-flagged,Two source line items; award-level distinctness not independently verified.
foundation_grants_phase2_expansion.csv,456,keep-flagged,Two source line items; award-level distinctness not independently verified.
foundation_grants_phase2_expansion.csv,444,keep-flagged,Two source line items; award-level distinctness not independently verified.
foundation_grants_phase2_expansion.csv,454,keep-flagged,Two source line items; award-level distinctness not independently verified.
foundation_grants_phase2_expansion.csv,445,keep-flagged,Two source line items; award-level distinctness not independently verified.
foundation_grants_phase2_expansion.csv,449,keep-flagged,Two source line items; award-level distinctness not independently verified.
foundation_grants_phase2_expansion.csv,451,keep-flagged,Two source line items; award-level distinctness not independently verified.
foundation_grants_phase2_expansion.csv,457,keep-flagged,Two source line items; award-level distinctness not independently verified.
foundation_grants_phase2_expansion.csv,670,keep-flagged,Two source line items; award-level distinctness not independently verified.
foundation_grants_phase2_expansion.csv,671,keep-flagged,Two source line items; award-level distinctness not independently verified.
foundation_grants_phase2_expansion.csv,435,keep-flagged,Two source line items; award-level distinctness not independently verified.
foundation_grants_phase2_expansion.csv,455,keep-flagged,Two source line items; award-level distinctness not independently verified.
foundation_grants_phase2_expansion.csv,565,keep-flagged,Two source line items; award-level distinctness not independently verified.
foundation_grants_phase2_expansion.csv,625,keep-flagged,Two source line items; award-level distinctness not independently verified.
foundation_grants_phase2_expansion.csv,3142,keep-flagged,Two source line items; award-level distinctness not independently verified.
foundation_grants_phase2_expansion.csv,3143,keep-flagged,Two source line items; award-level distinctness not independently verified.
foundation_grants_phase2_expansion.csv,3156,keep-flagged,Two source line items; award-level distinctness not independently verified.
foundation_grants_phase2_expansion.csv,3157,keep-flagged,Two source line items; award-level distinctness not independently verified.
foundation_grants_phase2_expansion.csv,3208,keep-flagged,Two source line items; award-level distinctness not independently verified.
foundation_grants_phase2_expansion.csv,3209,keep-flagged,Two source line items; award-level distinctness not independently verified.
foundation_grants_phase2_expansion.csv,3164,keep-flagged,Two source line items; award-level distinctness not independently verified.
foundation_grants_phase2_expansion.csv,3165,keep-flagged,Two source line items; award-level distinctness not independently verified.
foundation_grants_phase2_expansion.csv,4877,keep-flagged,Two source line items; award-level distinctness not independently verified.
foundation_grants_phase2_expansion.csv,4878,keep-flagged,Two source line items; award-level distinctness not independently verified.
foundation_grants_phase2_expansion.csv,5194,keep-flagged,Two source line items; award-level distinctness not independently verified.
foundation_grants_phase2_expansion.csv,5195,keep-flagged,Two source line items; award-level distinctness not independently verified.
foundation_grants_phase2_expansion.csv,5196,keep-flagged,Two source line items; award-level distinctness not independently verified.
foundation_grants_phase2_expansion.csv,4879,keep-flagged,Two source line items; award-level distinctness not independently verified.
foundation_grants_phase2_expansion.csv,4880,keep-flagged,Two source line items; award-level distinctness not independently verified.
foundation_grants_phase2_expansion.csv,5046,keep-flagged,Two source line items; award-level distinctness not independently verified.
foundation_grants_phase2_expansion.csv,5048,keep-flagged,Two source line items; award-level distinctness not independently verified.
foundation_grants_phase2_expansion.csv,4881,keep-flagged,Two source line items; award-level distinctness not independently verified.
foundation_grants_phase2_expansion.csv,4882,keep-flagged,Two source line items; award-level distinctness not independently verified.
foundation_grants_phase2_expansion.csv,4714,keep-flagged,Two source line items; award-level distinctness not independently verified.
foundation_grants_phase2_expansion.csv,4715,keep-flagged,Two source line items; award-level distinctness not independently verified.
foundation_grants_phase2_expansion.csv,4716,keep-flagged,Two source line items; award-level distinctness not independently verified.
foundation_grants_phase2_expansion.csv,4738,keep-flagged,Two source line items; award-level distinctness not independently verified.
foundation_grants_phase2_expansion.csv,4739,keep-flagged,Two source line items; award-level distinctness not independently verified.
foundation_grants_phase2_expansion.csv,4919,keep-flagged,Two source line items; award-level distinctness not independently verified.
foundation_grants_phase2_expansion.csv,4920,keep-flagged,Two source line items; award-level distinctness not independently verified.
foundation_grants_phase2_expansion.csv,4767,keep-flagged,Two source line items; award-level distinctness not independently verified.
foundation_grants_phase2_expansion.csv,4768,keep-flagged,Two source line items; award-level distinctness not independently verified.
foundation_grants_phase2_expansion.csv,5247,keep-flagged,Two source line items; award-level distinctness not independently verified.
foundation_grants_phase2_expansion.csv,5248,keep-flagged,Two source line items; award-level distinctness not independently verified.
foundation_grants_phase2_expansion.csv,5249,keep-flagged,Two source line items; award-level distinctness not independently verified.
foundation_grants_phase2_expansion.csv,5101,keep-flagged,Two source line items; award-level distinctness not independently verified.
foundation_grants_phase2_expansion.csv,5102,keep-flagged,Two source line items; award-level distinctness not independently verified.
foundation_grants_phase2_expansion.csv,5108,keep-flagged,Two source line items; award-level distinctness not independently verified.
foundation_grants_phase2_expansion.csv,5109,keep-flagged,Two source line items; award-level distinctness not independently verified.
foundation_grants_phase2_expansion.csv,5130,keep-flagged,Two source line items; award-level distinctness not independently verified.
foundation_grants_phase2_expansion.csv,5131,keep-flagged,Two source line items; award-level distinctness not independently verified.
foundation_grants_phase2_expansion.csv,5281,keep-flagged,Two source line items; award-level distinctness not independently verified.
foundation_grants_phase2_expansion.csv,5282,keep-flagged,Two source line items; award-level distinctness not independently verified.
foundation_grants_phase2_expansion.csv,5283,keep-flagged,Two source line items; award-level distinctness not independently verified.
foundation_grants_phase2_expansion.csv,4818,keep-flagged,Two source line items; award-level distinctness not independently verified.
foundation_grants_phase2_expansion.csv,4821,keep-flagged,Two source line items; award-level distinctness not independently verified.
foundation_grants_phase2_expansion.csv,4824,keep-flagged,Two source line items; award-level distinctness not independently verified.
foundation_grants_phase2_expansion.csv,4825,keep-flagged,Two source line items; award-level distinctness not independently verified.
foundation_grants_phase2_expansion.csv,5149,keep-flagged,Two source line items; award-level distinctness not independently verified.
foundation_grants_phase2_expansion.csv,5150,keep-flagged,Two source line items; award-level distinctness not independently verified.
foundation_grants_phase2_expansion.csv,4843,keep-flagged,Two source line items; award-level distinctness not independently verified.
foundation_grants_phase2_expansion.csv,4844,keep-flagged,Two source line items; award-level distinctness not independently verified.
foundation_grants_phase2_expansion.csv,5170,keep-flagged,Two source line items; award-level distinctness not independently verified.
foundation_grants_phase2_expansion.csv,5171,keep-flagged,Two source line items; award-level distinctness not independently verified.
foundation_grants_phase2_expansion.csv,2156,keep-flagged,Two source line items; award-level distinctness not independently verified.
foundation_grants_phase2_expansion.csv,2157,keep-flagged,Two source line items; award-level distinctness not independently verified.
foundation_grants_phase2_expansion.csv,2213,keep-flagged,Two source line items; award-level distinctness not independently verified.
foundation_grants_phase2_expansion.csv,2215,keep-flagged,Two source line items; award-level distinctness not independently verified.
foundation_grants_tier1_expansion.csv,626,keep-flagged,Two source line items; award-level distinctness not independently verified.
foundation_grants_tier1_expansion.csv,627,keep-flagged,Two source line items; award-level distinctness not independently verified.
foundation_grants_tier1_expansion.csv,597,keep-flagged,Two source line items; award-level distinctness not independently verified.
foundation_grants_tier1_expansion.csv,598,keep-flagged,Two source line items; award-level distinctness not independently verified.
foundation_grants_tier1_expansion.csv,685,keep-flagged,Two source line items; award-level distinctness not independently verified.
foundation_grants_tier1_expansion.csv,686,keep-flagged,Two source line items; award-level distinctness not independently verified.
foundation_grants_tier1_expansion.csv,657,keep-flagged,Two source line items; award-level distinctness not independently verified.
foundation_grants_tier1_expansion.csv,658,keep-flagged,Two source line items; award-level distinctness not independently verified.
foundation_grants_tier1_expansion.csv,614,keep-flagged,Two source line items; award-level distinctness not independently verified.
foundation_grants_tier1_expansion.csv,615,keep-flagged,Two source line items; award-level distinctness not independently verified.
foundation_grants_tier1_expansion.csv,659,keep-flagged,Two source line items; award-level distinctness not independently verified.
foundation_grants_tier1_expansion.csv,660,keep-flagged,Two source line items; award-level distinctness not independently verified.
