ein,funder,object_id,tax_yr,return_type,schema_version,tax_period_begin,tax_period_end,amended,grant_rows,parsed_sum,line3a,line25a,line25d,delta,status,bridge_note,chicago_rows,chicago_dollars,source_url,sha256,extraction_version
680656415,The Brinson Foundation,202513179349102216,2024,990PF,2024v5.2,2024-01-01,2024-12-31,N,138,8480300.0,8480300.0,8480300.0,8480300.0,0.0,reconciled,row sum ties printed line-3a total within $1,72,3987100.0,https://gt990datalake-rawdata.s3.amazonaws.com/EfileData/XmlFiles/202513179349102216_public.xml,e08ef460bdb11bef,tier1-2026-08-03.1
680656415,The Brinson Foundation,202423199349103057,2023,990PF,2023v5.1,2023-01-01,2023-12-31,N,128,106034700.0,106034700.0,106034700.0,106034700.0,0.0,reconciled,row sum ties printed line-3a total within $1,70,3489400.0,https://gt990datalake-rawdata.s3.amazonaws.com/EfileData/XmlFiles/202423199349103057_public.xml,54676a7128b130fe,tier1-2026-08-03.1
680656415,The Brinson Foundation,202343199349100609,2022,990PF,2022v5.0,2022-01-01,2022-12-31,N,131,6063300.0,6063300.0,6063300.0,6063300.0,0.0,reconciled,row sum ties printed line-3a total within $1,76,3415533.0,https://gt990datalake-rawdata.s3.amazonaws.com/EfileData/XmlFiles/202343199349100609_public.xml,22646e074c3763fc,tier1-2026-08-03.1
821503941,Builders Initiative,202513009349100326,2024,990PF,2024v5.1,2024-01-01,2024-12-31,N,392,96630143.0,96630143.0,96806070.0,96630143.0,0.0,reconciled,"row sum ties printed line-3a total within $1; book-basis bridge: line 25(a)=96,806,070 differs from paid rows by -175,927 (accrual/noncash/set-aside timing)",128,28753818.0,https://gt990datalake-rawdata.s3.amazonaws.com/EfileData/XmlFiles/202513009349100326_public.xml,fedf45da2d286eb1,tier1-2026-08-03.1
821503941,Builders Initiative,202403199349103190,2023,990PF,2023v5.1,2023-01-01,2023-12-31,N,344,81706966.0,81706966.0,81706966.0,81706966.0,0.0,reconciled,row sum ties printed line-3a total within $1,116,21827212.0,https://gt990datalake-rawdata.s3.amazonaws.com/EfileData/XmlFiles/202403199349103190_public.xml,08633d517922b74c,tier1-2026-08-03.1
821503941,Builders Initiative,202323159349100707,2022,990PF,2022v5.0,2022-01-01,2022-12-31,N,316,87986780.0,87986780.0,87986780.0,87986780.0,0.0,reconciled,row sum ties printed line-3a total within $1,120,30231773.0,https://gt990datalake-rawdata.s3.amazonaws.com/EfileData/XmlFiles/202323159349100707_public.xml,d520d0c9fc7fd3f9,tier1-2026-08-03.1
363487811,Zell Family Foundation,202543049349100019,2024,990PF,2024v5.2,2024-01-01,2024-12-31,N,55,62988248.0,62988248.0,68596751.0,62988248.0,0.0,reconciled,"row sum ties printed line-3a total within $1; book-basis bridge: line 25(a)=68,596,751 differs from paid rows by -5,608,503 (accrual/noncash/set-aside timing)",37,20478248.0,https://gt990datalake-rawdata.s3.amazonaws.com/EfileData/XmlFiles/202543049349100019_public.xml,5603d92fb7bbc4c2,tier1-2026-08-03.1
363487811,Zell Family Foundation,202403199349100400,2023,990PF,2023v5.1,2023-01-01,2023-12-31,N,71,133136307.0,133136307.0,69322745.0,133136307.0,0.0,reconciled,"row sum ties printed line-3a total within $1; book-basis bridge: line 25(a)=69,322,745 differs from paid rows by 63,813,562 (accrual/noncash/set-aside timing)",44,35662807.0,https://gt990datalake-rawdata.s3.amazonaws.com/EfileData/XmlFiles/202403199349100400_public.xml,dd6e30d3e1386152,tier1-2026-08-03.1
363487811,Zell Family Foundation,202323199349106612,2022,990PF,2022v5.0,2022-01-01,2022-12-31,N,86,26879604.0,26879604.0,17434488.0,26879604.0,0.0,reconciled,"row sum ties printed line-3a total within $1; book-basis bridge: line 25(a)=17,434,488 differs from paid rows by 9,445,116 (accrual/noncash/set-aside timing)",48,16374604.0,https://gt990datalake-rawdata.s3.amazonaws.com/EfileData/XmlFiles/202323199349106612_public.xml,5521ab1137d603dd,tier1-2026-08-03.1
742364289,Alsam Foundation,202503099349101800,2024,990PF,2024v5.2,2024-01-01,2024-12-31,N,20,49056610.0,49056610.0,49056610.0,49056610.0,0.0,reconciled,row sum ties printed line-3a total within $1,0,0.0,https://gt990datalake-rawdata.s3.amazonaws.com/EfileData/XmlFiles/202503099349101800_public.xml,99c527f29d68085e,tier1-2026-08-03.1
742364289,Alsam Foundation,202413209349102061,2023,990PF,2023v5.1,2023-01-01,2023-12-31,N,28,66958358.0,66958358.0,66958358.0,66958358.0,0.0,reconciled,row sum ties printed line-3a total within $1,0,0.0,https://gt990datalake-rawdata.s3.amazonaws.com/EfileData/XmlFiles/202413209349102061_public.xml,d4f81acca2a64233,tier1-2026-08-03.1
742364289,Alsam Foundation,202323189349103397,2022,990PF,2022v5.0,2022-01-01,2022-12-31,N,31,38437514.0,38437514.0,38437514.0,38437514.0,0.0,reconciled,row sum ties printed line-3a total within $1,0,0.0,https://gt990datalake-rawdata.s3.amazonaws.com/EfileData/XmlFiles/202323189349103397_public.xml,5796c113c937ee46,tier1-2026-08-03.1
300039820,Pritzker Family Foundation,202533179349102598,2024,990PF,2024v5.2,2024-01-01,2024-12-31,N,288,54370925.0,54370925.0,54370925.0,54370925.0,0.0,reconciled,row sum ties printed line-3a total within $1,108,11115229.0,https://gt990datalake-rawdata.s3.amazonaws.com/EfileData/XmlFiles/202533179349102598_public.xml,de8aef5db485d3cf,tier1-2026-08-03.1
300039820,Pritzker Family Foundation,202443179349102339,2023,990PF,2023v5.1,2023-01-01,2023-12-31,N,239,53708904.0,53708904.0,53708904.0,53708904.0,0.0,reconciled,row sum ties printed line-3a total within $1,80,11959133.0,https://gt990datalake-rawdata.s3.amazonaws.com/EfileData/XmlFiles/202443179349102339_public.xml,2c1f6dd1e3341b8f,tier1-2026-08-03.1
300039820,Pritzker Family Foundation,202323199349101427,2022,990PF,2022v5.0,2022-01-01,2022-12-31,N,330,56740230.0,56740230.0,56740229.0,56670229.0,0.0,reconciled,row sum ties printed line-3a total within $1,86,11787301.0,https://gt990datalake-rawdata.s3.amazonaws.com/EfileData/XmlFiles/202323199349101427_public.xml,5b45eb051731cfbd,tier1-2026-08-03.1
470732237,Fulk Family Foundation INC,202600689349100110,2024,990PF,2024v5.1,2024-08-01,2025-07-31,N,111,23500000.0,23500000.0,23500000.0,23500000.0,0.0,reconciled,row sum ties printed line-3a total within $1,29,8937500.0,https://gt990datalake-rawdata.s3.amazonaws.com/EfileData/XmlFiles/202600689349100110_public.xml,d4c81c3aa76bdd32,tier1-2026-08-03.1
470732237,Fulk Family Foundation INC,202530639349100028,2023,990PF,2023v6.0,2023-08-01,2024-07-31,N,132,24369265.0,24369265.0,24369265.0,24369265.0,0.0,reconciled,row sum ties printed line-3a total within $1,44,8270000.0,https://gt990datalake-rawdata.s3.amazonaws.com/EfileData/XmlFiles/202530639349100028_public.xml,718eef118ccf3233,tier1-2026-08-03.1
470732237,Fulk Family Foundation INC,202400789349100700,2022,990PF,2022v5.0,2022-08-01,2023-07-31,N,172,42843589.0,42843589.0,42843589.0,42843589.0,0.0,reconciled,row sum ties printed line-3a total within $1,63,20994550.0,https://gt990datalake-rawdata.s3.amazonaws.com/EfileData/XmlFiles/202400789349100700_public.xml,a608eab2b50734d0,tier1-2026-08-03.1
364185939,Circle of Service Foundation,202533189349102913,2024,990PF,2024v5.2,2024-01-01,2024-12-31,N,637,37027088.0,37027088.0,36016906.0,37027087.0,0.0,reconciled,"row sum ties printed line-3a total within $1; book-basis bridge: line 25(a)=36,016,906 differs from paid rows by 1,010,182 (accrual/noncash/set-aside timing)",315,18999847.0,https://gt990datalake-rawdata.s3.amazonaws.com/EfileData/XmlFiles/202533189349102913_public.xml,e59fd653fd0708aa,tier1-2026-08-03.1
364185939,Circle of Service Foundation,202433199349102998,2023,990PF,2023v5.1,2023-01-01,2023-12-31,N,611,38657147.0,38657147.0,40437770.0,38657147.0,0.0,reconciled,"row sum ties printed line-3a total within $1; book-basis bridge: line 25(a)=40,437,770 differs from paid rows by -1,780,623 (accrual/noncash/set-aside timing)",307,21783433.0,https://gt990datalake-rawdata.s3.amazonaws.com/EfileData/XmlFiles/202433199349102998_public.xml,cb75f7ec5d39dedb,tier1-2026-08-03.1
364185939,Circle of Service Foundation,202323149349101322,2022,990PF,2022v5.0,2022-01-01,2022-12-31,N,547,34950181.0,34950181.0,31065347.0,34950181.0,0.0,reconciled,"row sum ties printed line-3a total within $1; book-basis bridge: line 25(a)=31,065,347 differs from paid rows by 3,884,834 (accrual/noncash/set-aside timing)",273,19426128.0,https://gt990datalake-rawdata.s3.amazonaws.com/EfileData/XmlFiles/202323149349101322_public.xml,ba257fc7fd082825,tier1-2026-08-03.1
366058062,Pritzker Foundation,202533099349102358,2024,990PF,2024v5.2,2024-01-01,2024-12-31,N,1,32134133.0,32134133.0,32134133.0,32134133.0,0.0,known_attachment_gap,"aggregate/attachment filer: itemized rows unavailable in XML; control total recorded, no rows synthesized",0,0.0,https://gt990datalake-rawdata.s3.amazonaws.com/EfileData/XmlFiles/202533099349102358_public.xml,0ceac4e536fc3c67,tier1-2026-08-03.1
366058062,Pritzker Foundation,202443189349100829,2023,990PF,2023v5.1,2023-01-01,2023-12-31,N,1,34483333.0,34483333.0,34483333.0,34483333.0,0.0,known_attachment_gap,"aggregate/attachment filer: itemized rows unavailable in XML; control total recorded, no rows synthesized",0,0.0,https://gt990datalake-rawdata.s3.amazonaws.com/EfileData/XmlFiles/202443189349100829_public.xml,d757a98105d3632b,tier1-2026-08-03.1
366058062,Pritzker Foundation,202343199349103854,2022,990PF,2022v5.0,2022-01-01,2022-12-31,N,1,31594379.0,31594379.0,31594379.0,31594379.0,0.0,known_attachment_gap,"aggregate/attachment filer: itemized rows unavailable in XML; control total recorded, no rows synthesized",0,0.0,https://gt990datalake-rawdata.s3.amazonaws.com/EfileData/XmlFiles/202343199349103854_public.xml,8c6f73702745cb7b,tier1-2026-08-03.1
274818015,Paul M Angell Family Foundation,202531349349102108,2024,990PF,2024v5.1,2024-01-01,2024-12-31,N,1,57054396.0,57054396.0,57054396.0,57054396.0,0.0,known_attachment_gap,"aggregate/attachment filer: itemized rows unavailable in XML; control total recorded, no rows synthesized",0,0.0,https://gt990datalake-rawdata.s3.amazonaws.com/EfileData/XmlFiles/202531349349102108_public.xml,06789dfdefc2fe36,tier1-2026-08-03.1
274818015,Paul M Angell Family Foundation,202430549349100118,2023,990PF,2023v4.0,2023-01-01,2023-12-31,N,1,34078136.0,34078136.0,34078136.0,34078136.0,0.0,known_attachment_gap,"aggregate/attachment filer: itemized rows unavailable in XML; control total recorded, no rows synthesized",0,0.0,https://gt990datalake-rawdata.s3.amazonaws.com/EfileData/XmlFiles/202430549349100118_public.xml,4a9f3b3886a5add0,tier1-2026-08-03.1
274818015,Paul M Angell Family Foundation,202400229349100655,2022,990PF,2022v5.0,2022-01-01,2022-12-31,N,1,22878437.0,22878437.0,22878437.0,22878437.0,0.0,known_attachment_gap,"aggregate/attachment filer: itemized rows unavailable in XML; control total recorded, no rows synthesized",0,0.0,https://gt990datalake-rawdata.s3.amazonaws.com/EfileData/XmlFiles/202400229349100655_public.xml,55b54a85b064587a,tier1-2026-08-03.1
366078558,Spencer Foundation,202523289349100112,2024,990PF,2024v5.2,2024-04-01,2025-03-31,N,214,24318536.0,24318536.0,22832054.0,24318535.0,0.0,reconciled,"row sum ties printed line-3a total within $1; book-basis bridge: line 25(a)=22,832,054 differs from paid rows by 1,486,482 (accrual/noncash/set-aside timing)",11,920715.0,https://gt990datalake-rawdata.s3.amazonaws.com/EfileData/XmlFiles/202523289349100112_public.xml,31ba028b9fa45a95,tier1-2026-08-03.1
366078558,Spencer Foundation,202423059349101902,2023,990PF,2023v5.1,2023-04-01,2024-03-31,N,254,20033782.0,20033782.0,33169449.0,20033783.0,0.0,reconciled,"row sum ties printed line-3a total within $1; book-basis bridge: line 25(a)=33,169,449 differs from paid rows by -13,135,667 (accrual/noncash/set-aside timing)",17,568694.0,https://gt990datalake-rawdata.s3.amazonaws.com/EfileData/XmlFiles/202423059349101902_public.xml,987bce4215212966,tier1-2026-08-03.1
366078558,Spencer Foundation,202313039349100311,2022,990PF,2022v5.0,2022-04-01,2023-03-31,N,284,24908730.0,24908730.0,18397480.0,24908730.0,0.0,reconciled,"row sum ties printed line-3a total within $1; book-basis bridge: line 25(a)=18,397,480 differs from paid rows by 6,511,250 (accrual/noncash/set-aside timing)",25,726688.0,https://gt990datalake-rawdata.s3.amazonaws.com/EfileData/XmlFiles/202313039349100311_public.xml,f94ab396547df635,tier1-2026-08-03.1
043684566,Conduit Foundation,202413209349103496,2023,990PF,2023v5.1,2023-01-01,2023-12-31,N,16,26059523.0,26059523.0,26059523.0,26059523.0,0.0,reconciled,row sum ties printed line-3a total within $1,0,0.0,https://gt990datalake-rawdata.s3.amazonaws.com/EfileData/XmlFiles/202413209349103496_public.xml,eebf9929f062c0f2,tier1-2026-08-03.1
043684566,Conduit Foundation,202313209349101481,2022,990PF,2022v5.0,2022-01-01,2022-12-31,N,17,8718000.0,8718000.0,8718000.0,8718000.0,0.0,reconciled,row sum ties printed line-3a total within $1,0,0.0,https://gt990datalake-rawdata.s3.amazonaws.com/EfileData/XmlFiles/202313209349101481_public.xml,1bb152376c3ff27a,tier1-2026-08-03.1
043684566,Conduit Foundation,202233199349107203,2021,990PF,2021v4.2,2021-01-01,2021-12-31,N,22,7171000.0,7171000.0,7171000.0,7171000.0,0.0,reconciled,row sum ties printed line-3a total within $1,0,0.0,https://gt990datalake-rawdata.s3.amazonaws.com/EfileData/XmlFiles/202233199349107203_public.xml,4b5cf532b19abb1c,tier1-2026-08-03.1
363486843,Steans Family Foundation,202513219349100446,2024,990PF,2024v5.2,2024-01-01,2024-12-31,N,2,41294252.0,41294252.0,41294252.0,41294252.0,0.0,known_attachment_gap,"aggregate/attachment filer: itemized rows unavailable in XML; control total recorded, no rows synthesized",0,0.0,https://gt990datalake-rawdata.s3.amazonaws.com/EfileData/XmlFiles/202513219349100446_public.xml,2e56ce76c83934e4,tier1-2026-08-03.1
363486843,Steans Family Foundation,202403199349105120,2023,990PF,2023v5.1,2023-01-01,2023-12-31,N,2,25563771.0,25563771.0,25563771.0,25563771.0,0.0,known_attachment_gap,"aggregate/attachment filer: itemized rows unavailable in XML; control total recorded, no rows synthesized",0,0.0,https://gt990datalake-rawdata.s3.amazonaws.com/EfileData/XmlFiles/202403199349105120_public.xml,c2a7d37a67765250,tier1-2026-08-03.1
363486843,Steans Family Foundation,202343189349100814,2022,990PF,2022v5.0,2022-01-01,2022-12-31,N,2,16594143.0,16594143.0,16594143.0,16594143.0,0.0,known_attachment_gap,"aggregate/attachment filer: itemized rows unavailable in XML; control total recorded, no rows synthesized",0,0.0,https://gt990datalake-rawdata.s3.amazonaws.com/EfileData/XmlFiles/202343189349100814_public.xml,38f00750e8b49d7f,tier1-2026-08-03.1
364296414,Accenture Foundation INC,202521779349101157,2023,990PF,2023v6.0,2023-09-01,2024-08-31,N,21,22349953.0,22349953.0,39082692.0,22349953.0,0.0,reconciled,"row sum ties printed line-3a total within $1; book-basis bridge: line 25(a)=39,082,692 differs from paid rows by -16,732,739 (accrual/noncash/set-aside timing)",2,739307.0,https://gt990datalake-rawdata.s3.amazonaws.com/EfileData/XmlFiles/202521779349101157_public.xml,7b556a738e20b4c8,tier1-2026-08-03.1
364296414,Accenture Foundation INC,202430959349100318,2022,990PF,2022v5.0,2022-09-01,2023-08-31,N,27,21544344.0,21544344.0,23911494.0,21544344.0,0.0,reconciled,"row sum ties printed line-3a total within $1; book-basis bridge: line 25(a)=23,911,494 differs from paid rows by -2,367,150 (accrual/noncash/set-aside timing)",2,1228393.0,https://gt990datalake-rawdata.s3.amazonaws.com/EfileData/XmlFiles/202430959349100318_public.xml,d09c0033f9966cab,tier1-2026-08-03.1
364296414,Accenture Foundation INC,202301389349100710,2021,990PF,2021v4.2,2021-09-01,2022-08-31,N,40,20690082.0,20690082.0,24440509.0,20690082.0,0.0,reconciled,"row sum ties printed line-3a total within $1; book-basis bridge: line 25(a)=24,440,509 differs from paid rows by -3,750,427 (accrual/noncash/set-aside timing)",1,468050.0,https://gt990datalake-rawdata.s3.amazonaws.com/EfileData/XmlFiles/202301389349100710_public.xml,2565597b6d67863a,tier1-2026-08-03.1
363327987,The Duchossois Family Foundation,202533219349102723,2024,990PF,2024v5.2,2024-01-01,2024-12-31,N,97,5213458.0,5213458.0,5213458.0,5213458.0,0.0,reconciled,row sum ties printed line-3a total within $1,39,2747750.0,https://gt990datalake-rawdata.s3.amazonaws.com/EfileData/XmlFiles/202533219349102723_public.xml,420d7a84dfc1273b,tier1-2026-08-03.1
363327987,The Duchossois Family Foundation,202403199349104830,2023,990PF,2023v5.1,2023-01-01,2023-12-31,N,87,19226337.0,19226337.0,19226337.0,19226337.0,0.0,reconciled,row sum ties printed line-3a total within $1,39,2376000.0,https://gt990datalake-rawdata.s3.amazonaws.com/EfileData/XmlFiles/202403199349104830_public.xml,8860a2acf4fb3fa8,tier1-2026-08-03.1
363327987,The Duchossois Family Foundation,202343199349108374,2022,990PF,2022v5.0,2022-01-01,2022-12-31,N,86,13844750.0,13844750.0,13844750.0,13844750.0,0.0,reconciled,row sum ties printed line-3a total within $1,39,13220000.0,https://gt990datalake-rawdata.s3.amazonaws.com/EfileData/XmlFiles/202343199349108374_public.xml,467d7171749cab89,tier1-2026-08-03.1
300039840,Anthony Pritzker Fam Foundation,202523189349102902,2024,990PF,2024v5.2,2024-01-01,2024-12-31,N,1,19775200.0,19775200.0,19775200.0,19775200.0,0.0,known_attachment_gap,"aggregate/attachment filer: itemized rows unavailable in XML; control total recorded, no rows synthesized",0,0.0,https://gt990datalake-rawdata.s3.amazonaws.com/EfileData/XmlFiles/202523189349102902_public.xml,dcd99a894dad3532,tier1-2026-08-03.1
300039840,Anthony Pritzker Fam Foundation,202403189349101975,2023,990PF,2023v5.1,2023-01-01,2023-12-31,N,1,18799294.0,18799294.0,18799294.0,18799294.0,0.0,known_attachment_gap,"aggregate/attachment filer: itemized rows unavailable in XML; control total recorded, no rows synthesized",0,0.0,https://gt990datalake-rawdata.s3.amazonaws.com/EfileData/XmlFiles/202403189349101975_public.xml,23a13318235b1d99,tier1-2026-08-03.1
300039840,Anthony Pritzker Fam Foundation,202323189349101222,2022,990PF,2022v5.0,2022-01-01,2022-12-31,N,1,18043648.0,18043648.0,18043648.0,18043648.0,0.0,known_attachment_gap,"aggregate/attachment filer: itemized rows unavailable in XML; control total recorded, no rows synthesized",0,0.0,https://gt990datalake-rawdata.s3.amazonaws.com/EfileData/XmlFiles/202323189349101222_public.xml,9aa163b2dade16a7,tier1-2026-08-03.1
261416954,IMC Chicago Charitable Foundation,202512189349100501,2024,990PF,2024v5.1,2024-01-01,2024-12-31,N,99,15418034.0,15418034.0,15418034.0,15418034.0,0.0,reconciled,row sum ties printed line-3a total within $1,39,178785.0,https://gt990datalake-rawdata.s3.amazonaws.com/EfileData/XmlFiles/202512189349100501_public.xml,f8854a8fbc521c4f,tier1-2026-08-03.1
261416954,IMC Chicago Charitable Foundation,202413109349100106,2023,990PF,2023v5.1,2023-01-01,2023-12-31,N,85,17690081.0,17690081.0,17690081.0,17690081.0,0.0,reconciled,row sum ties printed line-3a total within $1,39,328636.0,https://gt990datalake-rawdata.s3.amazonaws.com/EfileData/XmlFiles/202413109349100106_public.xml,49e8854e6d65bac7,tier1-2026-08-03.1
261416954,IMC Chicago Charitable Foundation,202323189349104012,2022,990PF,2022v5.0,2022-01-01,2022-12-31,N,72,10654578.0,10654578.0,10654578.0,10654578.0,0.0,reconciled,row sum ties printed line-3a total within $1,30,851150.0,https://gt990datalake-rawdata.s3.amazonaws.com/EfileData/XmlFiles/202323189349104012_public.xml,1afb56d379c151a1,tier1-2026-08-03.1
363261347,The Richard H Driehaus Foundation,202543219349104794,2024,990PF,2024v5.2,2024-01-01,2024-12-31,N,1,17096126.0,17096126.0,14631928.0,17096126.0,0.0,known_attachment_gap,"aggregate/attachment filer: itemized rows unavailable in XML; control total recorded, no rows synthesized",0,0.0,https://gt990datalake-rawdata.s3.amazonaws.com/EfileData/XmlFiles/202543219349104794_public.xml,b5bde0bea5dad5ae,tier1-2026-08-03.1
363261347,The Richard H Driehaus Foundation,202423209349102072,2023,990PF,2023v5.1,2023-01-01,2023-12-31,N,1,10431221.0,10431221.0,16562718.0,10431221.0,0.0,known_attachment_gap,"aggregate/attachment filer: itemized rows unavailable in XML; control total recorded, no rows synthesized",0,0.0,https://gt990datalake-rawdata.s3.amazonaws.com/EfileData/XmlFiles/202423209349102072_public.xml,04d7ef1b305c50df,tier1-2026-08-03.1
363261347,The Richard H Driehaus Foundation,202343199349101769,2022,990PF,2022v5.0,2022-01-01,2022-12-31,N,1,5162401.0,5162401.0,4792148.0,5162401.0,0.0,known_attachment_gap,"aggregate/attachment filer: itemized rows unavailable in XML; control total recorded, no rows synthesized",0,0.0,https://gt990datalake-rawdata.s3.amazonaws.com/EfileData/XmlFiles/202343199349101769_public.xml,4cab4187bca1b6a7,tier1-2026-08-03.1
853003942,Trott Family Philanthropies INC,202543179349101704,2024,990PF,2024v5.2,2024-01-01,2024-12-31,N,77,17417443.0,17417443.0,17417443.0,17417443.0,0.0,reconciled,row sum ties printed line-3a total within $1,12,3008334.0,https://gt990datalake-rawdata.s3.amazonaws.com/EfileData/XmlFiles/202543179349101704_public.xml,199a8a9bd0b3d0ec,tier1-2026-08-03.1
853003942,Trott Family Philanthropies INC,202433199349104803,2023,990PF,2023v5.1,2023-01-01,2023-12-31,N,65,16521190.0,16521190.0,16521190.0,16521190.0,0.0,reconciled,row sum ties printed line-3a total within $1,14,3068333.0,https://gt990datalake-rawdata.s3.amazonaws.com/EfileData/XmlFiles/202433199349104803_public.xml,3195683c0470f111,tier1-2026-08-03.1
853003942,Trott Family Philanthropies INC,202313199349104391,2022,990PF,2022v5.0,2022-01-01,2022-12-31,N,50,9943383.0,9943383.0,9943383.0,9943383.0,0.0,reconciled,row sum ties printed line-3a total within $1,11,3068333.0,https://gt990datalake-rawdata.s3.amazonaws.com/EfileData/XmlFiles/202313199349104391_public.xml,d66071664388c1aa,tier1-2026-08-03.1
853941297,Antonio J Gracias Family Foundation INC,202503179349100830,2024,990PF,2024v5.2,2024-01-01,2024-12-31,N,15,12032500.0,12032500.0,12032500.0,12032500.0,0.0,reconciled,row sum ties printed line-3a total within $1,2,1100000.0,https://gt990datalake-rawdata.s3.amazonaws.com/EfileData/XmlFiles/202503179349100830_public.xml,ca28f52939f8d47e,tier1-2026-08-03.1
853941297,Antonio J Gracias Family Foundation INC,202443209349101449,2023,990PF,2023v5.1,2023-01-01,2023-12-31,N,17,16188978.0,16188978.0,16188978.0,16188978.0,0.0,reconciled,row sum ties printed line-3a total within $1,3,1225000.0,https://gt990datalake-rawdata.s3.amazonaws.com/EfileData/XmlFiles/202443209349101449_public.xml,a9ef3523f4ab1f85,tier1-2026-08-03.1
853941297,Antonio J Gracias Family Foundation INC,202303199349108075,2022,990PF,2022v5.0,2022-01-01,2022-12-31,N,18,32647807.0,32647807.0,32647807.0,32647807.0,0.0,reconciled,row sum ties printed line-3a total within $1,3,1375000.0,https://gt990datalake-rawdata.s3.amazonaws.com/EfileData/XmlFiles/202303199349108075_public.xml,504a6e75c15d03b2,tier1-2026-08-03.1
527240192,Scanlan Family Foundation,202543179349100314,2024,990PF,2024v5.2,2024-01-01,2024-12-31,N,11,16894526.0,16894526.0,16894526.0,16894526.0,0.0,reconciled,row sum ties printed line-3a total within $1,1,1500000.0,https://gt990datalake-rawdata.s3.amazonaws.com/EfileData/XmlFiles/202543179349100314_public.xml,3cffd8b17a0acb7c,tier1-2026-08-03.1
527240192,Scanlan Family Foundation,202443199349105549,2023,990PF,2023v5.1,2023-01-01,2023-12-31,N,9,15023308.0,15023308.0,15023308.0,15023308.0,0.0,reconciled,row sum ties printed line-3a total within $1,1,1500000.0,https://gt990datalake-rawdata.s3.amazonaws.com/EfileData/XmlFiles/202443199349105549_public.xml,5307a923074331af,tier1-2026-08-03.1
527240192,Scanlan Family Foundation,202323199349100622,2022,990PF,2022v5.0,2022-01-01,2022-12-31,N,3,5690200.0,5690200.0,5690200.0,5690200.0,0.0,reconciled,row sum ties printed line-3a total within $1,0,0.0,https://gt990datalake-rawdata.s3.amazonaws.com/EfileData/XmlFiles/202323199349100622_public.xml,a9b2ab96b9ac6cfc,tier1-2026-08-03.1
756008809,Audrey E & Donald L Hutt TR 283,202511279349101246,2024,990PF,2024v5.0,2024-01-01,2024-12-31,N,5,12036820.0,12036820.0,12036820.0,12036820.0,0.0,reconciled,row sum ties printed line-3a total within $1,0,0.0,https://gt990datalake-rawdata.s3.amazonaws.com/EfileData/XmlFiles/202511279349101246_public.xml,146439610db5c336,tier1-2026-08-03.1
756008809,Audrey E & Donald L Hutt TR 283,202441289349103474,2023,990PF,2023v5.0,2023-01-01,2023-12-31,N,5,14859950.0,14859950.0,14859950.0,14859950.0,0.0,reconciled,row sum ties printed line-3a total within $1,0,0.0,https://gt990datalake-rawdata.s3.amazonaws.com/EfileData/XmlFiles/202441289349103474_public.xml,f6118b5fe4b43d86,tier1-2026-08-03.1
756008809,Audrey E & Donald L Hutt TR 283,202341219349101114,2022,990PF,2022v5.0,2022-01-01,2022-12-31,N,5,14614735.0,14614735.0,14614735.0,14614735.0,0.0,reconciled,row sum ties printed line-3a total within $1,0,0.0,https://gt990datalake-rawdata.s3.amazonaws.com/EfileData/XmlFiles/202341219349101114_public.xml,5956dd29a8a3d9dd,tier1-2026-08-03.1
756104159,Jewel Nail Bomar Trust 8336230300,202523099349101002,2024,990PF,2024v5.2,2024-01-01,2024-12-31,N,2,19412350.0,19412350.0,19412350.0,19412350.0,0.0,reconciled,row sum ties printed line-3a total within $1,0,0.0,https://gt990datalake-rawdata.s3.amazonaws.com/EfileData/XmlFiles/202523099349101002_public.xml,256667af766e23d6,tier1-2026-08-03.1
756104159,Jewel Nail Bomar Trust 8336230300,202403119349101975,2023,990PF,2023v5.1,2023-01-01,2023-12-31,N,2,14821930.0,14821930.0,14821930.0,14821930.0,0.0,reconciled,row sum ties printed line-3a total within $1,0,0.0,https://gt990datalake-rawdata.s3.amazonaws.com/EfileData/XmlFiles/202403119349101975_public.xml,266ff4c438631cc5,tier1-2026-08-03.1
756104159,Jewel Nail Bomar Trust 8336230300,202343149349101459,2022,990PF,2022v5.0,2022-01-01,2022-12-31,N,2,12767998.0,12767998.0,12767998.0,12767998.0,0.0,reconciled,row sum ties printed line-3a total within $1,0,0.0,https://gt990datalake-rawdata.s3.amazonaws.com/EfileData/XmlFiles/202343149349101459_public.xml,35fe22e04b9b884e,tier1-2026-08-03.1
363805338,Alphawood Foundation,202543529349100314,2024,990PF,2024v5.2,2024-03-01,2025-02-28,N,126,8090605.0,8090605.0,7116852.0,8090605.0,0.0,reconciled,"row sum ties printed line-3a total within $1; book-basis bridge: line 25(a)=7,116,852 differs from paid rows by 973,753 (accrual/noncash/set-aside timing)",97,5664700.0,https://gt990datalake-rawdata.s3.amazonaws.com/EfileData/XmlFiles/202543529349100314_public.xml,47761538b4c9b220,tier1-2026-08-03.1
363805338,Alphawood Foundation,202413559349100811,2023,990PF,2023v5.1,2023-03-01,2024-02-29,N,104,10350162.0,10350162.0,14700357.0,10350162.0,0.0,reconciled,"row sum ties printed line-3a total within $1; book-basis bridge: line 25(a)=14,700,357 differs from paid rows by -4,350,195 (accrual/noncash/set-aside timing)",78,7490000.0,https://gt990datalake-rawdata.s3.amazonaws.com/EfileData/XmlFiles/202413559349100811_public.xml,ab1038bc036860fe,tier1-2026-08-03.1
363805338,Alphawood Foundation,202410169349100241,2022,990PF,2022v5.0,2022-03-01,2023-02-28,N,123,6228131.0,6228131.0,14394387.0,6228131.0,0.0,reconciled,"row sum ties printed line-3a total within $1; book-basis bridge: line 25(a)=14,394,387 differs from paid rows by -8,166,256 (accrual/noncash/set-aside timing)",90,4426278.0,https://gt990datalake-rawdata.s3.amazonaws.com/EfileData/XmlFiles/202410169349100241_public.xml,49aeb2ad33512a5f,tier1-2026-08-03.1
465053786,Dauten Family Foundation,202501329349102425,2024,990PF,2024v5.1,2024-01-01,2024-12-31,N,8,22380372.0,22380372.0,22380372.0,22380372.0,0.0,reconciled,row sum ties printed line-3a total within $1,2,745000.0,https://gt990datalake-rawdata.s3.amazonaws.com/EfileData/XmlFiles/202501329349102425_public.xml,6b535118e03a3461,tier1-2026-08-03.1
465053786,Dauten Family Foundation,202411359349103281,2023,990PF,2023v5.0,2023-01-01,2023-12-31,N,10,14486976.0,14486976.0,14486976.0,14486976.0,0.0,reconciled,row sum ties printed line-3a total within $1,3,729571.0,https://gt990datalake-rawdata.s3.amazonaws.com/EfileData/XmlFiles/202411359349103281_public.xml,6ae7e33a94f5a15e,tier1-2026-08-03.1
465053786,Dauten Family Foundation,202321359349103202,2022,990PF,2022v5.0,2022-01-01,2022-12-31,N,11,31387379.0,31387379.0,31387379.0,31387379.0,0.0,reconciled,row sum ties printed line-3a total within $1,4,796276.0,https://gt990datalake-rawdata.s3.amazonaws.com/EfileData/XmlFiles/202321359349103202_public.xml,d9a7b2ca4fec611b,tier1-2026-08-03.1
942988627,The Bobolink Foundation,202533219349103148,2024,990PF,2024v5.2,2024-01-01,2024-12-31,N,44,19790736.0,19790736.0,19790736.0,19790736.0,0.0,reconciled,row sum ties printed line-3a total within $1,5,745000.0,https://gt990datalake-rawdata.s3.amazonaws.com/EfileData/XmlFiles/202533219349103148_public.xml,0e8cd3de2de9e22e,tier1-2026-08-03.1
942988627,The Bobolink Foundation,202423169349101642,2023,990PF,2023v5.1,2023-01-01,2023-12-31,N,49,14270051.0,14270051.0,14270051.0,12320286.0,0.0,reconciled,row sum ties printed line-3a total within $1,5,1375000.0,https://gt990datalake-rawdata.s3.amazonaws.com/EfileData/XmlFiles/202423169349101642_public.xml,b9461d6e5e94b9dc,tier1-2026-08-03.1
942988627,The Bobolink Foundation,202343199349104929,2022,990PF,2022v5.0,2022-01-01,2022-12-31,N,51,15350000.0,15350000.0,15350000.0,15350000.0,0.0,reconciled,row sum ties printed line-3a total within $1,7,1790000.0,https://gt990datalake-rawdata.s3.amazonaws.com/EfileData/XmlFiles/202343199349104929_public.xml,cc324158b79e716d,tier1-2026-08-03.1
821202926,Peoples Support Foundation Limited,202503149349103280,2024,990PF,2024v5.2,2024-01-01,2024-12-31,N,30,21266629.0,21266629.0,21266629.0,21266629.0,0.0,reconciled,row sum ties printed line-3a total within $1,0,0.0,https://gt990datalake-rawdata.s3.amazonaws.com/EfileData/XmlFiles/202503149349103280_public.xml,3d16f45a72017def,tier1-2026-08-03.1
821202926,Peoples Support Foundation Limited,202423199349102697,2023,990PF,2023v5.1,2023-01-01,2023-12-31,N,60,14128430.0,14128430.0,14128430.0,14128430.0,0.0,reconciled,row sum ties printed line-3a total within $1,0,0.0,https://gt990datalake-rawdata.s3.amazonaws.com/EfileData/XmlFiles/202423199349102697_public.xml,8163c0d59409a696,tier1-2026-08-03.1
821202926,Peoples Support Foundation Limited,202333159349100303,2022,990PF,2022v5.0,2022-01-01,2022-12-31,N,96,15031720.0,15031720.0,15031720.0,15031720.0,0.0,reconciled,row sum ties printed line-3a total within $1,0,0.0,https://gt990datalake-rawdata.s3.amazonaws.com/EfileData/XmlFiles/202333159349100303_public.xml,e3438c861870b309,tier1-2026-08-03.1
366109323,Motorola Solutions Foundation,202521149349102002,2024,990PF,2024v5.1,2024-01-01,2024-12-31,N,239,13755296.0,13755296.0,13723670.0,13755297.0,0.0,reconciled,"row sum ties printed line-3a total within $1; book-basis bridge: line 25(a)=13,723,670 differs from paid rows by 31,626 (accrual/noncash/set-aside timing)",44,2077600.0,https://gt990datalake-rawdata.s3.amazonaws.com/EfileData/XmlFiles/202521149349102002_public.xml,cdf1d6074e4a76db,tier1-2026-08-03.1
366109323,Motorola Solutions Foundation,202441319349102304,2023,990PF,2023v5.0,2023-01-01,2023-12-31,N,236,13347438.0,13347438.0,13329442.0,13347439.0,0.0,reconciled,"row sum ties printed line-3a total within $1; book-basis bridge: line 25(a)=13,329,442 differs from paid rows by 17,996 (accrual/noncash/set-aside timing)",38,2234100.0,https://gt990datalake-rawdata.s3.amazonaws.com/EfileData/XmlFiles/202441319349102304_public.xml,4e1d77330fa17f12,tier1-2026-08-03.1
366109323,Motorola Solutions Foundation,202321359349102272,2022,990PF,2022v5.0,2022-01-01,2022-12-31,N,219,11754965.0,11754965.0,11957091.0,11754965.0,0.0,reconciled,"row sum ties printed line-3a total within $1; book-basis bridge: line 25(a)=11,957,091 differs from paid rows by -202,126 (accrual/noncash/set-aside timing)",38,1989150.0,https://gt990datalake-rawdata.s3.amazonaws.com/EfileData/XmlFiles/202321359349102272_public.xml,c566a4414b5ce1b3,tier1-2026-08-03.1
367391628,Serr Charitable Action TR UW 09242002,202521219349101567,2024,990PF,2024v5.1,2024-01-01,2024-12-31,N,7,4382200.0,4382200.0,4382200.0,4382200.0,0.0,reconciled,row sum ties printed line-3a total within $1,0,0.0,https://gt990datalake-rawdata.s3.amazonaws.com/EfileData/XmlFiles/202521219349101567_public.xml,657e1968ab65a596,tier1-2026-08-03.1
367391628,Serr Charitable Action TR UW 09242002,202413129349102011,2023,990PF,2023v5.1,2023-01-01,2023-12-31,N,5,13323568.0,13323568.0,13323568.0,13323568.0,0.0,reconciled,row sum ties printed line-3a total within $1,1,12173568.0,https://gt990datalake-rawdata.s3.amazonaws.com/EfileData/XmlFiles/202413129349102011_public.xml,762b1bb6236dc38d,tier1-2026-08-03.1
367391628,Serr Charitable Action TR UW 09242002,202301319349102550,2022,990PF,2022v5.0,2022-01-01,2022-12-31,N,7,6216226.0,6216226.0,6216226.0,6216226.0,0.0,reconciled,row sum ties printed line-3a total within $1,1,4675000.0,https://gt990datalake-rawdata.s3.amazonaws.com/EfileData/XmlFiles/202301319349102550_public.xml,e0629ae257d10dd4,tier1-2026-08-03.1
363994447,The Walsh Foundation,202503159349101710,2024,990PF,2024v5.2,2024-01-01,2024-12-31,N,68,11718977.0,11718977.0,11718977.0,11718977.0,0.0,reconciled,row sum ties printed line-3a total within $1,40,9026477.0,https://gt990datalake-rawdata.s3.amazonaws.com/EfileData/XmlFiles/202503159349101710_public.xml,60438ad491e281d9,tier1-2026-08-03.1
363994447,The Walsh Foundation,202403109349101240,2023,990PF,2023v5.1,2023-01-01,2023-12-31,N,68,13198750.0,13198750.0,13198750.0,13198750.0,0.0,reconciled,row sum ties printed line-3a total within $1,43,9648750.0,https://gt990datalake-rawdata.s3.amazonaws.com/EfileData/XmlFiles/202403109349101240_public.xml,451dfa7b1eb38cea,tier1-2026-08-03.1
363994447,The Walsh Foundation,202323189349101882,2022,990PF,2022v5.0,2022-01-01,2022-12-31,N,69,10783771.0,10783771.0,10783771.0,10783771.0,0.0,reconciled,row sum ties printed line-3a total within $1,44,8959771.0,https://gt990datalake-rawdata.s3.amazonaws.com/EfileData/XmlFiles/202323189349101882_public.xml,b44a8ba5fd02cda8,tier1-2026-08-03.1
261572776,Bluhm Family Charitable Foundation,202533179349102253,2024,990PF,2024v5.2,2024-01-01,2024-12-31,N,59,12954050.0,12954050.0,12954050.0,12954050.0,0.0,reconciled,row sum ties printed line-3a total within $1,30,6644250.0,https://gt990datalake-rawdata.s3.amazonaws.com/EfileData/XmlFiles/202533179349102253_public.xml,396bab5e1bda23e2,tier1-2026-08-03.1
261572776,Bluhm Family Charitable Foundation,202403119349101905,2023,990PF,2023v5.1,2023-01-01,2023-12-31,N,58,12773283.0,12773283.0,12773283.0,12773283.0,0.0,reconciled,row sum ties printed line-3a total within $1,33,11222879.0,https://gt990datalake-rawdata.s3.amazonaws.com/EfileData/XmlFiles/202403119349101905_public.xml,42f18d9fe9eebe44,tier1-2026-08-03.1
261572776,Bluhm Family Charitable Foundation,202302419349100305,2022,990PF,2022v5.0,2022-01-01,2022-12-31,N,64,11977033.0,11977033.0,11977033.0,11977033.0,0.0,reconciled,row sum ties printed line-3a total within $1,41,7731559.0,https://gt990datalake-rawdata.s3.amazonaws.com/EfileData/XmlFiles/202302419349100305_public.xml,b37758208acd9866,tier1-2026-08-03.1
