"record_id","recipient","amount_usd","grant_type","award_year","recipient_url","source_note","source_url","source_checked_at"
"impact-grants-2021-beloved-community-family-wellness-center-merit","Beloved Community Family Wellness Center","20000","Merit Grant","2021","http://www.bcfwc.org/","","https://www.impactgrantschicago.org/all-grant-recipients/","2026-08-08"
"impact-grants-2022-casa-of-cook-county-impact","CASA of Cook County","100000","Impact Grant","2022","http://casacookcounty.org/","","https://www.impactgrantschicago.org/all-grant-recipients/","2026-08-08"
"impact-grants-2024-care-for-real-merit","Care for Real","25000","Merit Grant","2024","https://careforreal.org/","","https://www.impactgrantschicago.org/all-grant-recipients/","2026-08-08"
"impact-grants-2019-center-for-conflict-resolution-impact","Center for Conflict Resolution","100000","Impact Grant","2019","http://www.ccrchicago.org/","","https://www.impactgrantschicago.org/all-grant-recipients/","2026-08-08"
"impact-grants-2026-center-for-disability-and-elder-law-merit","Center for Disability and Elder Law","40000","Merit Grant","2026","https://www.cdelaw.org/","","https://www.impactgrantschicago.org/all-grant-recipients/","2026-08-08"
"impact-grants-2026-centro-romero-impact","Centro Romero","100000","Impact Grant","2026","https://centroromero.org/","","https://www.impactgrantschicago.org/all-grant-recipients/","2026-08-08"
"impact-grants-2026-chicago-debates-merit","Chicago Debates","40000","Merit Grant","2026","https://chicagodebates.org/","","https://www.impactgrantschicago.org/all-grant-recipients/","2026-08-08"
"impact-grants-2022-chicago-furniture-bank-impact","Chicago Furniture Bank","100000","Impact Grant","2022","http://www.chicagofurniturebank.org/","","https://www.impactgrantschicago.org/all-grant-recipients/","2026-08-08"
"impact-grants-2021-chicago-survivors-impact","Chicago Survivors","100000","Impact Grant","2021","http://www.chicagosurvivors.org/","","https://www.impactgrantschicago.org/all-grant-recipients/","2026-08-08"
"impact-grants-2021-chicago-youth-programs-impact","Chicago Youth Programs","100000","Impact Grant","2021","http://www.chicagoyouthprograms.org/","","https://www.impactgrantschicago.org/all-grant-recipients/","2026-08-08"
"impact-grants-2018-children-s-research-triangle-merit","Children’s Research Triangle","17500","Merit Grant","2018","http://www.childrensresearchtriangle.org/","","https://www.impactgrantschicago.org/all-grant-recipients/","2026-08-08"
"impact-grants-2026-children-s-research-triangle-impact","Children’s Research Triangle","100000","Impact Grant","2026","http://www.childrensresearchtriangle.org/","","https://www.impactgrantschicago.org/all-grant-recipients/","2026-08-08"
"impact-grants-2022-common-pantry-impact","Common Pantry","100000","Impact Grant","2022","http://www.commonpantry.org/","","https://www.impactgrantschicago.org/all-grant-recipients/","2026-08-08"
"impact-grants-2018-communities-in-schools-of-chicago-impact","Communities In Schools of Chicago","100000","Impact Grant","2018","http://www.cisofchicago.org/","","https://www.impactgrantschicago.org/all-grant-recipients/","2026-08-08"
"impact-grants-2020-connections-for-abused-women-and-their-children-impact","Connections for Abused Women and Their Children","100000","Impact Grant","2020","http://www.cawc.org/","","https://www.impactgrantschicago.org/all-grant-recipients/","2026-08-08"
"impact-grants-2024-connections-for-abused-women-and-their-children-impact","Connections for Abused Women and Their Children","100000","Impact Grant","2024","http://www.cawc.org/","","https://www.impactgrantschicago.org/all-grant-recipients/","2026-08-08"
"impact-grants-2025-crushers-club-impact","Crushers Club","100000","Impact Grant","2025","https://www.crushersclub.org/","","https://www.impactgrantschicago.org/all-grant-recipients/","2026-08-08"
"impact-grants-2021-deborah-s-place-impact","Deborah’s Place","100000","Impact Grant","2021","http://www.deborahsplace.org/","","https://www.impactgrantschicago.org/all-grant-recipients/","2026-08-08"
"impact-grants-2020-el-hogar-del-nino-impact","El Hogar Del Niño","100000","Impact Grant","2020","http://www.elhogardelnino.org/","","https://www.impactgrantschicago.org/all-grant-recipients/","2026-08-08"
"impact-grants-2025-esperanza-merit","Esperanza","30000","Merit Grant","2025","https://esperanzacommunity.org/","","https://www.impactgrantschicago.org/all-grant-recipients/","2026-08-08"
"impact-grants-2019-facing-forward-to-end-homelessness-impact","Facing Forward to End Homelessness","100000","Impact Grant","2019","http://www.ffchicago.org/","","https://www.impactgrantschicago.org/all-grant-recipients/","2026-08-08"
"impact-grants-2024-franciscan-outreach-merit","Franciscan Outreach","25000","Merit Grant","2024","https://franoutreach.org/","","https://www.impactgrantschicago.org/all-grant-recipients/","2026-08-08"
"impact-grants-2023-friends-of-the-children-chicago-impact","Friends of the Children – Chicago","100000","Impact Grant","2023","https://friendschicago.org/","","https://www.impactgrantschicago.org/all-grant-recipients/","2026-08-08"
"impact-grants-2019-garfield-park-conservatory-alliance-impact","Garfield Park Conservatory Alliance","100000","Impact Grant","2019","http://www.garfieldconservatory.org/","","https://www.impactgrantschicago.org/all-grant-recipients/","2026-08-08"
"impact-grants-2024-greater-chicago-legal-clinic-merit","Greater Chicago Legal Clinic","25000","Merit Grant","2024","https://www.gclclaw.org/","","https://www.impactgrantschicago.org/all-grant-recipients/","2026-08-08"
"impact-grants-2019-growing-home-impact","Growing Home","100000","Impact Grant","2019","http://www.growinghomeinc.org/","","https://www.impactgrantschicago.org/all-grant-recipients/","2026-08-08"
"impact-grants-2024-housing-opportunities-maintenance-for-the-elderly-h-o-m-e-impact","Housing Opportunities & Maintenance for the Elderly (H.O.M.E.)","100000","Impact Grant","2024","https://homeseniors.org/","","https://www.impactgrantschicago.org/all-grant-recipients/","2026-08-08"
"impact-grants-2020-i-grow-chicago-impact","I Grow Chicago","100000","Impact Grant","2020","http://www.igrowchicago.org/","","https://www.impactgrantschicago.org/all-grant-recipients/","2026-08-08"
"impact-grants-2025-ignite-impact","Ignite","100000","Impact Grant","2025","http://www.ignitepromise.org/","","https://www.impactgrantschicago.org/all-grant-recipients/","2026-08-08"
"impact-grants-2018-ignite-impact","Ignite","100000","Impact Grant","2018","http://www.ignitepromise.org/","(fka Teen Living Programs)","https://www.impactgrantschicago.org/all-grant-recipients/","2026-08-08"
"impact-grants-2026-imagine-englewood-if-impact","Imagine Englewood if","100000","Impact Grant","2026","https://www.imagineenglewoodif.org/","","https://www.impactgrantschicago.org/all-grant-recipients/","2026-08-08"
"impact-grants-2018-kaleidoscope-merit","Kaleidoscope","17500","Merit Grant","2018","http://www.kaleidoscope4kids.org/","","https://www.impactgrantschicago.org/all-grant-recipients/","2026-08-08"
"impact-grants-2019-kaleidoscope-impact","Kaleidoscope","100000","Impact Grant","2019","http://www.kaleidoscope4kids.org/","","https://www.impactgrantschicago.org/all-grant-recipients/","2026-08-08"
"impact-grants-2018-la-casa-norte-impact","La Casa Norte","100000","Impact Grant","2018","http://www.lacasanorte.org/","","https://www.impactgrantschicago.org/all-grant-recipients/","2026-08-08"
"impact-grants-2020-law-center-for-better-housing-merit","Law Center for Better Housing","30000","Merit Grant","2020","http://www.lcbh.org/","(fka Lawyers’ Committee for Better Housing)","https://www.impactgrantschicago.org/all-grant-recipients/","2026-08-08"
"impact-grants-2026-law-center-for-better-housing-impact","Law Center for Better Housing","100000","Impact Grant","2026","http://www.lcbh.org/","","https://www.impactgrantschicago.org/all-grant-recipients/","2026-08-08"
"impact-grants-2020-lawndale-christian-legal-center-merit","Lawndale Christian Legal Center","30000","Merit Grant","2020","http://www.lclc.net/","","https://www.impactgrantschicago.org/all-grant-recipients/","2026-08-08"
"impact-grants-2023-lawndale-christian-legal-center-impact","Lawndale Christian Legal Center","100000","Impact Grant","2023","http://lclc.net/","","https://www.impactgrantschicago.org/all-grant-recipients/","2026-08-08"
"impact-grants-2023-lyte-collective-merit","Lyte Collective","15000","Merit Grant","2023","https://www.lytecollective.org/","","https://www.impactgrantschicago.org/all-grant-recipients/","2026-08-08"
"impact-grants-2022-margaret-s-village-impact","Margaret’s Village","100000","Impact Grant","2022","http://www.margaretsvillage.org/","","https://www.impactgrantschicago.org/all-grant-recipients/","2026-08-08"
"impact-grants-2023-meals-on-wheels-chicago-merit","Meals on Wheels Chicago","15000","Merit Grant","2023","https://www.mealsonwheelschicago.org/","","https://www.impactgrantschicago.org/all-grant-recipients/","2026-08-08"
"impact-grants-2022-nami-chicago-merit","NAMI Chicago","20000","Merit Grant","2022","http://www.namichicago.org/","","https://www.impactgrantschicago.org/all-grant-recipients/","2026-08-08"
"impact-grants-2021-new-moms-merit","New Moms","20000","Merit Grant","2021","http://www.newmoms.org/","","https://www.impactgrantschicago.org/all-grant-recipients/","2026-08-08"
"impact-grants-2024-new-moms-impact","New Moms","100000","Impact Grant","2024","http://www.newmoms.org/","","https://www.impactgrantschicago.org/all-grant-recipients/","2026-08-08"
"impact-grants-2019-newroot-learning-institute-merit","NewRoot Learning Institute","10000","Merit Grant","2019","http://www.newroot.org/","(fka Umoja)","https://www.impactgrantschicago.org/all-grant-recipients/","2026-08-08"
"impact-grants-2025-north-side-housing-merit","North Side Housing","30000","Merit Grant","2025","https://www.northsidehousing.org/","","https://www.impactgrantschicago.org/all-grant-recipients/","2026-08-08"
"impact-grants-2020-nourishing-hope-impact","Nourishing Hope","100000","Impact Grant","2020","http://www.lakeviewpantry.org/","(fka Lakeview Pantry)","https://www.impactgrantschicago.org/all-grant-recipients/","2026-08-08"
"impact-grants-2022-old-irving-park-community-clinic-merit","Old Irving Park Community Clinic","20000","Merit Grant","2022","http://www.oipcc.org/","","https://www.impactgrantschicago.org/all-grant-recipients/","2026-08-08"
"impact-grants-2021-old-irving-park-community-clinic-merit","Old Irving Park Community Clinic","20000","Merit Grant","2021","http://www.oipcc.org/","","https://www.impactgrantschicago.org/all-grant-recipients/","2026-08-08"
"impact-grants-2018-one-million-degrees-impact","One Million Degrees","100000","Impact Grant","2018","http://www.onemilliondegrees.org/","","https://www.impactgrantschicago.org/all-grant-recipients/","2026-08-08"
"impact-grants-2021-onward-neighborhood-house-merit","Onward Neighborhood House","20000","Merit Grant","2021","http://www.onwardhouse.org/","","https://www.impactgrantschicago.org/all-grant-recipients/","2026-08-08"
"impact-grants-2023-open-books-impact","Open Books","100000","Impact Grant","2023","https://www.open-books.org/team/","","https://www.impactgrantschicago.org/all-grant-recipients/","2026-08-08"
"impact-grants-2023-poder-merit","PODER","15000","Merit Grant","2023","https://www.poderworks.org/","","https://www.impactgrantschicago.org/all-grant-recipients/","2026-08-08"
"impact-grants-2019-primo-center-merit","Primo Center","10000","Merit Grant","2019","http://www.primocenter.org/","(fka Primo Center for Women and Children)","https://www.impactgrantschicago.org/all-grant-recipients/","2026-08-08"
"impact-grants-2020-renaissance-social-services-merit","Renaissance Social Services","30000","Merit Grant","2020","http://www.rssichicago.org/","","https://www.impactgrantschicago.org/all-grant-recipients/","2026-08-08"
"impact-grants-2019-renaissance-social-services-merit","Renaissance Social Services","10000","Merit Grant","2019","http://www.rssichicago.org/","","https://www.impactgrantschicago.org/all-grant-recipients/","2026-08-08"
"impact-grants-2021-resilience-impact","Resilience","100000","Impact Grant","2021","http://www.ourresilience.org/","","https://www.impactgrantschicago.org/all-grant-recipients/","2026-08-08"
"impact-grants-2026-revive-center-for-housing-and-healing-merit","ReVive Center For Housing and Healing","40000","Merit Grant","2026","https://www.revivecenter.org/","","https://www.impactgrantschicago.org/all-grant-recipients/","2026-08-08"
"impact-grants-2023-revolution-workshop-impact","Revolution Workshop","100000","Impact Grant","2023","https://www.revolutionworkshop.org/","","https://www.impactgrantschicago.org/all-grant-recipients/","2026-08-08"
"impact-grants-2018-storycatchers-theatre-merit","Storycatchers Theatre","17500","Merit Grant","2018","http://www.storycatcherstheatre.org/","","https://www.impactgrantschicago.org/all-grant-recipients/","2026-08-08"
"impact-grants-2025-the-bloc-impact","The BLOC","100000","Impact Grant","2025","https://theblocchicago.org/","","https://www.impactgrantschicago.org/all-grant-recipients/","2026-08-08"
"impact-grants-2022-the-network-merit","The Network","20000","Merit Grant","2022","https://the-network.org/","","https://www.impactgrantschicago.org/all-grant-recipients/","2026-08-08"
"impact-grants-2025-the-peoples-music-school-impact","The Peoples Music School","100000","Impact Grant","2025","https://peoplesmusicschool.org/","","https://www.impactgrantschicago.org/all-grant-recipients/","2026-08-08"
"impact-grants-2020-st-leonard-s-ministries-merit","St. Leonard’s Ministries","30000","Merit Grant","2020","http://www.slministries.org/","","https://www.impactgrantschicago.org/all-grant-recipients/","2026-08-08"
"impact-grants-2024-st-leonard-s-ministries-impact","St. Leonard’s Ministries","100000","Impact Grant","2024","http://www.slministries.org/","","https://www.impactgrantschicago.org/all-grant-recipients/","2026-08-08"
"impact-grants-2018-uptown-people-s-law-center-merit","Uptown People’s Law Center","17500","Merit Grant","2018","https://www.uplcchicago.org/","","https://www.impactgrantschicago.org/all-grant-recipients/","2026-08-08"
"impact-grants-2022-vocel-merit","VOCEL","20000","Merit Grant","2022","https://www.vocel.org/","","https://www.impactgrantschicago.org/all-grant-recipients/","2026-08-08"
"impact-grants-2025-vocel-merit","VOCEL","30000","Merit Grant","2025","https://www.vocel.org/","","https://www.impactgrantschicago.org/all-grant-recipients/","2026-08-08"
"impact-grants-2023-working-credit-merit","Working Credit","15000","Merit Grant","2023","https://www.workingcredit.org/","","https://www.impactgrantschicago.org/all-grant-recipients/","2026-08-08"
