hud_id,project_name,address,zip,units_total,units_low_income,annual_allocated_amount,allocation_year,placed_in_service_year,lat,lng,coord_source
ILA00000053,ENGLEWOOD APTS,901 W 63RD ST,60621,99,99,9107089,8888,8888,41.779578,-87.647202,hud_source
ILA00000057,HOLLYWOOD HOUSE,5700 N SHERIDAN RD,60660,197,177,872003,8888,8888,41.985823,-87.655475,hud_source
ILA00000064,LORINGTON APTS PRESERVATION,3126 W PALMER BLVD,60647,54,54,437429,8888,8888,41.921637,-87.706679,hud_source
ILA00000087,SANKOFA HOUSE,3824 W 16TH ST,60623,58,58,4760552,8888,8888,41.859083,-87.720876,hud_source
ILA00000113,LAWNDALE PLAZA,3158 W ROOSEVELT RD,60612,198,198,2840062,2010,9999,41.866603,-87.704893,hud_source
ILA00000114,PARKVIEW TOWERS APTS,5110 S KING DR,60615,102,102,1010628,2008,9999,41.801699,-87.616395,hud_source
ILA19870006,AUSTIN RENAISSANCE,5113 W WASHINGTON BLVD,60644,71,71,99644,1987,1987,41.881558,-87.75312,hud_source
ILA19870012,HAZEL-WINTHROP,4927 N KENMORE AVE,60640,30,30,21041,1987,1987,41.972006,-87.656094,hud_source
ILA19870013,MERRILL COURT APTS,7201 S MERRILL AVE,60649,40,40,76160,2011,1987,41.764392,-87.572341,hud_source
ILA19870019,ROCKWELL APTS,2500 N ROCKWELL ST,60647,10,10,10141,1987,1987,41.926687,-87.692791,hud_source
ILA19880028,4142 NORTH KENMORE,4142 N KENMORE AVE,60613,21,21,15466,1988,1988,41.957698,-87.656429,hud_source
ILA19880029,4723 NORTH RACINE,4723 N RACINE AVE,60640,42,42,29133,1988,1988,41.967571,-87.659424,hud_source
ILA19880035,CONCORDIA PARK APTS,13037 S DANIEL DR,60827,297,297,378531,1988,1988,41.658476,-87.615317,hud_source
ILA19880039,DIVERSEY SQUARE,3212 W DIVERSEY AVE,60647,48,48,273373,1988,1988,41.932209,-87.707868,hud_source
ILA19880042,HICA REDEVELOPMENT,5042 W WASHINGTON BLVD,60644,120,120,217990,1988,1988,41.881913,-87.751346,hud_source
ILA19880043,JEFFREY APTS,7130 S JEFFERY BLVD,60649,150,150,92557,1988,1988,41.76513,-87.576501,hud_source
ILA19880052,LAVERGNE COURTS,4938 W QUINCY ST,60644,158,158,1015508,1988,1988,41.877827,-87.748211,hud_source
ILA19880071,VICTORY APTS,2705 W EVERGREEN AVE,60622,13,13,93219,1988,1988,41.905532,-87.694576,hud_source
ILA19880075,WASHINGTON COURTS APTS,4938 W QUINCY ST,60644,22,22,138693,1988,1988,41.877827,-87.748211,hud_source
ILA19880076,WEST TOWN HOUSING PROJECT,1754 N WASHTENAW AVE,60647,178,178,1839969,1988,1988,41.913693,-87.694832,hud_source
ILA19880077,WHITMORE APTS,421 S CENTRAL AVE,60644,54,54,246560,1988,1988,41.874095,-87.76438,hud_source
ILA19890085,301-11 S CENTRAL PARK,301 S CENTRAL AVE,60644,23,23,47747,1989,1989,41.87655,-87.764521,hud_source
ILA19890088,3502-08 W VAN BUREN,3502 W VAN BUREN ST,60624,13,13,25070,1989,1989,41.875602,-87.713053,hud_source
ILA19890091,BOULEVARD COMMONS II,149 N CENTRAL AVE,60644,19,19,104195,1989,1989,41.883224,-87.764699,hud_source
ILA19890092,BOULEVARD COMMONS IIA,151 S CENTRAL AVE,60644,42,42,219048,1989,1989,41.878184,-87.764533,hud_source
ILA19890100,COLUMBUS PARK APTS,301 S CENTRAL AVE,60644,39,39,63136,1989,1989,41.87655,-87.764521,hud_source
ILA19890121,MICHIGAN BEACH APTS,7251 S STH SHR DR,60649,239,239,480000,1989,1989,41.764461,-87.56098,hud_source
ILA19890125,N&M LUNT WOLCOTT,7001 N WOLCOTT AVE,60626,8,8,56598,1989,1989,42.008972,-87.677849,hud_source
ILA19890140,UJAAMA,7655 N BOSWORTH AVE,60626,19,19,34010,1989,1989,42.020336,-87.669297,hud_source
ILA19900005,46TH & VINCENNES,444 E 46TH ST,60653,28,28,149644,1990,1990,41.811394,-87.614702,hud_source
ILA19910181,11238-42 S VERNON,11238 S VERNON AVE,60628,18,18,38036,1991,1991,41.689928,-87.612291,hud_source
ILA19910182,2326 E 71ST STREET,2326 E 71ST ST,60649,9,9,,1991,1991,41.766476,-87.568359,hud_source
ILA19910183,4750-58 MICHIGAN,4650 S MICHIGAN AVE,60653,25,25,10889,1991,1991,41.810254,-87.62308,hud_source
ILA19910184,6933-35 S INDIANA,6933 S INDIANA AVE,60637,13,13,27511,1991,1991,41.768318,-87.619968,hud_source
ILA19910195,N & M FARGO,1617 W FARGO AVE,60626,31,25,59511,1991,1991,42.016905,-87.671012,hud_source
ILA19910211,VK APTS,6211 S VERNON AVE,60637,24,24,64480,1991,1991,41.781757,-87.614228,hud_source
ILA19920005,45TH & VINCENNES APTS LP,4520 S VINCENNES AVE,60653,18,18,141547,1991,1992,41.812458,-87.614137,hud_source
ILA19920025,ADAMS LOCKWOOD APTS,5300 W ADAMS ST,60644,12,12,7928,1992,1992,41.878614,-87.757691,hud_source
ILA19920055,CENTRAL PINE,315 S CENTRAL AVE,60644,31,22,53964,1992,1992,41.876138,-87.764499,hud_source
ILA19920090,ENGLEWOOD TERRACE APTS,6425 S LOWE AVE,60621,303,303,364928,1990,1992,41.777577,-87.640587,hud_source
ILA19920095,ESTES COURT,1361 W ESTES AVE,60626,72,72,104656,1991,1992,42.011448,-87.665228,hud_source
ILA19920120,JACKSON TERRACE,4900 W JACKSON BLVD,60644,29,29,239225,1991,1992,41.876927,-87.747222,hud_source
ILA19920175,CLOVER,3718 S INDIANA AVE,60653,6,6,13073,1992,1992,41.82694,-87.621886,hud_source
ILA19920180,CLOVER,3714 S INDIANA AVE,60653,6,6,39187,1992,1992,41.827044,-87.621888,hud_source
ILA19920215,WINTHROP TERRACE APTS,5734 N WINTHROP AVE,60660,106,106,83652,1991,1992,41.986113,-87.658308,hud_source
ILA19920240,DIVERSEY MANOR,3213 W DIVERSEY AVE,60647,51,51,256839,1992,1992,41.931882,-87.707868,hud_source
ILA19920243,60TH & MICHIGAN REDEVELOPMENT,6001 S MICHIGAN AVE,60637,37,37,137108,1992,1992,41.78557,-87.622036,hud_source
ILA19920273,KIMBALL APTS,3400 W CORTLAND ST,60647,26,26,72619,1992,1992,41.915704,-87.711881,hud_source
ILA19930010,4915 S DREXEL APTS,4915 S DREXEL BLVD,60615,31,7,14535,1992,1993,41.805522,-87.603612,hud_source
ILA19930020,6217-27 S DORCHESTER APTS,6217 S DORCHESTER AVE,60637,25,15,13374,1991,1993,41.781839,-87.591164,hud_source
ILA19930065,CENTRAL PINE PLACE II,238 N PINE AVE,60644,68,48,126500,1992,1993,41.884827,-87.763525,hud_source
ILA19930090,DOVER GARDENS APTS,4601 N DOVER ST,60640,60,60,75000,1992,1993,41.965352,-87.66521,hud_source
ILA19930120,GREENWOOD COURT APT,4443 S GREENWOOD AVE,60653,48,48,209592,1991,1993,41.814205,-87.599136,hud_source
ILA19930160,RIDGE MANOR APTS,5662 N RIDGE AVE,60660,76,76,79042,1991,1993,41.98473,-87.662235,hud_source
ILA19930165,SANGAMON COURT,7000 S SANGAMON ST,60621,31,31,196012,1992,1993,41.766958,-87.648347,hud_source
ILA19930175,STEWART COURT,7640 S STEWART AVE,60620,48,48,273214,1992,1993,41.755523,-87.634634,hud_source
ILA19930185,BROADMOOR APTS,7600 N BOSWORTH AVE,60626,134,134,446707,1991,1993,42.01941,-87.669738,hud_source
ILA19930190,WASHINGTON/LOREL APTS,5313 W WASHINGTON BLVD,60644,19,19,36212,1992,1993,41.882187,-87.758007,hud_source
ILA19930210,SOUTH KING DRIVE APTS,4240 S KING DR,60653,8,8,20000,1991,1993,41.817745,-87.617305,hud_source
ILA19930215,5530 N WINTHROP,5530 N WINTHROP AVE,60640,18,18,71172,1992,1993,41.982397,-87.658205,hud_source
ILA19930225,BUENA VISTA APTS (CHICAGO),3038 W N AVE,60647,36,36,216940,1991,1993,41.910384,-87.703493,hud_source
ILA19930230,CENTRAL PARK APTS,4501 N CENTRAL PARK AVE,60625,45,45,276090,1993,1993,41.962919,-87.717862,hud_source
ILA19930255,GRAND BOULEVARD TOWERS,4257 S KING DR,60653,30,30,207037,1993,1993,41.817264,-87.616323,hud_source
ILA19930275,NEW LIFE ASSOC,4300 W W END AVE,60624,39,39,170345,1992,1993,41.883438,-87.73312,hud_source
ILA19930900,METROPOLITAN APTS,5854 S MICHIGAN AVE,60637,69,69,436887,1991,1993,41.788301,-87.622514,hud_source
ILA19940010,41ST & ELLIS APTS,4119 S ELLIS AVE,60653,23,23,190000,1992,1994,41.819198,-87.602031,hud_source
ILA19940080,KOLIN COURTS APTS,4321 W ROOSEVELT RD,60624,21,21,72020,1992,1994,41.865908,-87.73327,hud_source
ILA19940125,RENAISSANCE WEST,2513 W FULLERTON AVE,60647,100,100,225000,1992,1994,41.924679,-87.69037,hud_source
ILA19940160,COMMERCIAL AVE REVITALIZA,8954 S COMMERCIAL AVE,60617,21,21,119000,1992,1994,41.732756,-87.551551,hud_source
ILA19940195,CARROLL NORTH APTS,5740 N WINTHROP AVE,60660,44,44,143862,1992,1994,41.986218,-87.658311,hud_source
ILA19940225,EAST GARFIELD PARK II LP,3540 W MONROE ST,60624,42,42,168900,1992,1994,41.879721,-87.714489,hud_source
ILA19940901,THE PAVILION APTS,5441 NE RIVER RD,60656,1114,1114,61091,1994,1994,41.978075,-87.846356,hud_source
ILA19950065,GERMANO-MILLGATE APTS,8944 S BRANDON AVE,60617,350,350,34428,1995,1995,41.732749,-87.547253,hud_source
ILA19950105,KING/ESSEX APTS,5300 S KING DR,60615,83,83,462887,1994,1995,41.79839,-87.616272,hud_source
ILA19950130,MAGNOLIA GARDENS,4845 N MAGNOLIA AVE,60640,56,56,250724,1994,1995,41.970349,-87.660871,hud_source
ILA19950155,PARK APTS,220 E GARFIELD BLVD,60615,120,120,363264,1994,1995,41.794914,-87.620502,hud_source
ILA19960095,GRAND APTS,4750 S FORRESTVILLE AVE,60615,36,36,280800,1995,1996,41.808399,-87.612893,hud_source
ILA19960125,JADE GARDENS APTS,300 W CERMAK RD,60616,72,72,507935,1995,1996,41.853083,-87.634756,hud_source
ILA19960140,LAWNDALE RESTORATION,3100 W DOUGLAS BLVD,60623,1240,1240,2935387,1994,1996,41.863144,-87.703183,hud_source
ILA19960175,PRESENTATION APTS,801 S SPRINGFIELD AVE,60624,16,16,132381,1995,1996,41.870748,-87.722691,hud_source
ILA19960190,SHERIDAN PLAZA,4607 N SHERIDAN RD,60640,140,140,657970,1994,1996,41.965619,-87.65458,hud_source
ILA19960205,MIDWEST ATHLETIC CLUB APTS,6 N HAMLIN BLVD,60624,276,276,600000,1994,1996,41.881102,-87.721009,hud_source
ILA19960235,WOODLAWN MANOR APTS,6140 S DREXEL AVE,60637,86,86,500690,1995,1996,41.783235,-87.604588,hud_source
ILA19960285,MAPLE POINT APTS (CORNERSTONE HOUSE),150 W MAPLE ST,60610,342,342,3312663,1994,1996,41.901998,-87.633079,hud_source
ILA19960290,SHERIDAN PARK APTS,4536 N MAGNOLIA AVE,60640,102,102,280831,1995,1996,41.964219,-87.66121,hud_source
ILA19970015,ANCHOR HOUSE,1200 W 76TH ST,60620,115,115,823420,1995,1997,41.756221,-87.654802,hud_source
ILA19970060,LYNDALE PLACE,2207 N ROCKWELL ST,60647,67,67,536871,1995,1997,41.922146,-87.69252,hud_source
ILA19970080,NORMAL HAVEN APTS,6800 S NORMAL BLVD,60621,73,73,756172,1995,1997,41.770781,-87.637507,hud_source
ILA19970090,PINE CENTRAL,557 N PINE AVE,60644,78,78,396770,1995,1997,41.890294,-87.763166,hud_source
ILA19970110,SOUTH PARK APTS,5950 S KING DR,60637,46,46,365000,1996,1997,41.786575,-87.615995,hud_source
ILA19970135,WESTWOOD PHASE II,6201 S RHODES AVE,60637,42,42,296710,1995,1997,41.782081,-87.611846,hud_source
ILA19970140,WILLARD SQUARE APTS,4901 S ST LAWRENCE AVE,60615,102,102,856364,1995,1997,41.805803,-87.611136,hud_source
ILA19980085,KEELER APTS,1251 S KEELER AVE,60623,32,32,262439,1997,1998,41.865018,-87.729783,hud_source
ILA19980100,MARQUIS APTS,6133 N KENMORE AVE,60660,71,66,162186,1997,1998,41.993317,-87.656687,hud_source
ILA19990040,LAKE GROVE VILLAGE APTS,3500 S COTTAGE GROVE AVE,60653,458,458,1680096,1997,1999,41.830942,-87.610733,hud_source
ILA19990115,HOWARD THEATER,1615 W HOWARD ST,60626,40,40,105148,1999,1999,42.019239,-87.671964,hud_source
ILA19990145,WAYNE APTS,6808 N WAYNE AVE,60626,44,44,260830,1998,1999,42.005624,-87.665162,hud_source
ILA20000025,FULLERTON COURT APTS,1543 W FULLERTON AVE,60614,196,195,576005,1999,2000,41.925017,-87.667225,hud_source
ILA20000406,SOUTH LOOP APTS,1521 S WABASH AVE,60605,207,207,550000,1997,2000,41.862098,-87.625486,hud_source
ILA20010030,EVERGREEN SEDGWICK,414 W GOETHE ST,60610,84,81,268864,2001,2001,41.905685,-87.6391,hud_source
ILA20010065,HUMBOLDT RIDGE APTS-PHASE II,1800 N ST LOUIS AVE,60647,50,50,786982,1999,2001,41.914145,-87.713297,hud_source
ILA20010070,HUMBOLDT RIDGE APTS PHASE I,1801 N ST LOUIS AVE,60647,50,50,621498,1999,2001,41.914145,-87.713578,hud_source
ILA20010080,LAFLIN APTS,1512 W 79TH ST,60620,12,12,141379,1999,2001,41.75054,-87.661672,hud_source
ILA20010100,NORTH TOWN VILLAGE,1311 N HALSTED ST,60642,116,78,910000,1999,2001,41.905324,-87.647892,hud_source
ILA20010210,RUSH -BARTON,1245 S WOOD ST,60608,139,139,580691,1999,2001,41.865698,-87.671091,hud_source
ILA20020170,SHEBA PLACE,3239 W WARREN BLVD,60624,24,24,293787,2000,2002,41.881719,-87.707331,hud_source
ILA20030020,CORTLAND MANOR,1900 N KARLOV AVE,60639,37,37,508708,2001,2003,41.915328,-87.729139,hud_source
ILA20030040,GATEWAY CENTRE APTS,7450 N ROGERS AVE,60626,119,95,1016448,2001,2003,42.01708,-87.673554,hud_source
ILA20030050,HEARTS UNITED APTS PHASE III,400 E 41ST ST,60653,53,47,779409,2001,2003,41.820426,-87.615356,hud_source
ILA20030205,WEST RIDGE SENIOR APARTMENTS,6142 N. CALIFORNIA AVE,60659,99,99,866862,2003,2003,41.992929,-87.699717,hud_source
ILA20030900,NORTHPOINT PRESERVATION,7719 N PAULINA ST,60626,304,304,1055369,2003,2003,42.021509,-87.672875,hud_source
ILA20040025,CAMPBELL TERRACE APTS,2061 N CAMPBELL AVE,60647,249,249,1195517,2003,2004,41.919264,-87.688971,hud_source
ILA20040065,LAKE PARK CRESCENT-PHASE I RENTAL,1061 E 41ST PL,60653,148,148,1787194,2002,2004,41.819719,-87.599954,hud_source
ILA20040165,JACKSON PARK TERRACE,6040 S HARPER AVE,60637,312,312,1289954,2003,2004,41.784953,-87.588382,hud_source
ILA20040175,MONTCLARE SENIOR RESIDENCE PHASE II,6640 W BELDEN AVE,60707,181,163,1546574,2002,2004,41.921371,-87.791875,hud_source
ILA20040205,THE PARKWAYS,6718 S E END AVE,60649,446,441,3480960,2003,2004,41.772712,-87.583862,hud_source
ILA20050005,ROOSEVELT SQUARE I,1222 W ROOSEVELT RD,60608,28,31,3619955,2003,2005,41.86722,-87.657579,hud_source
ILA20050055,LELAND APTS,1201 W LELAND AVE,60640,136,136,410295,2003,2005,41.967052,-87.659644,hud_source
ILA20050065,LIBERTY SQUARE,711 S INDEPENDENCE BLVD,60624,57,57,976105,2003,2005,41.872204,-87.719522,hud_source
ILA20050085,NEW VISTAS II,6909 S CRANDON AVE,60649,154,154,383236,2004,2005,41.769717,-87.569667,hud_source
ILA20050190,MAHALIA PLACE OF LEGENDS SOUTH,116 E 43RD ST,60653,110,110,2158458,2003,2005,41.816729,-87.622739,hud_source
ILA20050200,NORMAL PARKWAY HOMES,421 W MARQUETTE RD,60621,40,40,750000,2002,2005,41.772425,-87.635912,hud_source
ILA20050205,OAKWOOD SHORES 1B,38TH PL - PERSHING,,163,163,1132110,2002,2005,,,missing_no_usable_address
ILA20060020,ROOSEVELT PLACE,1401 W ROOSEVELT RD,60608,68,61,9016755,2003,2006,41.866731,-87.661555,hud_source
ILA20060090,ST PAULS RESIDENCE,2815 W BYRON ST,60618,72,72,465148,2005,2006,41.951995,-87.698777,hud_source
ILA20060150,CONTINENTAL PLAZA APTS,1330 W 78TH ST,60620,292,284,819967,2006,2006,41.752423,-87.657258,hud_source
ILA20060175,GREENWOOD SENIOR LIVING,801 E 61ST ST,60637,218,218,340255,2005,2006,41.783878,-87.606016,hud_source
ILA20060195,OASIS SENIOR LIVING,3833 W WASHINGTON BLVD,60624,217,217,604567,2005,2006,41.881736,-87.721507,hud_source
ILA20060200,PALMER SQUARE APTS,2118 1/2 N KEDZIE BLVD,60647,160,160,519986,2004,2006,41.919826,-87.707323,hud_source
ILA20060225,ST LEO RESIDENCE,7750 S EMERALD AVE,60620,141,141,1446219,2004,2006,41.753381,-87.643115,hud_source
ILA20060235,VICTORY CENTER OF ROSELAND,10450 S MICHIGAN AVE,60628,124,124,1019357,2004,2006,41.704139,-87.620849,hud_source
ILA20070005,65TH STREET APTS,848 E 65TH ST,60637,63,63,285817,2006,2007,41.776942,-87.603811,hud_source
ILA20070010,AMALGAMATED SENIOR RESIDENCES,1504 W VAN BUREN ST,60607,124,123,512514,2006,2007,41.876567,-87.664542,hud_source
ILA20070075,KEYSTONE PLACE,6531 S MINERVA AVE,60637,69,62,1512888,2005,2007,41.775889,-87.597087,hud_source
ILA20070090,NORTH AVENUE REDEVELOPMENT,2634 W N AVE,60647,24,24,1119705,2006,2007,41.91049,-87.693344,hud_source
ILA20070235,PIONEER VILLAGE APTS,340 E 38TH ST,60653,152,152,485277,2006,2007,41.825793,-87.617832,hud_source
ILA20070245,ROBERT TAYLOR HOMES A-1,116 E 43RD ST,60653,182,151,1500000,2004,2007,41.816729,-87.622739,hud_source
ILA20070903,SENIOR SUITES/AUBURN-GRESHAM,1050 W 79TH ST,60620,85,80,1036823,2006,2007,41.750711,-87.650441,hud_source
ILA20080065,MALDEN ARMS,4727 N MALDEN ST,60640,83,83,343569,2006,2008,41.967669,-87.662506,hud_source
ILA20080085,NORTH AVENUE REDEVLEOPMENT ELDERLY,2634 W N AVE,60647,54,54,998036,2004,2008,41.91049,-87.693344,hud_source
ILA20080105,ROOSEVELT SQUARE II,1007 S THROOP,60608,45,45,1500000,2006,2008,41.869339,-87.65896,hud_source
ILA20080120,WESTHAVEN PARK APTS IIB,122 N WOOD ST,60612,127,97,1500000,2006,2008,41.883527,-87.671843,hud_source
ILA20080125,WICKER PARK RENAISSANCE,1527 N WICKER PARK AVE,60622,61,61,671499,2006,2008,41.908881,-87.676947,hud_source
ILA20080903,COPPIN HOUSE,333 E 55TH PL,60637,54,54,6740512,2005,2008,41.793752,-87.61788,hud_source
ILA20090005,G&A SENIOR RESIDENCE AT EASTGATE VILLAGE,300 E 26TH ST,60616,118,117,1718679,2006,2009,41.845851,-87.619419,hud_source
ILA20090020,OAKWOOD SHORES 2A,4TH WARD,,96,96,750000,2006,2009,,,missing_no_usable_address
ILA20090030,ROBERT TAYLOR HOMES C-2,4200 S PRAIRIE AVE,60653,118,95,750000,2006,2009,41.818396,-87.620047,hud_source
ILA20090060,VICTORY CENTRE OF GALEWOOD SLF,2370 N NEWCASTLE AVE,60707,102,78,1195000,2006,2009,41.923364,-87.797237,hud_source
ILA20090901,ROSA PARKS APTS,2550 W N AVE,60647,94,94,1200000,2005,2009,41.910497,-87.69124,hud_source
ILA20090905,CASA MORELOS,2013 S MORGAN ST,60608,45,45,773530,2006,2009,41.854697,-87.651244,hud_source
ILA20100905,OAKWOOD SHORES 2B-1,3754 3758 S VINCENNES AVE,,75,75,1500000,2008,2010,41.826128546668,-87.61209347723,census_geocoder
ILA20100910,LEGENDS SOUTH A-2,3137 W 44TH ST,60632,138,110,1500000,2009,2010,41.813471,-87.703181,hud_source
ILA20100912,CASA MARAVILLA,2021 S MORGAN ST,60608,73,73,1593171,2008,2010,41.854522,-87.651239,hud_source
ILA20100916,WRIGHTWOOD SENIOR APTS,2801 W 79TH ST,60652,85,76,1275000,2008,2010,41.749689,-87.69265,hud_source
ILA20100917,WILSON YARD APTS,1026 W MONTROSE AVE,60613,80,80,1700000,2005,2010,41.961948,-87.6558,hud_source
ILA20100921,THE SENIOR SUITES OF AUTUMN GREEN AT WRIGHT,4255 N OAK PARK AVE,60634,36,32,716344,2009,2010,41.957939,-87.797462,hud_source
ILA20109922,BETTENDORF PLACE (CITY OF CHICAGO),8425 S SAGINAW AVE,60617,23,23,4801195,2010,2010,41.741955,-87.55979,hud_source
ILA20109923,BRANCH OF HOPE,5600 S HALSTED ST,60621,100,100,8597950,2010,2010,41.79241,-87.645311,hud_source
ILA20110001,O'KEEFE APTS,7150 S EUCLID (SCATTERED SITES),,67,67,1300000,2010,2011,41.765163286422,-87.578196622805,census_geocoder
ILA20110100,WESTHAVEN PARK APTS IIC,1910 W MAYPOLE AVE,60612,92,74,2155000,2007,2011,41.884302,-87.674716,hud_source
ILA20110905,PULLMAN WHEELWORKS,901 E 104TH ST,60628,210,210,861859,2011,2011,41.7055,-87.601421,hud_source
ILA20110906,PARKWAY GARDENS APTS,6536 S KING DR,60637,694,694,2941809,2011,2011,41.775399,-87.615754,hud_source
ILA20110908,MARTIN LUTHER KING APTS,3800 W 16TH ST,60623,45,45,975000,2008,2011,41.859084,-87.720579,hud_source
ILA20110916,INDEPENDENCE APTS,925 S INDEPENDENCE BLVD,60624,42,33,695672,2009,2011,41.869284,-87.719396,hud_source
ILA20110917,HOPE MANOR APTS,3453 W MADISON ST,60624,50,50,1303413,2009,2011,41.880752,-87.712411,hud_source
ILA20110920,HANCOCK HOUSE,12045 S EMERALD AVE,60628,89,80,1538,2009,2011,41.675032,-87.640896,hud_source
ILA20110929,CLIFTON MAGNOLIA APTS,4416 N CLIFTON AVE,60640,59,59,938107,2008,2011,41.962207,-87.658382,hud_source
ILA20110931,WOODLAWN CENTER SOUTH APTS,6222 S COTTAGE GROVE AVE,60637,67,60,1552835,2009,2011,41.78181,-87.606184,hud_source
ILA20110933,WEST END PHASE II,2425 W ADAMS ST,60612,112,98,2215173,2007,2011,41.878714,-87.687604,hud_source
ILA20110935,VICTORY CENTER OF SOUTH CHICAGO,3251 E 92ND ST,60617,72,72,1085591,2007,2011,41.728162,-87.545539,hud_source
ILA20120001,VICEROY HOUSING APTS,1519 W WARREN BLVD,60607,89,89,1352409,2010,2012,41.882235,-87.665938,hud_source
ILA20120006,NORTH & TALMAN REDEVELOPMENT III,1605 N WASHTENAW AVE,60647,33,33,1100000,2010,2012,41.910454,-87.694316,hud_source
ILA20120007,RANDOLPH TOWER CITY APTS,188 W RANDOLPH ST,60601,312,63,10000000,2010,2012,41.884637,-87.633631,hud_source
ILA20120025,PAUL G STEWART IV A,400 E 41ST ST,60653,66,66,2296188,2008,2012,41.820426,-87.615356,hud_source
ILA20120901,RENAISSANCE APTS,6105 S ELLIS AVE,60637,117,117,442525,2011,2012,41.78402,-87.600919,hud_source
ILA20130001,OAKWOOD SHORES 2D,615-627 E 38TH ST (SCATTERED SITES),,66,44,1500000,2011,2013,41.824791195889,-87.611689156571,census_geocoder
ILA20130002,WOODLAWN SIX APTS,,,100,100,803865,2012,2013,,,missing_no_usable_address
ILA20130003,1704 N HUMBOLDT BUILDING,1704 N HUMBOLDT BLVD,60647,29,28,803943,2011,2013,41.912532,-87.702498,hud_source
ILA20130008,ST STEPHENS TERRACE APTS,2333 W JACKSON BLVD,60612,247,221,1744000,2011,2013,41.877438,-87.684647,hud_source
ILA20130825,WOODLAWN CENTER NORTH APTS,6127 S COTTAGE GROVE AVE,60637,33,29,1059448,2011,2013,41.783539,-87.605789,hud_source
ILA20130826,ZAPATA APTS,1955 N ST LOUIS AVE,60647,61,61,1292860,2011,2013,41.916542,-87.713288,hud_source
ILA20140004,CONGRESS PARKWAY,261 E CONGRESS PKWY,,60,60,1764107,2012,2014,,,missing_no_geocode_match
ILA20140012,EVERGREEN TOWER I,1353 N CLEVELAND AVE,60610,102,102,686221,2013,2014,41.907153,-87.640659,hud_source
ILA20140017,LAKE STREET STUDIOS,727 W LAKE ST,60661,61,61,1132118,2012,2014,41.885528,-87.646826,hud_source
ILA20149843,SENIOR SUITES OF NORWOOD PARK,5700 N HARLEM AVE,60631,84,80,1743000,2012,2014,41.985135,-87.807145,hud_source
ILA20158126,MILWAUKEE AVENUE APTS,3064 N MILWAUKEE AVE,60618,32,32,706659,2013,2015,41.936742,-87.720315,hud_source
ILA20158127,VETERANS NEW BEGINNINGS,8132 S RACINE AVE,60620,54,54,480000,2012,2015,41.745896,-87.65385,hud_source
ILA20170001,FARWELL JARVIS,1418 W FARWELL AVE,60626,85,85,355153,2016,2017,42.006872,-87.666447,hud_source
ILA20180001,ANATHOTH GARDENS,34 NORTH KEELER AVE,60624,40,40,2753173,2017,2018,41.881554,-87.730786,hud_source
ILA20190008,GREENWOOD PARK APARTMENTS,1007 1157 E 47TH ST,60615,90,90,1205687,2018,2019,41.806,-87.5991,hud_source
ILA20190012,OSO APARTMENTS,3435 W MONTROSE AVE,60618,48,48,485120,2018,2019,41.960971,-87.714434,hud_source
ILA20190017,THRESHOLDS RAD 2,6808 N WAYNE,60626,44,44,260830,1998,2019,42.005624,-87.665162,hud_source
ILA20200005,JOHNSON & BUTLER/LINDEN APARTMENTS,6146 S KENWOOD AVE,60637,99,99,1371593,2018,2020,41.78334,-87.59332,hud_source
ILA20210004,NORTHPOINT APARTMENTS,7719 N PAULINA,60626,304,302,2760162,2020,2021,42.021509,-87.672875,hud_source
ILA20210007,ROOSEVELT ROAD VETERANS HOUSING,2920 W ROOSEVELT RD,60612,90,90,1171168,2019,2021,41.866669,-87.699267,hud_source
ILA20210009,UNIVERSAL CITY APARTMENTS,9510 SOUTH CONSTANCE AVENUE,60617,159,159,466647,2004,2021,41.721519,-87.57923,hud_source
ILA20220002,5150 NORTHWEST HIGHWAY,5150 N NORTHWEST HIGHWAY,60630,60,60,1768068,2019,2022,41.974609,-87.767801,hud_source
ILA20220004,CIRCLE PARK APARTMENTS,1111 S ASHLAND AVE,60607,418,418,6248850,2021,2022,41.867969,-87.666084,hud_source
ILA20220040,HEIWA TERRACE,920 W LAWRENCE AVE,60640,203,203,3122340,2021,2022,41.969246,-87.653191,hud_source
ILA20220042,MORNINGSIDE COURT APARTMENTS,1250 W MORSE AVE,60626,170,170,2286876,2021,2022,42.008147,-87.663916,hud_source
ILA20220047,SCHILLER PLACE,1433 N HALSTED ST,60642,40,40,525263,2020,2022,41.907304,-87.647927,hud_source
ILA20220048,SOUTHBRIDGE PHASE 1B,2350 S STATE ST,60616,43,43,1620000,2019,2022,41.850137,-87.627265,hud_source
ILA20230001,6001 W. LAWRENCE,6017 W LAWRENCE AVE,60630,48,48,1500000,2020,2023,41.967788,-87.77794,hud_source
ILA20230002,900 W RANDOLPH,164 N PEORIA ST,60607,60,60,1521206,2021,2023,41.884903,-87.650015,hud_source
ILA20230010,JACKSON MANOR APARTMENTS,3445 W MADISON ST,60624,72,72,742495,2022,2023,41.880757,-87.712165,hud_source
ILA20230011,LATHROP HOMES IB,2890 2904 N CLYBOURN AVE,60618,43,43,1500000,2021,2023,41.9429,-87.7016,hud_source
ILA20230015,NORTH PARK VILLAGE APARTMENTS,5801 N PULASKI RD,60646,179,179,1500000,2019,2023,41.986426,-87.728314,hud_source
ILA20230016,OASIS SENIOR LIVING,3811 W WASHINGTON BLVD,60624,219,218,3600000,2021,2023,41.881742,-87.721088,hud_source
ILA20230021,SOUTHBRIDGE PHASE 1A,2310 S STATE ST,60616,51,51,891476,2019,2023,41.850893,-87.627283,hud_source
ILA20240004,COMMONWEALTH APARTMENTS,2757 N PINE GROVE AVE,60614,145,145,2994738,2022,2024,41.93263,-87.641029,hud_source
ILA20240009,LAWSON HOUSE,30 W CHICAGO AVE,60610,146,146,2500000,2021,2024,41.896826,-87.629545,hud_source
ILA20240010,OGDEN COMMONS A-1 RESIDENTIAL,1325 S WASHTENAW AVE,60608,83,83,1503203,2022,2024,41.905468,-87.694237,hud_source
ILB00000003,GRAND BOULEVARD RENAISSDANCE APTS,4331 S KING DR,60653,30,30,,8888,8888,41.816113,-87.616299,hud_source
ILB0000X020,4400 GROVE - 45TH AND COTTAGE,4424 S COTTAGE GROVE 210,60653,84,38,,9999,9999,41.814579,-87.60688,hud_source
ILB0000X021,65TH INFANTRY REGIMENT VETERANS HOUSING,1045 N SACRAMENTO AVENUE,60622,48,38,,9999,9999,41.900572,-87.701543,hud_source
ILB0000X022,ACADEMY SQUARE APARTMENTS,318 S THROOP STREET,60607,200,,,9999,9999,41.877403,-87.659652,hud_source
ILB0000X023,ACCESS HOUSING,3549 N BELDEN,60647,54,54,,9999,9999,41.922615,-87.715565,hud_source
ILB0000X025,BETHEL TERRACE,900 W 63RD PARKWAY,60621,123,,,9999,9999,41.781722,-87.647365,hud_source
ILB0000X026,"CAROLINE HEDGER HOUSING DEV., LLC.",6400 N SHERIDAN RD,60626,436,,,9999,9999,41.998255,-87.660895,hud_source
ILB0000X027,CARLING HOTEL,1512 N LASALLE DR,60610,80,,,9999,9999,41.9071,-87.6357,hud_source
ILB0000X028,CENTRAL PINE PLACE - PINE,238 N PINE,60644,31,,,9999,9999,41.884827,-87.763525,hud_source
ILB0000X029,CLARENDON COURT APARTMENTS,4500 NORTH CLARENDON AVE,60640,152,,,9999,9999,41.963688,-87.65018,hud_source
ILB0000X030,"CLARK ESTES APARTMENTS, LP",1763 WEST ESTES AVENUE,60626,54,54,,9999,9999,42.011272,-87.674739,hud_source
ILB0000X031,CLYBOURN AND DIVISION - 8135,454 W DIVISION ST,60610-2870,,40,,9999,9999,41.903976,-87.640222,hud_source
ILB0000X033,CROSSROADS OF EAST RAVENSWOOD,4206 N ASHLAND AVENUE,60640,,,,9999,9999,41.958119,-87.669422,hud_source
ILB0000X035,DAMEN COURT APARTMENTS,2027 W ADAMS,60612,156,,,9999,9999,41.878582,-87.677591,hud_source
ILB0000X037,EVERGREEN TERRACE APARTMENTS,425 W EVERGREEN AVENUE,60610,84,,,9999,9999,41.906343,-87.639545,hud_source
ILB0000X038,FANNIE EMANUEL APARTMENTS,3916 W WASHINGTON BL,60624,181,181,,9999,9999,41.882037,-87.723527,hud_source
ILB0000X039,HUMBOLDT HOUSE,1819 NORTH HUMBOLDT BOULAVARD,60647,,,,9999,9999,41.9211,-87.6997,hud_source
ILB0000X040,HUMBOLDT PARK APTS,3038-42 W NORTH AVE,,50,50,,9999,9999,41.910384,-87.703493,hud_source
ILB0000X041,J. MICHAEL FITZGERALD APARTMENTS,5801 NORTH PULASKI ROAD,60646,63,63,,9999,9999,41.986426,-87.728314,hud_source
ILB0000X043,LAFAYETTE TERRACE APARTMENTS,6956 S VINCENNES AVE,60621,93,,,9999,9999,41.767854,-87.62706,hud_source
ILB0000X044,LAKE VILLAGE EAST,4700 S LAKE PARK AVENUE,60615,218,,,9999,9999,41.809562,-87.592539,hud_source
ILB0000X045,LEGENDS SOUTH C-3,109 E 43RD STREET,60653,71,53,,9999,9999,41.816396,-87.622876,hud_source
ILB0000X047,MARSHALL FIELD GARDEN APARTMENTS,1448 N SEDGWICK STREET,60610,628,,,9999,9999,41.90861,-87.638731,hud_source
ILB0000X048,MARTIN LUTHER KING JR APARTMENTS,3222 W MADISON STREET,60624,138,,,9999,9999,41.881155,-87.70663,hud_source
ILB0000X049,MCCRORY SENIOR APARTMENTS,1639 W WASHINGTON BLVD.,60612,62,62,,9999,9999,41.883142,-87.667879,hud_source
ILB0000X050,MIRIAM APARTMENTS,4707 N MALDEN STREET,60640,66,66,,9999,9999,41.967308,-87.662454,hud_source
ILB0000X052,MONTCLARE SENIOR RESIDENCES I,6650 WEST BELDEN AVENUE,60707,335,,,9999,9999,41.92137,-87.791909,hud_source
ILB0000X053,MORNINGSIDE NORTH APARTMENTS,170 WEST OAK STREET,60610,256,,,9999,9999,41.900721,-87.633776,hud_source
ILB0000X056,NEWBERRY PARK APARTMENTS,1355 S BLUE ISLAND AVENUE,60608,30,30,,9999,9999,41.864403,-87.655352,hud_source
ILB0000X066,PULLMAN ARTSPACE LOFTS,11137 S LANGLEY AVENUE,60628,38,,,9999,9999,41.69187,-87.605779,hud_source
ILB0000X067,RECLAIMING SOUTHWEST CHICAGO AKA CHICAGO LAWN,6159 S MAPLEWOOD,60629,50,,,9999,9999,41.781805,-87.687136,hud_source
ILB0000X068,SENIOR SUITES OF RAVENSWOOD MANOR,2800 W MONTROSE AVENUE,60618,81,,,9999,9999,41.961442,-87.698524,hud_source
ILB0000X069,SHOPS AND LOFTS AT 47,747 E 47TH STREET,60653,96,,,9999,9999,41.809384,-87.607585,hud_source
ILB0000X070,SOUTHLAND VILLAGE APARTMENTS,6253 SOUTH MICHIGAN AVE,60637,230,,,9999,9999,41.780865,-87.621898,hud_source
ILB0000X071,SPAULDING AND TRUMBULL APARTMENTS,1314 S SPAULDING AVENUE,60623,25,25,,9999,9999,41.864301,-87.708252,hud_source
ILB0000X073,STANDARD ILLINOIS PORTFOLIO A,150 W MAPLE,60610,,,,9999,9999,41.901998,-87.633079,hud_source
ILB0000X074,STANDARD ILLINOIS PORTFOLIO C,1734 NORTH PAULINA STREET,60622,,,,9999,9999,41.913407,-87.670429,hud_source
ILB0000X075,TAYLOR STREET APARTMENTS,1342 W. TAYLOR ST,60607,73,29,,9999,9999,41.86952,-87.660405,hud_source
ILB0000X076,THE MARSHALL HOTEL,1232 N LASALLE DRIVE,60610,90,,,9999,9999,41.9071,-87.6357,hud_source
ILB0000X079,VAN BUREN APARTMENTS,2045 W JACKSON BOULEVARD,60612,300,,,9999,9999,41.877348,-87.678171,hud_source
ILB0000X080,VILLAGES OF WESTHAVEN - 8112,110 N WOOD ST,60612,200,,,9999,9999,41.88193,-87.67197,hud_source
ILB0000X082,WESTSIDE VILLAGE PHASE VI,3609 W. ARTHINGTON STREET,60624,52,,,9999,9999,41.869796,-87.715642,hud_source
ILB0000X083,EVERGREEN TOWERS II,1343 N. CLEVELAND ST.,60610,,,,9999,9999,41.906952,-87.64065,hud_source
ILB0000X084,LAWNDALE/PLAZA,3158 WEST ROOSEVLT RD,60612,,198,,9999,9999,41.866603,-87.704893,hud_source
ILB19870005,1325 N SHORE ASSOC,1325 W NRTH SHR AVE,60626,31,7,,1987,1987,42.003477,-87.664499,hud_source
ILB19870010,3834 S WABASH AVE,3834 S WABASH AVE,60653,6,6,,1988,1987,41.824447,-87.625066,hud_source
ILB19870015,600 N CENTRAL ASSOC,600 N CENTRAL AVE,60644,20,20,,1987,1987,41.891126,-87.765455,hud_source
ILB19870020,7031-7047 MERRILL ASSOC,7031 S MERRILL AVE,60649,22,22,,1987,1987,41.767198,-87.572434,hud_source
ILB19870025,936 W SUNNYSIDE AVE,936 W SUNNYSIDE AVE,60640,20,20,,1987,1987,41.963803,-87.653559,hud_source
ILB19870030,BOULEVARD COMMONS,2750 W WARREN BLVD,60612,20,20,,1987,1987,41.882194,-87.695055,hud_source
ILB19870035,KEN OAK ASSOC I,1236 E 46TH ST,60653,15,15,,1987,1987,41.810893,-87.59523,hud_source
ILB19880010,16TH & HOMAN BUILDING,3354 W 16TH ST,60623,3,3,,1988,1988,41.859194,-87.709776,hud_source
ILB19880015,401-3 S KILBOURN,401 S KILBOURN AVE,60624,10,10,,1988,1988,41.87511,-87.737516,hud_source
ILB19880030,4500 S DREXEL BLVD,4500 S DREXEL BLVD,60653,26,26,,1988,1988,41.813204,-87.604638,hud_source
ILB19880035,4524 S MICHIGAN AVE,4524 S MICHIGAN AVE,60653,12,12,,1988,1988,41.812464,-87.623125,hud_source
ILB19880040,4867 N WASHTENAW AVE,4867 N WASHTENAW AVE,60625,20,16,,1988,1988,41.970176,-87.696079,hud_source
ILB19880045,5700 W WASHINGTON BLVD,5700 W WASHINGTON BLVD,60644,20,20,,1988,1988,41.882366,-87.768166,hud_source
ILB19880050,900 W WINDSOR AVE,900 W WINDSOR AVE,60640,18,18,,1987,1988,41.964642,-87.653474,hud_source
ILB19880055,BOULEVARD COMMONS II,5417 W WASHINGTON BLVD,60644,212,212,,1988,1988,41.882131,-87.760856,hud_source
ILB19880060,CYRIL COURT APTS,7130 S CYRIL CT,60649,205,205,,1987,1988,41.764995,-87.577115,hud_source
ILB19880065,GERMANO MILLGATE,8766 S BURLEY AVE,60617,350,350,,1988,1988,41.736009,-87.546033,hud_source
ILB19880070,GUYON ASSOC,116 N PULASKI RD,60624,114,114,,1988,1988,41.882491,-87.725905,hud_source
ILB19880075,PARKVIEW (CHICAGO),5110 S KING DR,60615,102,100,,1987,1988,41.801699,-87.616395,hud_source
ILB19880085,SU CASA,1614 W JONQUIL TER,60626,25,25,,1988,1988,42.021311,-87.671237,hud_source
ILB19890010,1530-42 N KEDZIE,1530 N KEDZIE AVE,60651,50,50,,1988,1989,41.909204,-87.707193,hud_source
ILB19890015,4441-47 S GREENWOOD,4441 S GREENWOOD AVE,60653,33,33,,1988,1989,41.814237,-87.599136,hud_source
ILB19890020,4819-21 S CALUMET,4819 S CALUMET AVE,60615,8,8,,1989,1989,41.807217,-87.617865,hud_source
ILB19890025,6126 S WOODLAWN AVE,6126 S WOODLAWN AVE,60637,35,35,,1988,1989,41.783689,-87.596506,hud_source
ILB19890030,7835 S DREXEL AVE,7835 S DREXEL AVE,60619,2,2,,1989,1989,41.752495,-87.602576,hud_source
ILB19890035,BOULEVARD COMMONS II,1499 N CENTRAL AVE,60651,19,19,,1989,1989,41.907554,-87.765636,hud_source
ILB19890040,BOULEVARD COMMONS IIA,5623 W WASHINGTON BLVD,60644,42,42,,1989,1989,41.882067,-87.765963,hud_source
ILB19890045,CIRCLE GARDEN APTS,127 N CENTRAL AVE,60644,88,88,,1988,1989,41.882817,-87.764683,hud_source
ILB19890050,ENTRE NOUS,1700 W JUNEWAY TER,60626,32,32,,1988,1989,42.022697,-87.673094,hud_source
ILB19890060,HEARTHSTONE PARTNERS II,1018 N RIDGEWAY AVE,60651,2,2,,1989,1989,41.899434,-87.720338,hud_source
ILB19890070,SUNNYSIDE APTS,850 W SUNNYSIDE AVE,60640,124,124,,1989,1989,41.963828,-87.651428,hud_source
ILB19890075,WOODLAKE VILLAGE APTS,1204 E 46TH ST,60653,70,28,,1989,1989,41.810933,-87.596533,hud_source
ILB19890080,WOODLAND PARK APTS,606 E WOODLAND PARK AVE,60616,240,48,,1988,1989,41.833095,-87.611128,hud_source
ILB19900005,146 & 419 S HAMLIN,146 S HAMLIN BLVD,60624,31,31,,1989,1990,41.878729,-87.72096,hud_source
ILB19900010,1517-19 W MARQUETTE,1517 W MARQUETTE RD,60636,9,9,,1989,1990,41.772067,-87.662299,hud_source
ILB19900015,4611 S DREXEL BLVD,4611 S DREXEL BLVD,60653,44,39,,1989,1990,41.811096,-87.603705,hud_source
ILB19900020,7024-32 S PAXTON,7024 S PAXTON AVE,60649,24,25,,1989,1990,41.76735,-87.571678,hud_source
ILB19900025,7500-06 S EGGLESTON,7500 S EGGLESTON AVE,60620,24,23,,1989,1990,41.758062,-87.635937,hud_source
ILB19900030,AUSTIN SHORE DEVELOPMENT,151 N LAVERGNE AVE,60644,28,28,,1989,1990,41.883266,-87.750028,hud_source
ILB19900035,AUSTIN SHORES,7117 S EUCLID AVE,60649,19,19,,1989,1990,41.765503,-87.577872,hud_source
ILB19900040,DICKENS APTS REHAB II,3621 W DICKENS AVE,60647,34,34,,1989,1990,41.918953,-87.717575,hud_source
ILB19900045,GROVE PARC PLAZA APTS,6020 S COTTAGE GROVE AVE,60637,504,504,,1988,1990,41.785423,-87.606267,hud_source
ILB19900050,MONROE/LAVERGNE,5000 W ADAMS ST,60644,52,52,,1989,1990,41.878721,-87.749389,hud_source
ILB19900055,MONTROSE WOLCOTT BUILDING,1900 W MONTROSE AVE,60613,9,9,,1989,1990,41.961671,-87.675991,hud_source
ILB19900060,NORTH PULASKI,212 N PULASKI RD,60624,30,30,,1989,1990,41.883728,-87.725945,hud_source
ILB19900065,ONE SPECTACULAR MICHIGAN,4641 S MICHIGAN AVE,60653,8,8,,1989,1990,41.810431,-87.622641,hud_source
ILB19900070,SUTHERLAND,4647 S DREXEL BLVD,60653,157,155,,1990,1990,41.809902,-87.603684,hud_source
ILB19900075,TWO SPECTACULAR MICHIGAN,4645 S MICHIGAN AVE,60653,8,8,,1989,1990,41.810361,-87.62264,hud_source
ILB19900080,WEST WASHINGTON ASSOC,4200 W WASHINGTON BLVD,60624,49,49,,1989,1990,41.882161,-87.730593,hud_source
ILB19909001,BRONZEVILLE ASSOCIATES LP II,400 E 41ST ST,60653-3071,24,24,,2013,1990,41.820426,-87.615356,hud_source
ILB19909002,LUCY GONZALEZ PARSONS APARTMENTS,2614 N EMMETT ST,60647-0486,100,100,,9999,1990,41.930541,-87.708276,hud_source
ILB19909003,THE MARSHALL - 8161,1232 N LA SALLE DR,60610-1913,90,90,,9999,1990,41.90464,-87.63324,hud_source
ILB19910005,5040 W WASHINGTON BLVD,5040 W WASHINGTON BLVD,60644,44,44,,1990,1991,41.881913,-87.751302,hud_source
ILB19910010,6820-30 S RIDGELAND,6820 S RIDGELAND AVE,60649,24,24,,1990,1991,41.771172,-87.5828,hud_source
ILB19910015,AFRICAN VILLAGE,400 S LARAMIE AVE,60644,95,95,,1990,1991,41.874849,-87.755074,hud_source
ILB19910025,EDGEWATER SHORES APTS,5326 N WINTHROP AVE,60640,70,70,,1990,1991,41.978753,-87.657659,hud_source
ILB19910035,LAKESIDE SQUARE APTS,920 W LAKESIDE PL,60640,308,308,,1989,1991,41.968356,-87.653223,hud_source
ILB19910045,PINE PLACE,330 N PINE AVE,60644,42,42,,1989,1991,41.886198,-87.763577,hud_source
ILB19920005,6109-15 S INDIANA APT,6109 S INDIANA AVE,60637,16,16,,1990,1992,41.783548,-87.620342,hud_source
ILB19920010,ASHLANDS PHASES I & II,7724 N ASHLAND AVE,60626,51,51,,1991,1992,42.021867,-87.670864,hud_source
ILB19920015,AUSTIN MUTUAL,5040 W QUINCY ST,60644,41,41,,1991,1992,41.877777,-87.750469,hud_source
ILB19920020,CHURCHVIEW MANOR,6250 S TALMAN AVE,60629,60,60,,1990,1992,41.780312,-87.689782,hud_source
ILB19920025,FRIENDLY TOWERS,4707 N MALDEN ST,60640,66,66,,1991,1992,41.967308,-87.662454,hud_source
ILB19920030,LAKE PARK,4631 S LAKE PARK AVE,,65,53,,1991,1992,41.81095332416,-87.593841068312,census_geocoder
ILB19920035,MICHIGAN MANOR,5751 S MICHIGAN AVE,60637,31,31,,1990,1992,41.790098,-87.622115,hud_source
ILB19920040,SOUTH SHORE APTS,7456 S STH SHR DR,60649,77,77,,1991,1992,41.761071,-87.557687,hud_source
ILB19920045,SOUTH SHORE MANOR,2358 E 70TH PL,60649,33,33,,1990,1992,41.767316,-87.567618,hud_source
ILB19920050,SUNNYSIDE UPTOWN APTS,847 W SUNNYSIDE AVE,60640,26,26,,1991,1992,41.963502,-87.651366,hud_source
ILB19930005,62ND ST DEVELOPMENT,6153 S EBERHART AVE,60637,162,162,,1991,1993,41.782968,-87.613035,hud_source
ILB19930010,BOULEVARD APTS,1930 N HUMBOLDT BLVD,60647,70,70,,1991,1993,41.916177,-87.702612,hud_source
ILB19930015,CORONADO APTS,1061 W ROSEMONT AVE,60660,122,122,,1992,1993,41.996235,-87.657857,hud_source
ILB19930020,EVANS-LANGLEY,727 E 50TH PL,60615,45,45,,1992,1993,41.803004,-87.607689,hud_source
ILB19930025,HAMILTON PARK APTS,7146 S LOWE AVE,60621,30,30,,1991,1993,41.764441,-87.640307,hud_source
ILB19930030,KINGSTON APTS,7436 S KINGSTON AVE,60649,19,19,,1992,1993,41.759834,-87.563366,hud_source
ILB19930035,MAGNOLIA ARMS,4626 N MAGNOLIA AVE,60640,70,70,,1992,1993,41.965847,-87.661274,hud_source
ILB19930040,JUNEWAY TERRACE APTS,1722 W JUNEWAY TER,60626,28,28,,1991,1993,42.022698,-87.673304,hud_source
ILB19930050,PINE-LOTUS DEVELOPMENT,224 N PINE AVE,60644,53,46,,1991,1993,41.884625,-87.763519,hud_source
ILB19930055,SHOREWOOD,1962 E 73RD PL,60649,115,115,,1991,1993,41.761737,-87.576855,hud_source
ILB19930060,KENWOOD OAKLAND DEVELOPMENT CORP,4746 S INGLESIDE AVE,60615,30,30,,1991,1993,41.808512,-87.603016,hud_source
ILB19930065,SOUTHEAST LITTLE VILLAGE,3066 E 92ND ST,60617,29,29,,1991,1993,41.728443,-87.549135,hud_source
ILB19930070,TOWN & GARDEN APTS,1414 N SEDGWICK ST,60610,628,628,,1992,1993,41.908207,-87.638719,hud_source
ILB19950005,6100-08 S WABASH APTS,6100 S WABASH AVE,60637,24,24,,1994,1995,41.783713,-87.62404,hud_source
ILB19950010,AUSTIN SQUARE,4701 W MAYPOLE AVE,60644,166,166,,1993,1995,41.884322,-87.742955,hud_source
ILB19950015,EAST PARK,3250 W MAYPOLE AVE,60624,152,152,,1994,1995,41.883457,-87.707334,hud_source
ILB19950020,HOMAN SQUARE I,750 S HOMAN AVE,60624,50,50,,1994,1995,41.871569,-87.710883,hud_source
ILB19950025,HUMBOLDT PARK RESIDENCE,1152 N CHRISTIANA AVE,60651,68,68,,1994,1995,41.901716,-87.710844,hud_source
ILB19950030,KENSINGTON COURT,4655 S LAKE PARK AVE,60653,65,45,,1994,1995,41.810611,-87.593198,hud_source
ILB19950035,MAJOR JENKINS APTS,5012 N WINTHROP AVE,60640,160,160,,1993,1995,41.973512,-87.65796,hud_source
ILB19950040,MENARD APTS,334 N MENARD AVE,60644,57,57,,1994,1995,41.886682,-87.770168,hud_source
ILB19950045,PRAIRIE APTS,6034 S PRAIRIE AVE,60637,33,33,,1993,1995,41.785,-87.619185,hud_source
ILB19950055,SENIOR SUITES OF BELMONT,6037 W GRAND AVE,60639,86,86,,1993,1995,41.920651,-87.776905,hud_source
ILB19950060,SENIOR SUTIES OF GAGE PARK,3244 W 59TH ST,60629,86,86,503340,1994,1995,41.786393,-87.704567,hud_source
ILB19950065,ST EDMUND'S CORNERS,5700 S MICHIGAN AVE,60637,50,50,,1993,1995,41.791085,-87.622584,hud_source
ILB19950070,WABASH COURT,5606 S WABASH AVE,60637,51,51,,1993,1995,41.792784,-87.624237,hud_source
ILB19950800,SENIOR SUITES OF BELMONT CRAGIN,6045 W GRAND AVE,60639,84,86,463052,1993,1995,41.920678,-87.777052,hud_source
ILB19950803,LAZARUS,3935 W 19TH ST,60623,45,45,,1994,1995,41.854861,-87.723789,hud_source
ILB19950804,WESTSIDE VILLAGE PHASE I,3607 W POLK ST,60624,50,3,,1994,1995,41.870685,-87.715719,hud_source
ILB19950806,EAST LAKE,4257 S KING DR,60653,65,65,,1995,1995,41.817264,-87.616323,hud_source
ILB19960005,BELRAY APTS,3150 N RACINE AVE,60657,70,70,,1995,1996,41.939456,-87.659169,hud_source
ILB19960010,EAST GARFIELD PARK PLACE,3441 W MONROE ST,60624,25,25,,1995,1996,41.879426,-87.712006,hud_source
ILB19960015,ENGLEWOOD GARDENS,7000 S EGGLESTON AVE,60621,167,167,,1995,1996,41.767115,-87.63622,hud_source
ILB19960020,LAZURUS PROJECT,1900 S HARDING AVE,60623,48,48,,1994,1996,41.854506,-87.723786,hud_source
ILB19960025,NUESTRO PUEBLO APARTMETNS,901 N SACRAMENTO BLVD,60622,24,24,,1994,1996,41.898088,-87.701747,hud_source
ILB19960030,PARKSIDE TERRACE,128 N PARKSIDE AVE,60644,62,44,,1995,1996,41.882934,-87.766777,hud_source
ILB19960035,PAUL G STEWART APTS V,410 E BOWEN AVE,60653,96,77,,1994,1996,41.819501,-87.616229,hud_source
ILB19960040,REBECCA WALKER COMPLEX,126 S CENTRAL AVE,60644,64,57,,1994,1996,41.878429,-87.76498,hud_source
ILB19960045,SENIOR SUITES OF CENTRAL STATION,1400 S INDIANA AVE,60605,96,96,430597,1995,1996,41.86416,-87.622788,hud_source
ILB19960050,SENIOR SUITES OF SOUTH SHORE,2345 E 67TH ST,60649,96,96,273881,1994,1996,41.773387,-87.56784,hud_source
ILB19970005,CENTRAL WOODLAWN PARTNR,6156 S UNIVERSITY AVE,60637,84,84,,1995,1997,41.783117,-87.59812,hud_source
ILB19970015,DREXEL STREET PROPERTIES,4027 S DREXEL BLVD,60653,61,61,,1995,1997,41.820695,-87.604593,hud_source
ILB19970025,MAE SUITES,148 N MAYFIELD AVE,60644,39,39,,1996,1997,41.883207,-87.772067,hud_source
ILB19970030,MAYFAIR COMMONS SENIOR BLDG,4444 W LAWRENCE AVE,60630,97,97,,1995,1997,41.968301,-87.739694,hud_source
ILB19970035,ROWAN TREES APTS,500 W ENGLEWOOD AVE,60621,45,45,,1996,1997,41.780949,-87.637538,hud_source
ILB19970040,WINTHROP APTS,6214 N WINTHROP AVE,60660,93,93,,1996,1997,41.99497,-87.658568,hud_source
ILB19970800,LAWN TERRACE APTS,3214 W 63RD PL,60629,102,102,,1995,1997,41.778202,-87.703473,hud_source
ILB19979001,WOODLAWN MICHIGAN APARTMENTS,5630 S MICHIGAN AVE,60637,84,84,,1997,1997,41.79238,-87.622619,hud_source
ILB19979002,GRAND BOULEVARD APTS.,410-412 E. 43RD STREET,60653,22,22,,1995,1997,41.816828,-87.616537,hud_source
ILB19980005,SENIOR SUITES OF RAVENWOOD,2800 W MONTROSE AVE,60618,80,80,552423,1996,1998,41.961442,-87.698524,hud_source
ILB19980010,EVERGREEN TOWER II,1343 N CLEVELAND AVE,60610,101,82,,1997,1998,41.906952,-87.64065,hud_source
ILB19980015,FAITH RESIDENCE,5644 W WASHINGTON BLVD,60644,50,50,,1996,1998,41.882384,-87.766649,hud_source
ILB19980020,KAVANAUGH BUILDING,9001 S COMMERCIAL AVE,60617,15,15,,1996,1998,41.731918,-87.551091,hud_source
ILB19980025,KENWOOD OAKLAND APTS,811 E 46TH ST,60653,102,102,,1996,1998,41.81123,-87.605829,hud_source
ILB19980035,TABERNACLE PARTNERHIP,1852 S HAMLIN AVE,60623,42,42,,1996,1998,41.855568,-87.720173,hud_source
ILB19980802,SENIOR SUITES OF AUSTIN,335 N MENARD AVE,60644,84,84,462931,1998,1998,41.886644,-87.769726,hud_source
ILB19980804,ST EDMUND'S PLAZA,5701 S MICHIGAN AVE,60637,65,65,,1997,1998,41.791098,-87.622145,hud_source
ILB19980805,ST ANDR,50 N HOYNE AVE,60612,42,42,240893,1997,1998,41.882646,-87.67934,hud_source
ILB19980807,MADISON RENAISSANCE DEVELOPMENT,5629 W MADISON ST,60644,30,30,281243,1996,1998,41.880017,-87.765912,hud_source
ILB19989001,BRYN MAWR/BELLE SHORE APTS,1062 W BRYN MAWR AVE,60660-4602,371,359,,1997,1998,41.983824,-87.65749,hud_source
ILB19989002,ST. ANDREW'S COURT,50 N HOYNE,60612,42,42,,1997,1998,41.882646,-87.67934,hud_source
ILB19990030,HOMAN SQUARE IV RENTAL,908 S CENTRAL PARK AVE,60624,18,18,,1997,1999,41.869854,-87.715757,hud_source
ILB19990035,HOME SQUARE RENTAL IV,921 S LAWNDALE AVE,60624,18,18,,1997,1999,41.869122,-87.717581,hud_source
ILB19990040,MICHIGAN AVENUE RENNAISSANCE,5939 S MICHIGAN AVE,60637,6,6,,1997,1999,41.786521,-87.622041,hud_source
ILB19990045,RUTH SHRIMAN APTS,4036 N SHERIDAN RD,60613,82,82,,1997,1999,41.955605,-87.654762,hud_source
ILB19990055,TABERNACLE APTS,1861 S SPRINGFIELD AVE,60623,13,13,,1996,1999,41.855858,-87.722143,hud_source
ILB19990801,WESTSIDE VILLAGE PHASE IV,3607 W POLK ST,60624,108,20,,1997,1999,41.870685,-87.715719,hud_source
ILB19990802,BRYN MAWR/BELLE SHORE APTS,5550 N KENMORE AVE,60640,371,156,635243,1999,1999,41.983257,-87.656848,hud_source
ILB19990803,ENGLEWOOD HOUSING GROUP II,301 W MARQUETTE RD,60621,40,40,,2007,1999,41.772518,-87.632827,hud_source
ILB20000001,BARBARA JEAN WRIGHT COURT APTS,1354 S MORGAN ST,60608,23,23,,1999,2000,41.864324,-87.65119,hud_source
ILB20000020,DAVIS APTS,3615 S MICHIGAN AVE,60653,80,80,,1999,2000,41.829171,-87.622991,hud_source
ILB20000030,HEARTS UNITED APTS,746 E BOWEN AVE,60653,116,87,,1999,2000,41.819658,-87.607674,hud_source
ILB20000035,PRAIRIE PARK APTS,5610 S CALUMET AVE,60637,56,49,,1998,2000,41.792675,-87.617724,hud_source
ILB20000040,ROSELAND RIDGE APTS,10513 S MICHIGAN AVE,60628,40,40,,1998,2000,41.703267,-87.620478,hud_source
ILB20000045,SENIOR SUTIES OF GARFIELD RIDGE,5839 S HARLEM AVE,60638,87,87,616949,1999,2000,41.785429,-87.800967,hud_source
ILB20000050,SENIOR SUITES OF WASHINGTON HEIGHTS,848 W 103RD ST,60643,85,85,598756,1999,2000,41.707065,-87.64435,hud_source
ILB20000801,VAN BUREN PARK APTS,2045 W JACKSON BLVD,60612,300,299,679718,1999,2000,41.877348,-87.678171,hud_source
ILB20000802,"ST. EDMUND'S VILLAGE, LLC",6253 S MICHIGAN AVE,60619,230,230,,1998,2000,41.780865,-87.621898,hud_source
ILB20000807,BARBARA JEAN WRIGHT,1046 W 14TH ST,60608,91,91,670211,1999,2000,41.863615,-87.65251,hud_source
ILB20000808,ARCHER COURTS APTS,2220 S PRINCETON AVE,60616,146,146,470548,2001,2000,41.85212,-87.634998,hud_source
ILB20009002,DEBORAH'S PLACE III,2822 W JACKSON BLVD,60612,90,90,,1999,2000,41.877616,-87.697146,hud_source
ILB20009809,BARBARA JEAN WRIGHT COURT APTS,1035 W MAXWELL ST,60608,47,47,,1999,2000,41.864526,-87.652185,hud_source
ILB20009810,BELMONT SENIOR PLACE APTS,4646 W BELMONT AVE,60641,109,109,,1998,2000,41.939057,-87.743762,hud_source
ILB20009811,LPAZ PLACE APARTMENTS,2556 W NORTH AVE,60647-5216,44,44,,9999,2000,41.910498,-87.69134,hud_source
ILB20010040,PROGRESSIVE SQUARE,4746 S WABASH AVE,60615,24,24,,1999,2001,41.808418,-87.624693,hud_source
ILB20010045,SENIOR SUTIES OF HEGEWISCH,13550 S AVE O,60633,84,84,588000,2000,2001,41.648315,-87.540211,hud_source
ILB20010802,ST EDMUND'S MANOR,5947 S INDIANA AVE,60637,31,29,,2000,2001,41.786107,-87.620399,hud_source
ILB20010803,NORTH TOWN VILLAGE I,1321 N. BURLING STREET,,116,79,1170116,2000,2001,41.905465,-87.647095,hud_source
ILB20010804,LA PAZ PLACE APTS,3533 W DICKENS AVE,60647,44,44,385408,1998,2001,41.918974,-87.714888,hud_source
ILB20010805,HOLLAND,240 W 107TH PL,60628,81,81,658298,2001,2001,41.699043,-87.629702,hud_source
ILB20010806,HIGHLANDS TUDOR MANOR,7012 S CREGIER AVE,60649,87,87,460929,1999,2001,41.767724,-87.581461,hud_source
ILB20010807,BRAINERD SENIOR CENTER,8915 S LOOMIS ST,60620,60,59,463754,1999,2001,41.731673,-87.657841,hud_source
ILB20019001,NTV1,1311 N HALSTED ST,60642-2661,116,78,,9999,2001,41.905324,-87.647892,hud_source
ILB20019003,WESTHAVEN PARK II - A - 8120,2237 W MAYPOLE AVE,60612-2645,121,97,,2002,2001,41.883816,-87.682473,hud_source
ILB20019902,HOLLAND APARTMENTS,240 W. 107TH PLACE,11111,81,81,,1999,2001,41.699043,-87.629702,hud_source
ILB20019903,PROGRESS,4752 S WABASH AVE,60615,24,24,302144,1999,2001,41.808313,-87.62469,hud_source
ILB20020005,CASA PUEBLA,2004 S RACINE AVE,60608,83,83,,1999,2002,41.854756,-87.656556,hud_source
ILB20020010,HEARTS UNITED APTS PHASE II,705 E 43RD ST,60653,107,81,,2001,2002,41.816641,-87.609036,hud_source
ILB20020170,COTTAGE VIEW TERRACE,4829 S COTTAGE GROVE AVE,60615,97,96,,2000,2002,41.8072,-87.606293,hud_source
ILB20020800,SENIOR SUTIES OF JEFFERSON PARK,5400 N NW HWY,60630,81,81,684032,2001,2002,41.978319,-87.774485,hud_source
ILB20020804,STONE TERRACE,8440 S PARNELL AVE,60620,154,154,,2001,2002,41.74062,-87.63788,hud_source
ILB20020805,HERITAGE WOODS OF CHICAGO,2800 W FULTON ST,60612,110,110,,1999,2002,41.8867,-87.696427,hud_source
ILB20020806,NORTH TOWN VILLAGE II,1421 N. HALSTED STREET,,40,40,406325,2001,2002,41.906974,-87.647924,hud_source
ILB20020808,NUESTRO HOSAR COOPERATIVE,4101 W KAMERLING AVE,60651,31,31,271194,1999,2002,41.905179,-87.728843,hud_source
ILB20029001,IKE SIMS VILLAGE,3333 W MAYPOLE AVE,60624,200,199,,2001,2002,41.883761,-87.709354,hud_source
ILB20029003,STONE TERRACE APARTMENT,540 W 85TH ST,60620,156,156,,2001,2002,41.739766,-87.638431,hud_source
ILB20029004,STONE TERRACE,8440 S. PARNELL AVE,60620,156,154,,2002,2002,41.74062,-87.63788,hud_source
ILB20029005,RENAISSANCE CENTER,2800 W. FULTON,60612,110,110,539776,1999,2002,41.8867,-87.696427,hud_source
ILB20029006,NUESTRO HOGAR COOPERATIVE,2556 W NORTH AVE,60647-5216,31,31,,9999,2002,41.910498,-87.69134,hud_source
ILB20030005,ANTIOCH HOMES II,6400 S NORMAL BLVD,60621,57,57,,1999,2003,41.778008,-87.637709,hud_source
ILB20030010,AUBURN COMMONS APTS,1626 W 87TH ST,60620,72,72,506363,2002,2003,41.735983,-87.664002,hud_source
ILB20030020,RENAISSANCE NORTH,535 W. NORTH AVENUE,60610,59,59,,2001,2003,41.910851,-87.642675,hud_source
ILB20030030,SANCTUARY PLACE,626 N KEDZIE AVE,60612,69,69,,2001,2003,41.892383,-87.706707,hud_source
ILB20030035,SENIOR SUITES OF NEW CITY,4845 S WESTERN BLVD,60609,110,110,845652,2001,2003,41.805559,-87.683576,hud_source
ILB20030802,ROENTGEN SCHOOL (SWITCHING STATION),15 S HOMAN AVE,60624,24,24,,2001,2003,41.880742,-87.710792,hud_source
ILB20030804,SOUTH PARK PLAZA,2600 S KING DR,60616,134,134,,2003,2003,41.84569,-87.619082,hud_source
ILB20030806,CHURCHVIEW SUPPORTIVE LIVING,2626 W. 63RD ST.,60629,86,86,439577,2003,2003,41.779343,-87.689556,hud_source
ILB20030807,51ST & KING DRIVE APTS,5049 S KING DR,60615,96,92,296953,2004,2003,41.809181,-87.616336,hud_source
ILB20039003,WHEELER HOUSE,1450 WEST 69TH STREET,60636,89,89,,2001,2003,41.768778,-87.660038,hud_source
ILB20040015,HYDE PARK APTS,5330 S HARPER AVE,60615,73,73,,2003,2004,41.798859,-87.589288,hud_source
ILB20040020,YALE BUILDING,6559 S YALE AVE,60621,69,69,,2000,2004,41.775369,-87.631476,hud_source
ILB20040800,SENIOR SUITES OF WEST HUMBOLDT PARK,3656 W HURON ST,60624,88,88,744543,2003,2004,41.893788,-87.71789,hud_source
ILB20040801,SENIOR SUITES OF RAINBOW BEACH,2804 E 77TH PL,60649,84,84,735536,2003,2004,41.754666,-87.555138,hud_source
ILB20040805,WEST END,2663 W MADISON ST,60612,42,32,,2003,2004,41.880963,-87.693226,hud_source
ILB20040807,INDIANA MANOR TOWNHOMES,4324 S INDIANA AVE,60653,65,65,,2002,2004,41.816027,-87.621595,hud_source
ILB20040810,MAYFAIR APTS,4832 S VINCENNES AVE,60615,67,67,600000,2000,2004,41.806552,-87.614082,hud_source
ILB20040908,WESTHAVEN PARK APTS IIA,1742 W MAYPOLE AVE,60612,156,120,1240668,2002,2004,41.884364,-87.670831,hud_source
ILB20049002,HILLIARD HOMES I,2111 S CLARK ST,60616-1526,654,324,,2002,2004,41.8548,-87.629925,hud_source
ILB20049003,INDIANA MANOR TOWNHOMES,4324 S INDIANA,60653,6,6,,2004,2004,41.816027,-87.621595,hud_source
ILB20049004,MADDEN WELLS PHASE 1A,3859 S VINCENNES AVE,60653,163,119,,2003,2004,41.824528,-87.612209,hud_source
ILB20049006,ROCKWELL GARDENS/WEST END I,2425 W. ADAMS,60612,42,32,,2003,2004,41.878714,-87.687604,hud_source
ILB20049009,CONCORDIA,13037 S DANIEL DR,60827-1252,297,137,,2003,2004,41.658476,-87.615317,hud_source
ILB20049013,SENIOR SUITES HUMBOLDT PARK,3656 WEST HURON STREET,60624,88,88,744543,2003,2004,41.893788,-87.71789,hud_source
ILB20049014,SENIOR SUITES RAINBOW BEACH,2804 EAST 77TH PLACE,60649,84,84,735536,2003,2004,41.754666,-87.555138,hud_source
ILB20050005,PASEO BORICUA APTS,1154 N CAMPBELL AVE,60622,36,58,,2003,2005,41.902589,-87.68969,hud_source
ILB20050025,SOUTH LOOP AFFORDABLE HOUSING,600 S WABASH AVE,60605,169,169,,2002,2005,41.874206,-87.626244,hud_source
ILB20050205,PERSHING & STATE,3845 S STATE ST,60609,80,80,,2003,2005,41.824854,-87.626136,hud_source
ILB20050804,WENTWORTH COMMONS,11045 S WENTWORTH AVE,60628,51,51,725000,2005,2005,41.693273,-87.627703,hud_source
ILB20050807,ST EDMUND'S MEADOWS,6100 S MICHIGAN AVE,60637,56,45,646000,2003,2005,41.78373,-87.622423,hud_source
ILB20050808,PINE RACE APTS,541 N. PINE AVENUE,,36,36,354359,2005,2005,41.89001,-87.763157,hud_source
ILB20050809,NORTH CENTER SENIOR APARTMENTS,2324 W IRVING PARK ROAD,60618,104,84,895476,2004,2005,41.954279,-87.686568,hud_source
ILB20050810,HAROLD WASHINGTON UNITY COOPERATIVE,27 N KEDZIE AVE,60612,87,87,1660975,2003,2005,41.881996,-87.705949,hud_source
ILB20050811,SENIOR SUITES CHATHAM,8300 SOUTH COTTAGE GROVE,60619,90,90,858271,2005,2005,41.743965,-87.605346,hud_source
ILB20059004,"ROOSEVELT TOWER - I, LLC",3440 W ROSEVELT RD,60624,126,126,,1999,2005,41.866517,-87.711516,hud_source
ILB20059007,TERESA ROLDAN/PASEO BORICUA,1154 N. CAMPBELL AVENUE,60622,59,58,890000,2005,2005,41.902589,-87.68969,hud_source
ILB20059008,MARTHA WASHINGTON,2324 W. IRVING PARK RD.,60618,104,83,895476,2004,2005,41.954279,-87.686568,hud_source
ILB20059009,RENAISSANCE SAINT LUKE,1501 W. BELMONT,60657,90,72,,2004,2005,41.939594,-87.666243,hud_source
ILB20059904,ST. EDMUND'S MEADOWS,470 STANFORD AVE,60637,56,56,,2003,2005,41.7834,-87.6035,hud_source
ILB20059905,MADDEN WELLS-1-A-RENTAL,3807 S COTTAGE GROVE AVE,60653,163,122,1935294,9999,2005,41.82598,-87.60767,hud_source
ILB20060015,DREXEL JAZZ,804 E BOWEN AVE,60653,39,39,500000,2005,2006,41.819672,-87.606289,hud_source
ILB20060050,WEST END 1B,208 S WESTERN AVE,60612,42,42,409533,2003,2006,41.878512,-87.686663,hud_source
ILB20060803,WATER'S EDGE APTS,2717 N LEAVITT ST,60647,92,91,650864,2005,2006,41.931444,-87.680269,hud_source
ILB20060804,FC CENTRAL STATION SENIOR,1251 S MICHIGAN AVE,60605,91,91,506675,2004,2006,41.866513,-87.62384,hud_source
ILB20060805,WEST END 1B,2425 W ADAMS ST,60612,92,92,,2004,2006,41.878714,-87.687604,hud_source
ILB20060806,PRAISE APTS,4123 W CERMAK RD,60623,32,32,335000,2004,2006,41.851264,-87.727982,hud_source
ILB20060807,MAHALIA PLACE,116 E 43RD ST,60653,118,98,2020000,2004,2006,41.816729,-87.622739,hud_source
ILB20060808,MADRES UNIDAS,1625 N DRAKE AVE,60647,36,36,300000,2005,2006,41.910918,-87.714739,hud_source
ILB20060809,HILLIARD HOMES,2031 S CLARK ST,60616,654,654,3186473,2002,2006,41.855427,-87.629951,hud_source
ILB20060810,WEST HAVEN PARK TOWER/WHP PHASE IIA1,100 N HERMITAGE AVE,60612,113,34,710000,2006,2006,41.883257,-87.6708,hud_source
ILB20069001,HILLIARD HOMES II,30 W CERMAK RD,60616-2043,327,326,,2005,2006,41.853149,-87.628133,hud_source
ILB20069004,THE PARK AT CENTRAL STATION,1251 S MICHIGAN AVE,60605-2408,92,91,,2004,2006,41.866513,-87.62384,hud_source
ILB20069006,G+A RESIDENCE AT SPAULDING,1750 N. SPAULDING AVE.,60647,35,35,785500,2004,2006,41.912907,-87.710342,hud_source
ILB20069008,LATHROP ELDERLY DBA WATERS EDGE APTS,2717 N. LEAVITT ST,60647,92,92,649685,2006,2006,41.931444,-87.680269,hud_source
ILB20069010,ROCKWELL GARDENS JACKSON SQUARE,2425 W. ADAMS,60612,92,92,,2004,2006,41.878714,-87.687604,hud_source
ILB20069017,MOUNT VERNON MANOR,30 N. WALLER AVE #111,60644,61,60,,2004,2006,41.881124,-87.768337,hud_source
ILB20069019,SENIOR SUITES BRIDGEPORT,2825 SOUTH HALSTED STREET,60608,85,85,373619,2005,2006,41.843081,-87.646177,hud_source
ILB20069903,JACKSON SQUARE,2424 W GLADYS AVE,60612,92,92,,2004,2006,41.876945,-87.687692,hud_source
ILB20069904,MT VERNON MANOR APTS,330 N WALLER AVE,60644,61,61,,2004,2006,41.886122,-87.768524,hud_source
ILB20069905,PIONEER GARDENS SLF,3800 S KING DR,60653,120,120,,2004,2006,41.825638,-87.617504,hud_source
ILB20070010,DEARBORN ROOT- ROBERT TAYLOR,4006 S FEDERAL ST,60609,151,151,977670,2005,2007,41.821723,-87.628787,hud_source
ILB20070015,DREXEL PRESERVATION,4725 S INGLESIDE AVE,60615,155,154,501394,2007,2007,41.808805,-87.602576,hud_source
ILB20070020,FOUNTAIN VIEW APTS,3718 W DOUGLAS BLVD,60623,45,40,513992,2005,2007,41.862976,-87.718216,hud_source
ILB20070025,HARRISON COURTS,2950 W HARRISON ST,60612,123,123,941298,2005,2007,41.873948,-87.699792,hud_source
ILB20070030,JAZZ ON THE BOULEVARD,4106 MARYLAND AVE,60653,39,39,453744,2005,2007,41.820158,-87.605749,hud_source
ILB20070040,LINCOLN VILLAGE SENIOR APTS,6057 N LINCOLN AVE,60659,102,102,519239,2006,2007,41.992,-87.70958,hud_source
ILB20070045,LORINGTON APTS,2630 N SPAULDING AVE,60647,54,54,448835,2007,2007,41.929375,-87.711094,hud_source
ILB20070050,NEAR NORTH,1234 N CLYBOURN AVE,,96,96,690000,2005,2007,41.904371411972,-87.640506782613,census_geocoder
ILB20070075,UPTOWN PRESERVATION,4431 N CLIFTON AVE,60640,77,77,609604,2007,2007,41.962397,-87.657989,hud_source
ILB20070802,LOOMIS COURTS,1314 W 15TH ST,60608,126,124,972282,2005,2007,41.861746,-87.659338,hud_source
ILB20070804,WASHINGTON PARK SRO,5000 S INDIANA AVE,60615,63,63,87438,2006,2007,41.803205,-87.62129,hud_source
ILB20070805,SCHIFF R,1244 N CLYBOURN AVE,60610,96,96,690000,2007,2007,41.904685,-87.641137,hud_source
ILB20070806,LA ESTANCIA APTS,1155 N CALIFORNIA AVE,60622,57,57,906219,2005,2007,41.902502,-87.696626,hud_source
ILB20070807,G&A SENIOR RESIDENCE AT RAVENSWOOD,1818 W PETERSON AVE,60660,187,187,1005542,2007,2007,41.990935,-87.675261,hud_source
ILB20070808,ARCHER AVE. SENIOR RESIDENCES,2928 S. ARCHER AVE.,60608,55,55,668363,2005,2007,41.841085,-87.659571,hud_source
ILB20070809,ENGLEWOOD HOUSING GROUP,301 W MARQUETTE RD,60621,57,57,,1999,2007,41.772518,-87.632827,hud_source
ILB20078002,G+A SENIOR RESIDENCE AT RAVENSWOOD,1818 W PETERSON,60660,187,187,,2007,2007,41.990935,-87.675261,hud_source
ILB20078004,PARKSIDE 4,1158 N CLEVELAND AVE,60610-1712,12,12,,2006,2007,41.903054,-87.641409,hud_source
ILB20079001,CHARLES A BECKETT ASSOCIATES LP,400 E 41ST ST,60653-3071,420,403,,2007,2007,41.820426,-87.615356,hud_source
ILB20079002,DREXEL COURT,837 E. 47TH ST,60653,61,60,,2007,2007,41.80941,-87.605807,hud_source
ILB20079004,HANSBERRY SQUARE OF LEGENDS SOUTH - 8142,4034 S STATE ST,60609-2932,115,100,,2005,2007,41.821405,-87.626653,hud_source
ILB20079011,TCB LORINGTON APARTMENTS LP,3128 1/2 W PALMER SQ,60647,54,54,434984,9999,2007,41.921637,-87.706731,hud_source
ILB20080243,PARK BLVD 1B,3506 S STATE ST,60609,54,54,,2005,2008,41.830758,-87.62683,hud_source
ILB20080801,KOSOH HOUSING,927 W WILSON AVE,60640,77,77,609604,2007,2008,41.965316,-87.653565,hud_source
ILB20080802,SENIOR SUITES OF MARQUETTE VILLAGE,7430 S ROCKWELL ST,60629,93,93,800000,2007,2008,41.758304,-87.688182,hud_source
ILB20080811,LAWNDALE BOND RESTORATION,,,170,170,1180706,2007,2008,,,missing_no_usable_address
ILB20080813,HANSBERRY SQUARE,4036 S STATE ST,60609,182,153,2497670,2006,2008,41.82138,-87.626653,hud_source
ILB20080814,FOUNTAIN,3719 W DOUGLAS BLVD,60623,48,48,,2006,2008,41.86219,-87.718207,hud_source
ILB20087001,LAWNDALE BOND,3225 W DOUGLAS BLVD,60623-1750,170,143,,2007,2008,41.862365,-87.706514,hud_source
ILB20087002,NTV2,709 W BLACKHAWK ST,60610-1170,24,12,,2001,2008,41.907425,-87.646419,hud_source
ILB20087003,PARK BOULEVARD 1B,16 W 36TH ST,60609,100,100,,1999,2008,41.829346,-87.627176,hud_source
ILB20087004,PARKSIDE 9,545 W DIVISION ST,60610-1877,111,81,,2006,2008,41.903587,-87.64244,hud_source
ILB20089001,COLEMAN PLACE AT LEGENDS SOUTH - 8141,223 E 41ST ST,60653-2605,118,58,,2007,2008,41.820045,-87.620373,hud_source
ILB20089002,GREENVIEW PALCE,1501 W MELROSE STREET,60657,105,95,,2008,2008,41.940495,-87.666252,hud_source
ILB20089005,SPAULDING + TRUMBULL,1310 SPAULDING,11111,25,25,578184,2008,2008,41.864364,-87.708254,hud_source
ILB20089815,CLARAS VILLAGE,2115 W 63RD,60636,52,52,,2007,2008,41.779114,-87.677031,hud_source
ILB20090801,BRITTON BUDD,501 W SURF ST,60657,173,172,1082117,2008,2009,41.934144,-87.641768,hud_source
ILB20090803,SENIOR SUITES OF KELVYN PARK,2715 N CICERO AVE,60639,85,85,783824,2007,2009,41.930006,-87.746215,hud_source
ILB20090808,VICTORY CENTRE OF SOUTH CHICAGO,3251 E 92ND STREET,60617,112,112,922905,2007,2009,41.728162,-87.545539,hud_source
ILB20090809,RENANSSA,3123 W DOUGLAS BLVD,60623,54,54,,2007,2009,41.86237,-87.703996,hud_source
ILB20090810,PARKSIDE FOUR,1333 N. KINGSBURY STREET,,72,72,944114,2006,2009,41.905525,-87.649388,hud_source
ILB20090811,RENAISSANCE ST LUKE SLF,1501 W MELROSE ST,60657,107,97,,2008,2009,41.940495,-87.666252,hud_source
ILB20090813,COLEMAN PLACE,116 E 43RD ST,60653,118,95,2625000,2007,2009,41.816729,-87.622739,hud_source
ILB20096002,GREENVIEW PLACE,1501 W MELROSE,60657,107,97,,2008,2009,41.940495,-87.666252,hud_source
ILB20099003,WESTHAVEN PARK II - C - 8125,1939 W LAKE ST # 1949,60612-2424,92,83,,2008,2009,41.884884,-87.675267,hud_source
ILB20099814,ANTIOCH HOMES III,301 W. MARQUETTE RD,60621,40,40,,2007,2009,41.772518,-87.632827,hud_source
ILB20099816,ROSA PARK APARTMENTS,2550 W NORTH AVENUE,60647,94,94,,9999,2009,41.910497,-87.69124,hud_source
ILB20100802,KENMORE SENIOR HOUSING,5040 N KENMORE AVE,60640,99,99,1248748,2009,2010,41.974217,-87.656569,hud_source
ILB20100804,WILSON SENIOR,1032 W MONTROSE AVE,60613-4082,98,97,1200929,2008,2010,41.961946,-87.656116,hud_source
ILB20100805,ENGLEWOOD,901 W 63RD PKWY,60621,99,99,1246599,2010,2010,41.781515,-87.647024,hud_source
ILB20105001,BOULEVARD COURT APARTMENT LP,1723 HUMBOLDT BLVD,60647,18,18,,2010,2010,41.912726,-87.701379,hud_source
ILB20105002,THE SENIOR SUITES OF AUTUMN GREEN AT WRIGHT CAMPUS,4255 N OAK PARK AVENUE,60634,32,27,,2009,2010,41.957939,-87.797462,hud_source
ILB20105003,WILSON FAMILY,1026 W MONTROSE AVE,60613-1492,240,79,,2008,2010,41.961948,-87.6558,hud_source
ILB20109001,HUMBOLDT BOULEVARD COURT APARTMENTS,1723-33 HUMBOLDT BOULEVARD,60647,18,18,515249,2010,2010,41.912726,-87.701379,hud_source
ILB20109002,SAVOY SQUARE - 8139,4448 S STATE ST,60609-3761,3,2,,9999,2010,41.81391,-87.626489,hud_source
ILB20109003,HAIRPIN LOFTS APARTMENTS,3414 W. DIVERSEY AVENUE.,60647,28,25,310503,2010,2010,41.932125,-87.712501,hud_source
ILB20110268,SPRING GROVE APTS,4554 S DREXEL BLVD,60653,99,99,11774874,2010,2011,41.812256,-87.604626,hud_source
ILB20110803,POMEROY SENIOR,5650 N KENMORE AVE,60660,105,104,1346880,2010,2011,41.984599,-87.656872,hud_source
ILB20110807,PARK DOUGLAS/OGDEN NORTH,1254 S FAIRFIELD AVE,60608,137,109,2743365,2010,2011,41.865087,-87.694822,hud_source
ILB20110808,SAVOY SQUARE,4448 S STATE ST,60609,138,110,3862000,2009,2011,41.81391,-87.626489,hud_source
ILB20110809,ROSELAND PLACE,10426 S MICHIGAN AVE,60628,60,59,1018750,2011,2011,41.704681,-87.620809,hud_source
ILB20110811,HAIRPIN LOFT APTS,3414 W DIVERSEY AVE,60647,28,25,310503,2010,2011,41.932125,-87.712501,hud_source
ILB20114001,EAST LAKE WEST END II,2425 W. ADAMS,60612,112,98,,2010,2011,41.878714,-87.687604,hud_source
ILB20119812,NORTH EASTWOOD SHORES APTS,850 W EASTWOOD,60640,231,204,,2010,2011,41.966588,-87.651389,hud_source
ILB20119813,PARKSIDE 9 II,544 W OAK ST,60610-1716,112,85,,9999,2011,41.900601,-87.642033,hud_source
ILB20120268,PARK BLVD IIA,3622 S STATE ST,60609,128,99,,2011,2012,41.828136,-87.626748,hud_source
ILB20120801,HAROLD WASHINGTON APTS,4944 N SHERIDAN RD,60640,69,69,1834909,2013,2012,41.972355,-87.655142,hud_source
ILB20130005,BORINQUEN BELLA,1414 N WASHTENAW AVE,60622,47,47,850000,2011,2013,41.907009,-87.694698,hud_source
ILB20130100,SENIOR SUITES AT MIDWAY VILLAGE,6800 S KEATING AVE,60629,89,89,1371287,2012,2013,41.770997,-87.740152,hud_source
ILB20132001,BORINQUEN BELLA L.P,1451 N WASHTENAW,60622,47,47,,2011,2013,41.908233,-87.694253,hud_source
ILB20132002,LAKEFRONT PHASE II,1140 E 42ND PL,60653,6,4,,2011,2013,41.818203,-87.598816,hud_source
ILB20132003,LAKEFRONT PHASE II,4130 S OAKENWALD,60653,21,16,,2011,2013,41.819937,-87.59926,hud_source
ILB20132004,LAKEFRONT PHASE II,4131 S LAKE PARK,60653,6,5,,2011,2013,41.81979,-87.600434,hud_source
ILB20132005,LAKEFRONT PHASE II,1060 E. 41ST ST,60653,81,55,,2011,2013,41.820314,-87.600825,hud_source
ILB20132006,LAKEFRONT PHASE II,4143 S LAKE PARK,60653,18,13,,2011,2013,41.819567,-87.600302,hud_source
ILB20136002,BRONZEVILLE ASSOC SENIOR APTS LP,460 E 41ST ST,60653-2758,97,97,,2012,2013,41.820429,-87.613883,hud_source
ILB20136003,BUFFETT PLACE,3208 N SHEFFIELD AVE,60657,51,51,,2012,2013,41.9401,-87.654315,hud_source
ILB20136004,PARK BOULEVARD IIB,3720 DEARBORN,60609,108,72,2392578,2013,2013,41.826974,-87.627978,hud_source
ILB20136005,SENIOR SUITES OF MIDWAY VILLAGE .,6800 SOUTH KEATING AVENUE,60629,89,89,1371287,2012,2013,41.770997,-87.740152,hud_source
ILB20138101,PULLMAN SUITES SENIOR APARTMENTS,15 E. 112TH PLACE,60628,59,60,,2011,2013,41.689711,-87.622391,hud_source
ILB20140015,DARUL AMAAN,"4820 N, KEDZIE",60625,56,56,800000,2012,2014,41.968812,-87.708724,hud_source
ILB20141001,HOPE MANOR II APARTMENTS,6002 S HALSTED ST,60621,73,73,,2014,2014,41.785066,-87.645241,hud_source
ILB20144002,DORCHESTER ARTIST HOUSING,1456 E. 70TH STREET,60637,32,23,764924,2013,2014,41.768014,-87.588893,hud_source
ILB20147016,TOWN HALL APARTMENTS,3600 N. HALSTED,60613,79,35,,2013,2014,41.947346,-87.649685,hud_source
ILB20149058,NORTH AND PULASKI ELDERLY APARTMENT,3949 W. NORTH AVE,60647,72,71,,9999,2014,41.909702,-87.725587,hud_source
ILB20153001,G AND A SENIOR RESIDENCE AT KEDZIE,4054 N. KEDZIE AVE,60618,50,50,1121916,2015,2015,41.955401,-87.70827,hud_source
ILB20153002,KILPATRICK RENAISSANCE,4655 W. BERTEAU AVENUE,60641-2629,98,90,,2014,2015,41.956381,-87.745167,hud_source
ILB20153003,THE HISTORIC STRAND,6315 S COTTAGE GROVE AVE,60637-3519,63,23,,2014,2015,41.780182,-87.605707,hud_source
ILB20154003,SANGAMON TERRACE,6145 S SANGAMON ST,60621-2003,24,24,,2014,2015,41.782203,-87.648284,hud_source
ILB20159003,KENNEDY JORDAN,825 WEST 118TH STREET,60643,70,70,,9999,2015,41.679466,-87.642993,hud_source
ILB20159004,NEW CITY SENIOR LIVING,4707 S. MARSHFIELD AVE,60609,101,101,1255122,2015,2015,41.808372,-87.665962,hud_source
ILB20159005,CORNERSTONE APARTMENTS,747 E. 47TH STREET,60653,59,58,955000,9999,2015,41.809384,-87.607585,hud_source
ILB20162001,CASA QUERETARO,2012 W 17TH ST,60608,45,45,0,2014,2016,41.858768,-87.676259,hud_source
ILB20162002,HARVEST HOMES,3542-40 W. FIFTH AVE,60624,36,36,,2016,2016,41.876205,-87.714545,hud_source
ILB20162003,PARKSIDE IIB,459 W DIVISION ST,60610-1789,106,63,,2014,2016,41.903574,-87.640474,hud_source
ILB20163001,CICERO AND GEORGE SENIOR HOUSING,4800 WEST GEORGE,60641,70,61,1150000,2015,2016,41.933535,-87.746944,hud_source
ILB20163002,CITY GARDENS - 8116,312 S MAPLEWOOD AVE,60612-2809,76,55,1699993,2015,2016,41.877181,-87.690215,hud_source
ILB20165016,JEFFERY TOWERS,7020 JEFFERY BLVD,60649,135,15,,2015,2016,41.767186,-87.576569,hud_source
ILB20168807,BLOOMINGDALE APTS,1745 N KEYSTONE AVE,60639,111,110,185479,1999,2016,41.91294,-87.727403,hud_source
ILB20171001,MIDWAY POINTE SENIOR RESIDENCES,5011 W. 47TH STREET,60638,95,85,,2017,2017,41.807397,-87.748639,hud_source
ILB20177003,THE WASHINGTON AT WOODLAWN PARK,WOODLAWN ROLL-UP - ALLOCATION 1 6221 S. VERNON AVENUE,60637,27,12,,2017,2017,41.7834,-87.6035,hud_source
ILB20177089,EAST PARK REDEVELOPMENT LP,EAST PARK REDEVELOPMENT LP 3300 W. MAYPOLE AVENUE,60624,153,153,,9999,2017,41.8844,-87.7233,hud_source
ILB20177090,PARK PLACE APARTMENTS,3630 W. 51ST STREET,60632,78,78,1688673,9999,2017,41.800873,-87.714257,hud_source
ILB20180004,MAYFAIR COMONS,4444 W. LAWRENCE AVE.,60630,97,97,291763,2017,2018,41.968301,-87.739694,hud_source
ILB20180005,NELSON MANDELA APARTMENTS,2546 W NORTH AVE,60647-5216,66,66,,2016,2018,41.910497,-87.691172,hud_source
ILB20180009,TIERRA LINDA APARTMENTS,3572 W. PALMER,60647,45,45,1000000,2017,2018,41.921133,-87.716136,hud_source
ILB20181001,BRAINERD PARK APARTMENTS,8920 LOOMIS,60620,36,36,1217391,2017,2018,41.731603,-87.658278,hud_source
ILB20194001,AUREA E MARTINEZ APARTMENTS,AUREA E MARTINEZ APARTMENTS 5525 W DIVERSEY AVE,60639,98,98,,9999,2019,41.9194,-87.7511,hud_source
ILB20195001,INDEPENDENCE APARTMENTS,4022 N ELSTON AVE,60618-2122,44,44,,9999,2019,41.954003,-87.719901,hud_source
ILB20195003,NORTHTOWN APARTMENTS,2410 W PRATT BLVD,60645-4622,44,44,,9999,2019,42.005166,-87.690537,hud_source
ILB20195052,KLEO ART RESIDENCES,5504 S. MICHIGAN AVENUE,60637,58,49,150000,9999,2019,41.794345,-87.622667,hud_source
ILB20195053,PGSB III,401 E BOWEN AVE,60653-2733,180,180,,1994,2019,41.819166,-87.616587,hud_source
ILB20212001,PARKSIDE 4 II,551 W ELM ST,60610-2428,102,47,,9999,2021,41.902518,-87.642182,hud_source
ILB20222001,508 PERSHING AT OAKWOOD SHORES,534 E PERSHING ROAD,60653,53,38,1660000,9999,2022,41.824055,-87.613753,hud_source
ILB20231001,43RD AND CALUMET PHASE I LP,4308 S CALUMET AVE,60653,99,51,,9999,2023,41.816447,-87.618539,hud_source
ILB20231002,PASEO BORICUA ARTS BUILDING,2709 WEST DIVISION,60622,24,24,415000,2021,2023,41.902796,-87.695,hud_source
ILB20240001,BRAINERD SENIOR PRESERVATION,8915 S. LOOMIS ST.,60620,60,60,,9999,2024,41.731673,-87.657841,hud_source
ILB20250001,43RD AND PRAIRIE PHASE II LP,4307 S PRAIRIE AVE,60653,47,44,,9999,2025,41.816512,-87.619563,hud_source
