project_id_or_row,cde_name,project_qlici_amount,estimated_total_project_cost,year,purpose_text,city,state,zip_or_tract,zip_or_tract_type,lat,lng,coord_status,census_tract_2020,tract_centroid_lat,tract_centroid_lng,community_area_source
IL0012,Chase Community Development Corporation,9500000,9500000,2010,Other Financing Purpose,Chicago,Illinois,60602,zip,,,missing_no_street_address_in_source,17031839100,41.8809857,-87.6330703,2020_tract_centroid_pip
IL0013,"Urban Development Fund, LLC",3200000,4764425,2007,Real Estate – Construction/Permanent/Acquisition w/o Rehab – Commercial,Chicago,Illinois,60628,zip,,,missing_no_street_address_in_source,17031491000,41.6997625,-87.6280536,2020_tract_centroid_pip
IL0014,Chicago Development Fund,5880000,6697472,2009,Real Estate – Construction/Permanent/Acquisition w/o Rehab – Commercial,Chicago,Illinois,60628,zip,,,missing_no_street_address_in_source,17031500200,41.7008552,-87.6003086,2020_tract_centroid_pip
IL0015,"National New Markets Tax Credit Fund, Inc.",820000,2100000,2009,Business Financing,Chicago,Illinois,60607,zip,,,missing_no_street_address_in_source,17031833300,41.8716945,-87.6541237,2020_tract_centroid_pip
IL0018,"Advantage Capital Community Development Fund, LLC",2000000,2000000,2010,Business Financing,Chicago,Illinois,60619,zip,,,missing_no_street_address_in_source,17031470100,41.7282207,-87.5964894,2020_tract_centroid_pip
IL0019,IFF,810000,850000,2004,Real Estate–Rehabilitation–Commercial,Chicago,Illinois,60643,zip,,,missing_no_street_address_in_source,17031750100,41.6958345,-87.6520283,2020_tract_centroid_pip
IL0022,Community Reinvestment Fund New Markets I LP,2500000,11600000,2007,Real Estate–Rehabilitation–Commercial,Chicago,Illinois,60609,zip,,,missing_no_street_address_in_source,17031842600,41.8162186,-87.6516951,2020_tract_centroid_pip
IL0023,Chicago Development Fund,4802000,4802000,2010,Business Financing,Chicago,Illinois,60623,zip,,,missing_no_street_address_in_source,17031292500,41.8551613,-87.7322428,2020_tract_centroid_pip
IL0024,IFF,852948,1000000,2007,Other Financing Purpose,Chicago,Illinois,60612,zip,,,missing_no_street_address_in_source,17031280400,41.8860094,-87.6718846,2020_tract_centroid_pip
IL0025,Chase New Markets Corporation,3948000,6436000,2009,Real Estate–Rehabilitation–Commercial,Chicago,Illinois,60608,zip,,,missing_no_street_address_in_source,17031310800,41.8559337,-87.6685737,2020_tract_centroid_pip
IL0026,IFF,595034,603296,2006,Other Financing Purpose,Chicago,Illinois,60608,zip,,,missing_no_street_address_in_source,17031310800,41.8559337,-87.6685737,2020_tract_centroid_pip
IL0028,Community Reinvestment Fund New Markets I LP,1036458,3271547,2010,Real Estate–Rehabilitation–Commercial,Chicago,Illinois,60618,zip,,,missing_no_street_address_in_source,17031160800,41.9502131,-87.7128146,2020_tract_centroid_pip
IL0029,Great Lakes Region Sustainability Funds LLC,1201892,1891298,2007,Business Financing,Chicago,Illinois,60608,zip,,,missing_no_street_address_in_source,17031840700,41.8529302,-87.6942666,2020_tract_centroid_pip
IL0030,"Community Revitalization Fund, Inc.",903039,903039,2005,Business Financing,Chicago,Illinois,60623,zip,,,missing_no_street_address_in_source,17031301100,41.847029,-87.6979734,2020_tract_centroid_pip
IL0031,Great Lakes Region Sustainability Funds LLC,8494848,10157838,2007,Business Financing,Chicago,Illinois,60641,zip,,,missing_no_street_address_in_source,17031210501,41.9374013,-87.7223301,2020_tract_centroid_pip
IL0032,"National City New Market Fund, Inc.",4875000,9923496,2008,Other Financing Purpose,Chicago,Illinois,60624,zip,,,missing_no_street_address_in_source,17031843000,41.8679365,-87.7227489,2020_tract_centroid_pip
IL0033,IFF,356250,378000,2005,Real Estate – Construction/Permanent/Acquisition w/o Rehab – Commercial,Chicago,Illinois,60647,zip,,,missing_no_street_address_in_source,17031230800,41.9058396,-87.714953,2020_tract_centroid_pip
IL0034,Local Initiatives Support Corporation,7368924.5599999996,7412134,2006,Real Estate–Rehabilitation–Commercial; Real Estate – Construction/Permanent/Acquisition w/o Rehab – Commercial,Chicago,Illinois,60609,zip,,,missing_no_street_address_in_source,17031351400,41.8274019,-87.6240909,2020_tract_centroid_pip
IL0036,Chase New Markets Corporation,840000,1050000,2008,Business Financing,Chicago,Illinois,60617,zip,,,missing_no_street_address_in_source,17031520500,41.6931158,-87.5308719,2020_tract_centroid_pip
IL0037,"Bethel New Life, Inc",156291,1191482,2005,Real Estate – Construction–Housing-Single Family,Chicago,Illinois,60624,zip,,,missing_no_street_address_in_source,17031260100,41.8843707,-87.7233302,2020_tract_centroid_pip
IL0038,"Advantage Capital Community Development Fund, LLC",12340000,28192586,2009,Business Financing,Chicago,Illinois,60609,zip,,,missing_no_street_address_in_source,17031839900,41.8273459,-87.648454,2020_tract_centroid_pip
IL0039,"Bethel New Life, Inc",37653.279999999999,455000,2006,Real Estate – Construction–Housing-Multi Family,Chicago,Illinois,60624,zip,,,missing_no_street_address_in_source,17031260100,41.8843707,-87.7233302,2020_tract_centroid_pip
IL0040,"Bethel New Life, Inc",468644,2103881,2008,Real Estate – Construction–Housing-Single Family,Chicago,Illinois,60623,zip,,,missing_no_street_address_in_source,17031290900,41.8624103,-87.7324567,2020_tract_centroid_pip
IL0041,"Bethel New Life, Inc",756000,2106840,2008,Real Estate – Construction–Housing-Multi Family,Chicago,Illinois,60624,zip,,,missing_no_street_address_in_source,17031260100,41.8843707,-87.7233302,2020_tract_centroid_pip
IL0042,Citibank NMTC Corporation,13500000,14426007,2008,Real Estate – Construction/Permanent/Acquisition w/o Rehab – Commercial,Chicago,Illinois,60618,zip,,,missing_no_street_address_in_source,17031210501,41.9374013,-87.7223301,2020_tract_centroid_pip
IL0043,Community Reinvestment Fund New Markets I LP,894054,1693000,2009,Real Estate–Rehabilitation–Commercial,Chicago,Illinois,60618,zip,,,missing_no_street_address_in_source,17031210501,41.9374013,-87.7223301,2020_tract_centroid_pip
IL0044,"Bethel New Life, Inc",1349885,5049885,2005,Real Estate – Construction/Permanent/Acquisition w/o Rehab – Commercial,Chicago,Illinois,60624,zip,,,missing_no_street_address_in_source,17031260200,41.8843243,-87.7282302,2020_tract_centroid_pip
IL0045,"Bethel New Life, Inc",623000,623000,2006,Real Estate – Construction/Permanent/Acquisition w/o Rehab – Commercial,Chicago,Illinois,60624,zip,,,missing_no_street_address_in_source,17031260200,41.8843243,-87.7282302,2020_tract_centroid_pip
IL0046,"Bethel New Life, Inc",250000,400000,2009,Business Financing,Chicago,Illinois,60624,zip,,,missing_no_street_address_in_source,17031260200,41.8843243,-87.7282302,2020_tract_centroid_pip
IL0047,IFF,153807.84,154000,2007,Other Financing Purpose,Chicago,Illinois,60639,zip,,,missing_no_street_address_in_source,17031831200,41.9153214,-87.73226,2020_tract_centroid_pip
IL0048,"Advantage Capital Community Development Fund, LLC",7850000,7850000,2010,Business Financing,Chicago,Illinois,60632,zip,,,missing_no_street_address_in_source,17031570200,41.8143799,-87.7307183,2020_tract_centroid_pip
IL0049,Community Reinvestment Fund New Markets I LP,1515312.5,11134604,2011,Real Estate – Construction–Housing-Single Family,Chicago,Illinois,60653,zip,,,missing_no_street_address_in_source,17031390200,41.813041,-87.5994765,2020_tract_centroid_pip
IL0050,Self-Help Ventures Fund,1000000,1937402,2008,Business Financing,Chicago,Illinois,60624,zip,,,missing_no_street_address_in_source,17031260300,41.8842766,-87.7331362,2020_tract_centroid_pip
IL0051,"Bethel New Life, Inc",673517,1951091,2005,Real Estate – Rehabilitation–Housing - Multi Family,Chicago,Illinois,60624,zip,,,missing_no_street_address_in_source,17031260300,41.8842766,-87.7331362,2020_tract_centroid_pip
IL0052,"Banc of America CDE, LLC",10000000,68024836,2008,Real Estate – Construction/Permanent/Acquisition w/o Rehab – Commercial,Chicago,Illinois,60640,zip,,,missing_no_street_address_in_source,17031830700,41.9583035,-87.6607646,2020_tract_centroid_pip
IL0053,"Bethel New Life, Inc",780000,983822,2007,Real Estate–Rehabilitation–Commercial,Chicago,Illinois,60624,zip,,,missing_no_street_address_in_source,17031260200,41.8843243,-87.7282302,2020_tract_centroid_pip
IL0055,Local Initiatives Support Corporation,25000000,52229747,2008,Real Estate – Construction/Permanent/Acquisition w/o Rehab – Commercial,Chicago,Illinois,60640,zip,,,missing_no_street_address_in_source,17031830700,41.9583035,-87.6607646,2020_tract_centroid_pip
IL0056,Chicago Development Fund,6958000,23120606,2010,Business Financing,Chicago,Illinois,60609,zip,,,missing_no_street_address_in_source,17031842600,41.8162186,-87.6516951,2020_tract_centroid_pip
IL0057,"Bethel New Life, Inc",525800,525800,2007,Real Estate – Construction–Housing-Single Family,Chicago,Illinois,60644,zip,,,missing_no_street_address_in_source,17031251800,41.8841436,-87.7478885,2020_tract_centroid_pip
IL0058,IFF,285000,730000,2007,Real Estate–Rehabilitation–Commercial,Chicago,Illinois,60640,zip,,,missing_no_street_address_in_source,17031830700,41.9583035,-87.6607646,2020_tract_centroid_pip
IL0059,IFF,950000,1135000,2009,Real Estate – Construction/Permanent/Acquisition w/o Rehab – Commercial,Chicago,Illinois,60640,zip,,,missing_no_street_address_in_source,17031830700,41.9583035,-87.6607646,2020_tract_centroid_pip
IL0061,IFF,2600000,2530000,2005,Real Estate – Construction/Permanent/Acquisition w/o Rehab – Commercial; Business Financing,Chicago,Illinois,60640,zip,,,missing_no_street_address_in_source,17031031200,41.9727092,-87.657341,2020_tract_centroid_pip
IL0062,"Stonehenge Community Development, LLC",12000000,12000000,2010,Business Financing,Chicago,Illinois,60615,zip,,,missing_no_street_address_in_source,17031843600,41.8067653,-87.6089488,2020_tract_centroid_pip
IL0063,"Bethel New Life, Inc",650000,650000,2010,Real Estate – Rehabilitation – Housing -Single Family,Chicago,Illinois,60651,zip,,,missing_no_street_address_in_source,17031251100,41.8986248,-87.7520112,2020_tract_centroid_pip
IL0064,Chicago Development Fund,9114000,10127160,2009,Real Estate–Rehabilitation–Commercial,Chicago,Illinois,60612,zip,,,missing_no_street_address_in_source,17031836700,41.8917041,-87.7021747,2020_tract_centroid_pip
IL0065,Chicago Development Fund,30100000,31067845,2009,Real Estate – Construction/Permanent/Acquisition w/o Rehab – Commercial,Chicago,Illinois,60644,zip,,,missing_no_street_address_in_source,17031252201,41.8766958,-87.7521051,2020_tract_centroid_pip
IL0066,Great Lakes Region Sustainability Funds LLC,4308484.4400000004,15400000,2010,Business Financing,Chicago,Illinois,60605,zip,,,missing_no_street_address_in_source,17031320400,41.875817,-87.6172556,2020_tract_centroid_pip
IL0068,Chicago Development Fund,6370000,6370100,2010,Business Financing,Chicago,Illinois,60644,zip,,,missing_no_street_address_in_source,17031251900,41.8838116,-87.7600945,2020_tract_centroid_pip
IL0069,Citibank NMTC Corporation,2246517,2670375,2007,Real Estate – Construction/Permanent/Acquisition w/o Rehab – Commercial,Chicago,Illinois,60605,zip,,,missing_no_street_address_in_source,17031320600,41.8705542,-87.6165962,2020_tract_centroid_pip
IL0070,"Bethel New Life, Inc",54000,2104000,2008,Real Estate – Construction–Housing-Single Family,Chicago,Illinois,60644,zip,,,missing_no_street_address_in_source,17031251400,41.8909574,-87.7701248,2020_tract_centroid_pip
IL0071,"Hospitality Fund II, LLC",39700000,125000000,2007,Real Estate–Rehabilitation–Commercial,Chicago,Illinois,60605,zip,,,missing_no_street_address_in_source,17031320600,41.8705542,-87.6165962,2020_tract_centroid_pip
IL0073,IFF,521347,521348,2007,Other Financing Purpose,Chicago,Illinois,60628,zip,,,missing_no_street_address_in_source,17031491100,41.6997531,-87.6376994,2020_tract_centroid_pip
IL0074,Chicago Development Fund,21070000,24420528,2009,Real Estate – Construction/Permanent/Acquisition w/o Rehab – Commercial,Chicago,Illinois,60619,zip,,,missing_no_street_address_in_source,17031841800,41.7663063,-87.5994203,2020_tract_centroid_pip
IL0075,Community Reinvestment Fund New Markets I LP,1998000,46042341,2007,Real Estate – Construction–Housing-Single Family,Chicago,Illinois,60629,zip,,,missing_no_street_address_in_source,17031661000,41.7618177,-87.6850469,2020_tract_centroid_pip
IL0077,"National New Markets Tax Credit Fund, Inc.",12000000,12000000,2007,Real Estate–Rehabilitation–Commercial,Chicago,Illinois,60649,zip,,,missing_no_street_address_in_source,17031834200,41.7555676,-87.5836069,2020_tract_centroid_pip
IL0078,IFF,1000000,5572500,2007,Real Estate – Construction/Permanent/Acquisition w/o Rehab – Commercial,Chicago,Illinois,60617,zip,,,missing_no_street_address_in_source,17031461000,41.7273925,-87.5465424,2020_tract_centroid_pip
IL0079,Chicago Development Fund,23886498,48864563,2008,Real Estate–Rehabilitation–Commercial,Chicago,Illinois,60624,zip,,,missing_no_street_address_in_source,17031843000,41.8679365,-87.7227489,2020_tract_centroid_pip
IL0112,NAB Bank,1680000,1680000,2008,Business Financing,Chicago,Illinois,60640,zip,,,missing_no_street_address_in_source,17031031100,41.9726684,-87.6638662,2020_tract_centroid_pip
IL0126,"RBC Community Development, LLC",26260000,37420000,2011,Real Estate – Construction/Permanent/Acquisition w/o Rehab – Commercial,Chicago,Illinois,60628,zip,,,missing_no_street_address_in_source,17031500200,41.7008552,-87.6003086,2020_tract_centroid_pip
IL0127,IFF,850000,1175000,2011,Real Estate–Rehabilitation–Commercial,Chicago,Illinois,60612,zip,,,missing_no_street_address_in_source,17031282800,41.8702683,-87.6849136,2020_tract_centroid_pip
IL0128,"Five Points Community Capital, LLC",29650000,34883362,2012,Business Financing; Real Estate – Construction/Permanent/Acquisition w/o Rehab – Commercial,Chicago,Illinois,60608,zip,,,missing_no_street_address_in_source,17031842900,41.8631389,-87.6729371,2020_tract_centroid_pip
IL0129,Chicago Development Fund,9310000,10381659,2011,Business Financing,Chicago,Illinois,60608,zip,,,missing_no_street_address_in_source,17031843200,41.8487153,-87.6642169,2020_tract_centroid_pip
IL0130,Chicago Development Fund,21850000,22155066,2011,Real Estate–Rehabilitation–Commercial; Business Financing,Chicago,Illinois,60608,zip,,,missing_no_street_address_in_source,17031841300,41.8439774,-87.6842025,2020_tract_centroid_pip
IL0131,Local Initiatives Support Corporation,13650000,15664704,2011,Real Estate – Construction/Permanent/Acquisition w/o Rehab – Commercial,Chicago,Illinois,60632,zip,,,missing_no_street_address_in_source,17031842800,41.8075339,-87.6983044,2020_tract_centroid_pip
IL0132,Central Bank of Kansas City,7767095.5099999998,7767095.5099999998,2011,Other Financing Purpose,Chicago,Illinois,60602,zip,,,missing_no_street_address_in_source,17031839100,41.8809857,-87.6330703,2020_tract_centroid_pip
IL0134,Park National Bank Initiatives,13000000,13000000,2011,Business Financing,Chicago,Illinois,60651,zip,,,missing_no_street_address_in_source,17031231200,41.8990614,-87.7213153,2020_tract_centroid_pip
IL0135,Capital Impact Partners,23820000,23820000,2011,Business Financing,Chicago,Illinois,60623,zip,,,missing_no_street_address_in_source,17031292400,41.8552397,-87.7223992,2020_tract_centroid_pip
IL0136,Park National Bank Initiatives,25783905,20300000,2011,Business Financing,Chicago,Illinois,60628,zip,,,missing_no_street_address_in_source,17031491300,41.6888969,-87.6278036,2020_tract_centroid_pip
IL0137,"Urban Development Fund, LLC",7000000,13970220,2011,Real Estate–Rehabilitation–Commercial,Chicago,Illinois,60640,zip,,,missing_no_street_address_in_source,17031031501,41.9672886,-87.6524343,2020_tract_centroid_pip
IL0139,"Bethel New Life, Inc",139500,139500,2011,Real Estate–Rehabilitation–Commercial,Chicago,Illinois,60651,zip,,,missing_no_street_address_in_source,17031231200,41.8990614,-87.7213153,2020_tract_centroid_pip
IL0140,"Enterprise Financial CDE, LLC",2387500,887500,2015,Business Financing,Chicago,Illinois,60607,zip,,,missing_no_street_address_in_source,17031833100,41.8790778,-87.6570459,2020_tract_centroid_pip
IL0148,"PNC Community Partners, Inc.",28286000,30025000,2012,Real Estate – Construction/Permanent/Acquisition w/o Rehab – Commercial,Chicago,Illinois,60637,zip,,,missing_no_street_address_in_source,17031420400,41.7831699,-87.6035584,2020_tract_centroid_pip
IL0149,Chase New Markets Corporation,1320000,2019291,2012,Business Financing,Chicago,Illinois,60639,zip,,,missing_no_street_address_in_source,17031191200,41.9201432,-87.7608269,2020_tract_centroid_pip
IL0150,Chase New Markets Corporation,13272633,16019764.17,2012,Business Financing,Chicago,Illinois,60622,zip,,,missing_no_street_address_in_source,17031241000,41.9079686,-87.6945342,2020_tract_centroid_pip
IL0151,"Bethel New Life, Inc",186500,191500,2012,Business Financing,Chicago,Illinois,60623,zip,,,missing_no_street_address_in_source,17031838700,41.8625775,-87.7201851,2020_tract_centroid_pip
IL0152,Chase New Markets Corporation,5000000,5600000,2012,Business Financing,Chicago,Illinois,60609,zip,,,missing_no_street_address_in_source,17031839900,41.8273459,-87.648454,2020_tract_centroid_pip
IL0153,"Advantage Capital Community Development Fund, LLC",1475000,3550000,2012,Business Financing,Chicago,Illinois,60604,zip,,,missing_no_street_address_in_source,17031320400,41.875817,-87.6172556,2020_tract_centroid_pip
IL0159,Merrill Lynch Community Development Company,9338203,9338203,2012,Real Estate – Construction/Permanent/Acquisition w/o Rehab – Commercial,Chicago,Illinois,60639,zip,,,missing_no_street_address_in_source,17031191200,41.9201432,-87.7608269,2020_tract_centroid_pip
IL0160,"Bethel New Life, Inc",263500,263500,2012,Business Financing,Chicago,Illinois,60612,zip,,,missing_no_street_address_in_source,17031837300,41.8716191,-87.7055524,2020_tract_centroid_pip
IL0161,"Bethel New Life, Inc",210037,210037,2012,Business Financing,Chicago,Illinois,60651,zip,,,missing_no_street_address_in_source,17031231100,41.8992542,-87.7150684,2020_tract_centroid_pip
IL0162,Chicago Development Fund,8134000,8378990,2012,Real Estate – Construction/Permanent/Acquisition w/o Rehab – Commercial,Chicago,Illinois,60653,zip,,,missing_no_street_address_in_source,17031360200,41.8268855,-87.6098876,2020_tract_centroid_pip
IL0163,Community Reinvestment Fund New Markets I LP,3198239,544239,2012,Real Estate–Rehabilitation–Commercial,Chicago,Illinois,60615,zip,,,missing_no_street_address_in_source,17031381800,41.8038481,-87.6211978,2020_tract_centroid_pip
IL0164,NAB Bank,1680000,3000000,2011,Business Financing,Chicago,Illinois,60640,zip,,,missing_no_street_address_in_source,17031031200,41.9727092,-87.657341,2020_tract_centroid_pip
IL0165,Chicago Development Fund,13475000,48012735,2012,Business Financing,Chicago,Illinois,60625,zip,,,missing_no_street_address_in_source,17031040201,41.9725804,-87.6940005,2020_tract_centroid_pip
IL0166,Chicago Development Fund,9800000,10009952,2012,Business Financing,Chicago,Illinois,60628,zip,,,missing_no_street_address_in_source,17031500300,41.689315,-87.6053698,2020_tract_centroid_pip
IL0170,Chicago Development Fund,6125000,7041416,2013,Business Financing,Chicago,Illinois,60647,zip,,,missing_no_street_address_in_source,17031242600,41.90056,-87.694197,2020_tract_centroid_pip
IL0171,Chicago Development Fund,11221000,12359417,2013,Real Estate – Construction/Permanent/Acquisition w/o Rehab – Commercial,Chicago,Illinois,60651,zip,,,missing_no_street_address_in_source,17031230600,41.906155,-87.7339986,2020_tract_centroid_pip
IL0174,"Five Points Community Capital, LLC",21660000,21710000,2013,Real Estate–Rehabilitation–Commercial,Chicago,Illinois,60612,zip,,,missing_no_street_address_in_source,17031837100,41.8856736,-87.6987204,2020_tract_centroid_pip
IL0175,Chicago Development Fund,15740000,16101703,2013,Real Estate – Construction/Permanent/Acquisition w/o Rehab – Commercial,Chicago,Illinois,60624,zip,,,missing_no_street_address_in_source,17031836800,41.8850903,-87.7149666,2020_tract_centroid_pip
IL0176,"Advantage Capital Community Development Fund, LLC",3767000,7813617,2013,Business Financing,Chicago,Illinois,60647,zip,,,missing_no_street_address_in_source,17031220902,41.9227112,-87.7218357,2020_tract_centroid_pip
IL0177,Chicago Development Fund,11515000,11567036,2013,Real Estate – Construction/Permanent/Acquisition w/o Rehab – Commercial,Chicago,Illinois,60615,zip,,,missing_no_street_address_in_source,17031843600,41.8067653,-87.6089488,2020_tract_centroid_pip
IL0181,"Five Points Community Capital, LLC",21600000,26112508,2014,Real Estate – Construction/Permanent/Acquisition w/o Rehab – Commercial,Chicago,Illinois,60624,zip,,,missing_no_street_address_in_source,17031843000,41.8679365,-87.7227489,2020_tract_centroid_pip
IL0183,Chase New Markets Corporation,6400000,7364533,2014,Real Estate – Construction/Permanent/Acquisition w/o Rehab – Commercial,Chicago,Illinois,60637,zip,,,missing_no_street_address_in_source,17031420500,41.7831002,-87.6084261,2020_tract_centroid_pip
IL0184,"Five Points Community Capital, LLC",29990000,22731152,2015,Real Estate – Construction/Permanent/Acquisition w/o Rehab – Commercial; Other Financing Purpose; Business Financing,Chicago,Illinois,60628,zip,,,missing_no_street_address_in_source,17031500200,41.7008552,-87.6003086,2020_tract_centroid_pip
IL0197,Chicago Development Fund,5880000,11689909,2014,Real Estate–Rehabilitation–Commercial,Chicago,Illinois,60619,zip,,,missing_no_street_address_in_source,17031470100,41.7282207,-87.5964894,2020_tract_centroid_pip
IL0198,"Five Points Community Capital, LLC",3262000,3262000,2014,Business Financing,Chicago,Illinois,60641,zip,,,missing_no_street_address_in_source,17031210400,41.935745,-87.7303057,2020_tract_centroid_pip
IL0199,"Southside Community Optimal Redevelopment Enterprise, LLC",7840000,7845261,2014,Real Estate–Rehabilitation–Commercial,Chicago,Illinois,60660,zip,,,missing_no_street_address_in_source,17031010503,42.0003207,-87.6631262,2020_tract_centroid_pip
IL0204,"PNC Community Partners, Inc.",8540000,16423034,2015,Real Estate – Construction/Permanent/Acquisition w/o Rehab – Commercial,Chicago,Illinois,60628,zip,,,missing_no_street_address_in_source,17031836100,41.7998052,-87.6186826,2020_tract_centroid_pip
IL0205,"PNC Community Partners, Inc.",13290000,15811327,2015,Real Estate – Construction/Permanent/Acquisition w/o Rehab – Commercial,Chicago,Illinois,60621,zip,,,missing_no_street_address_in_source,17031834800,41.7836336,-87.6450883,2020_tract_centroid_pip
IL0206,Chase New Markets Corporation,17040000,17849951,2015,Real Estate – Construction/Permanent/Acquisition w/o Rehab – Commercial; Real Estate–Rehabilitation–Commercial,Chicago,Illinois,60653,zip,,,missing_no_street_address_in_source,17031360200,41.8268855,-87.6098876,2020_tract_centroid_pip
IL0208,Cinnaire New Markets LLC,19710000,61737429,2015,Real Estate – Construction/Permanent/Acquisition w/o Rehab – Commercial,Chicago,Illinois,60651,zip,,,missing_no_street_address_in_source,17031836600,41.8986973,-87.7088059,2020_tract_centroid_pip
IL0210,Chicago Development Fund,10820000,13736993,2015,Real Estate – Construction/Permanent/Acquisition w/o Rehab – Commercial,Chicago,Illinois,60624,zip,,,missing_no_street_address_in_source,17031843000,41.8679365,-87.7227489,2020_tract_centroid_pip
IL0211,Chicago Development Fund,9800000,12256202,2015,Real Estate–Rehabilitation–Commercial,Chicago,Illinois,60608,zip,,,missing_no_street_address_in_source,17031842900,41.8631389,-87.6729371,2020_tract_centroid_pip
IL0212,Chase New Markets Corporation,21850000,23845992,2015,Real Estate – Construction/Permanent/Acquisition w/o Rehab – Commercial,Chicago,Illinois,60623,zip,,,missing_no_street_address_in_source,17031841500,41.8616224,-87.7079132,2020_tract_centroid_pip
IL0216,"Five Points Community Capital, LLC",1000000,1000000,2015,Business Financing,Chicago,Illinois,60612,zip,,,missing_no_street_address_in_source,17031837800,41.8847504,-87.6841272,2020_tract_centroid_pip
IL0220,Chicago Development Fund,5390000,6310131,2015,Real Estate – Construction/Permanent/Acquisition w/o Rehab – Commercial,Chicago,Illinois,60612,zip,,,missing_no_street_address_in_source,17031280400,41.8860094,-87.6718846,2020_tract_centroid_pip
IL0221,"BMO Harris New Markets Fund, LLC",4950000,7057552,2015,Real Estate – Construction/Permanent/Acquisition w/o Rehab – Commercial,Chicago,Illinois,60608,zip,,,missing_no_street_address_in_source,17031843200,41.8487153,-87.6642169,2020_tract_centroid_pip
IL0222,"Southside Community Optimal Redevelopment Enterprise, LLC",5880000,12976902,2015,Real Estate–Rehabilitation–Commercial,Chicago,Illinois,60639,zip,,,missing_no_street_address_in_source,17031210400,41.935745,-87.7303057,2020_tract_centroid_pip
IL0224,"BMO Harris New Markets Fund, LLC",7920000,22883090,2015,Real Estate – Construction/Permanent/Acquisition w/o Rehab – Commercial,Chicago,Illinois,60639,zip,,,missing_no_street_address_in_source,17031191200,41.9201432,-87.7608269,2020_tract_centroid_pip
IL0242,"Southside Community Optimal Redevelopment Enterprise, LLC",2880000,37972946,2016,Real Estate – Construction/Permanent/Acquisition w/o Rehab – Commercial,Chicago,Illinois,60638,zip,,,missing_no_street_address_in_source,17031820901,41.7628985,-87.7745229,2020_tract_centroid_pip
IL0244,"Urban Development Fund, LLC",6500000,16857585,2016,Business Financing,Chicago,Illinois,60637,zip,,,missing_no_street_address_in_source,17031836200,41.7904693,-87.6012849,2020_tract_centroid_pip
IL0253,"BMO Harris New Markets Fund, LLC",5940000,5940000,2016,Business Financing,Chicago,Illinois,60634,zip,,,missing_no_street_address_in_source,17031190401,41.9347276,-87.7809524,2020_tract_centroid_pip
IL0254,"Chicago Community Loan Fund, The",11730000,12318260,2016,Real Estate – Construction/Permanent/Acquisition w/o Rehab – Commercial,Chicago,Illinois,60637,zip,,,missing_no_street_address_in_source,17031420400,41.7831699,-87.6035584,2020_tract_centroid_pip
IL0255,"Community Hospitality Healthcare Services, LLC",4850000,4850000,2016,Business Financing,Chicago,Illinois,60623,zip,,,missing_no_street_address_in_source,17031840700,41.8529302,-87.6942666,2020_tract_centroid_pip
IL0256,IFF,1980000,2000000,2016,Other Financing Purpose,Chicago,Illinois,60624,zip,,,missing_no_street_address_in_source,17031231500,41.8917357,-87.7186525,2020_tract_centroid_pip
IL0257,"Chicago Community Loan Fund, The",4800000,4800000,2016,Real Estate–Rehabilitation–Commercial,Chicago,Illinois,60622,zip,,,missing_no_street_address_in_source,17031241100,41.9066403,-87.6895801,2020_tract_centroid_pip
IL0263,"Banc of America CDE, LLC",6000000,10602025,2017,Real Estate – Construction/Permanent/Acquisition w/o Rehab – Commercial; Real Estate–Rehabilitation–Commercial,Chicago,Illinois,60641,zip,,,missing_no_street_address_in_source,17031151002,41.9424917,-87.7471554,2020_tract_centroid_pip
IL0264,"Chicago Neighborhood Initiatives, Inc.",26700000,28669601,2017,Real Estate – Construction/Permanent/Acquisition w/o Rehab – Commercial,Chicago,Illinois,60632,zip,,,missing_no_street_address_in_source,17031842800,41.8075339,-87.6983044,2020_tract_centroid_pip
IL0265,"Chicago Neighborhood Initiatives, Inc.",23660000,28454961,2017,Real Estate – Construction/Permanent/Acquisition w/o Rehab – Commercial,Chicago,Illinois,60628,zip,,,missing_no_street_address_in_source,17031500200,41.7008552,-87.6003086,2020_tract_centroid_pip
IL0268,"Southside Community Optimal Redevelopment Enterprise, LLC",25976000,34334840,2017,Real Estate – Construction/Permanent/Acquisition w/o Rehab – Commercial; Business Financing,Chicago,Illinois,60637,zip,,,missing_no_street_address_in_source,17031836200,41.7904693,-87.6012849,2020_tract_centroid_pip
IL0270,"Midwest Industrial Redevelopment Fund, LLC",4137000,5066000,2017,Business Financing,Chicago,Illinois,60623,zip,,,missing_no_street_address_in_source,17031292500,41.8551613,-87.7322428,2020_tract_centroid_pip
IL0272,Northern CDE Corporation,3811500,4484566,2017,Real Estate–Rehabilitation–Commercial,Chicago,Illinois,60621,zip,,,missing_no_street_address_in_source,17031834700,41.7906903,-87.6450334,2020_tract_centroid_pip
IL0274,Chicago Development Fund,13380000,14240735,2017,Real Estate–Rehabilitation–Commercial,Chicago,Illinois,60623,zip,,,missing_no_street_address_in_source,17031844700,41.8541473,-87.7117002,2020_tract_centroid_pip
IL0286,"PNC Community Partners, Inc.",18750000,19592255,2017,Real Estate – Construction/Permanent/Acquisition w/o Rehab – Commercial,Chicago,Illinois,60647,zip,,,missing_no_street_address_in_source,17031230800,41.9058396,-87.714953,2020_tract_centroid_pip
IL0287,"Capital One Community Renewal Fund, LLC",12890000,13437957,2017,Other Financing Purpose; Real Estate – Construction/Permanent/Acquisition w/o Rehab – Commercial,Chicago,Illinois,60642,zip,,,missing_no_street_address_in_source,17031242000,41.8997371,-87.6649536,2020_tract_centroid_pip
IL0289,IFF,2000000,2010000,2017,Real Estate – Construction/Permanent/Acquisition w/o Rehab – Commercial,Chicago,Illinois,60653,zip,,,missing_no_street_address_in_source,17031390300,41.8132006,-87.6042089,2020_tract_centroid_pip
IL0290,IFF,1000000,1931127,2017,Real Estate–Rehabilitation–Commercial,Chicago,Illinois,60628,zip,,,missing_no_street_address_in_source,17031540102,41.66733,-87.6054488,2020_tract_centroid_pip
IL0291,National Community Investment Fund,4365000,4825000,2017,Real Estate – Construction/Permanent/Acquisition w/o Rehab – Commercial,Chicago,Illinois,60628,zip,,,missing_no_street_address_in_source,17031500200,41.7008552,-87.6003086,2020_tract_centroid_pip
IL0299,"National New Markets Tax Credit Fund, Inc.",29560000,30600655,2018,Real Estate – Construction/Permanent/Acquisition w/o Rehab – Commercial,Chicago,Illinois,60612,zip,,,missing_no_street_address_in_source,17031837100,41.8856736,-87.6987204,2020_tract_centroid_pip
IL0300,"Raza Development Fund, Inc.",17800000,18180634,2018,Real Estate – Construction/Permanent/Acquisition w/o Rehab – Commercial,Chicago,Illinois,60632,zip,,,missing_no_street_address_in_source,17031842800,41.8075339,-87.6983044,2020_tract_centroid_pip
IL0301,Local Initiatives Support Corporation,24020000,25303845,2019,Real Estate – Construction/Permanent/Acquisition w/o Rehab – Commercial; Real Estate–Rehabilitation–Commercial,Chicago,Illinois,60639,zip,,,missing_no_street_address_in_source,17031191302,41.9202289,-87.7705334,2020_tract_centroid_pip
IL0302,"Midwest Industrial Redevelopment Fund, LLC",750000,1000000,2018,Real Estate–Rehabilitation–Commercial,Chicago,Illinois,60617,zip,,,missing_no_street_address_in_source,17031450300,41.7419438,-87.5790892,2020_tract_centroid_pip
IL0303,"Midwest Industrial Redevelopment Fund, LLC",1700000,1845000,2018,Real Estate – Construction/Permanent/Acquisition w/o Rehab – Commercial,Chicago,Illinois,60644,zip,,,missing_no_street_address_in_source,17031251700,41.8913844,-87.7444793,2020_tract_centroid_pip
IL0304,"Midwest Industrial Redevelopment Fund, LLC",4000000,5175000,2018,Real Estate – Construction/Permanent/Acquisition w/o Rehab – Commercial,Chicago,Illinois,60617,zip,,,missing_no_street_address_in_source,17031460302,41.747084,-87.5573879,2020_tract_centroid_pip
IL0316,Chicago Development Fund,5880000,6240897,2018,Real Estate–Rehabilitation–Commercial,Chicago,Illinois,60632,zip,,,missing_no_street_address_in_source,17031580502,41.8145617,-87.6993102,2020_tract_centroid_pip
IL0317,Chicago Development Fund,14700000,45392411,2018,Business Financing,Chicago,Illinois,60633,zip,,,missing_no_street_address_in_source,17031838800,41.6834042,-87.5740611,2020_tract_centroid_pip
IL0318,Chicago Development Fund,11300000,11300000,2018,Business Financing,Chicago,Illinois,60637,zip,,,missing_no_street_address_in_source,17031420500,41.7831002,-87.6084261,2020_tract_centroid_pip
IL0319,"USBCDE, LLC",16205000,23147333,2018,Real Estate – Construction/Permanent/Acquisition w/o Rehab – Commercial,Chicago,Illinois,60628,zip,,,missing_no_street_address_in_source,17031500200,41.7008552,-87.6003086,2020_tract_centroid_pip
IL0322,"Southside Community Optimal Redevelopment Enterprise, LLC",2000000,2000000,2018,Business Financing,Chicago,Illinois,60633,zip,,,missing_no_street_address_in_source,17031550200,41.6550974,-87.564827,2020_tract_centroid_pip
IL0323,"Southside Community Optimal Redevelopment Enterprise, LLC",1800000,1800000,2018,Business Financing,Chicago,Illinois,60644,zip,,,missing_no_street_address_in_source,17031252000,41.8836759,-87.7698798,2020_tract_centroid_pip
IL0324,"Southside Community Optimal Redevelopment Enterprise, LLC",2000000,2000000,2018,Business Financing,Chicago,Illinois,60612,zip,,,missing_no_street_address_in_source,17031837800,41.8847504,-87.6841272,2020_tract_centroid_pip
IL0339,The Community Builders CDE LLC,11632500,14396690,2018,Real Estate – Construction/Permanent/Acquisition w/o Rehab – Commercial,Chicago,Illinois,60608,zip,,,missing_no_street_address_in_source,17031842900,41.8631389,-87.6729371,2020_tract_centroid_pip
IL0342,"Community Health Center Capital Fund, Inc.",7800000,8000000,2019,Real Estate–Rehabilitation–Commercial,Chicago,Illinois,60634,zip,,,missing_no_street_address_in_source,17031190402,41.9348596,-87.7712318,2020_tract_centroid_pip
IL0344,"Southside Community Optimal Redevelopment Enterprise, LLC",8500000,32488339,2019,Real Estate–Rehabilitation–Commercial,Chicago,Illinois,60620,zip,,,missing_no_street_address_in_source,17031842400,41.7424258,-87.6300706,2020_tract_centroid_pip
IL0347,"Southside Community Optimal Redevelopment Enterprise, LLC",900000,900000,2019,Real Estate–Rehabilitation–Commercial,Chicago,Illinois,60623,zip,,,missing_no_street_address_in_source,17031292500,41.8551613,-87.7322428,2020_tract_centroid_pip
IL0357,IFF,940000,1587000,2019,Real Estate–Rehabilitation–Commercial,Chicago,Illinois,60624,zip,,,missing_no_street_address_in_source,17031260300,41.8842766,-87.7331362,2020_tract_centroid_pip
IL0359,Chicago Development Fund,11760000,24627229,2019,Real Estate–Rehabilitation–Commercial,Chicago,Illinois,60649,zip,,,missing_no_street_address_in_source,17031430600,41.7644133,-87.571373,2020_tract_centroid_pip
IL0368,"MBS Urban Initiatives CDE, LLC",21711000,32695934.719999999,2020,Real Estate – Construction/Permanent/Acquisition w/o Rehab – Commercial,Chicago,Illinois,60620,zip,,,missing_no_street_address_in_source,17031710900,41.7421461,-87.6396893,2020_tract_centroid_pip
IL0372,Chicago Development Fund,7840000,8277353,2020,Real Estate–Rehabilitation–Commercial,Chicago,Illinois,60624,zip,,,missing_no_street_address_in_source,17031843000,41.8679365,-87.7227489,2020_tract_centroid_pip
IL0373,Chicago Development Fund,8330000,8499410,2021,Real Estate–Rehabilitation–Commercial,Chicago,Illinois,60612,zip,,,missing_no_street_address_in_source,17031837100,41.8856736,-87.6987204,2020_tract_centroid_pip
IL0374,Urban Action Community Development LLC,7500000,86423827,2020,Real Estate – Construction/Permanent/Acquisition w/o Rehab – Commercial,Chicago,Illinois,60617,zip,,,missing_no_street_address_in_source,17031838800,41.6834042,-87.5740611,2020_tract_centroid_pip
IL0376,"Southside Community Optimal Redevelopment Enterprise, LLC",9800000,15558041,2020,Real Estate–Rehabilitation–Commercial,Chicago,Illinois,60617,zip,,,missing_no_street_address_in_source,17031460301,41.7400264,-87.5563673,2020_tract_centroid_pip
IL0378,"Southside Community Optimal Redevelopment Enterprise, LLC",21492198.120000001,22175868,2020,Real Estate–Rehabilitation–Commercial; Real Estate – Construction/Permanent/Acquisition w/o Rehab – Commercial,Chicago,Illinois,60637,zip,,,missing_no_street_address_in_source,17031420500,41.7831002,-87.6084261,2020_tract_centroid_pip
IL0379,National Community Investment Fund,11890000,14214984,2020,Real Estate–Rehabilitation–Commercial,Chicago,Illinois,60619,zip,,,missing_no_street_address_in_source,17031440700,41.7347514,-87.6096294,2020_tract_centroid_pip
IL0383,"Community Development Venture Capital Alliance, The",2218210,5709804,2020,Business Financing,Chicago,Illinois,60624,zip,,,missing_no_street_address_in_source,17031843000,41.8679365,-87.7227489,2020_tract_centroid_pip
IL0385,Chicago Development Fund,14280000,15052046,2021,Real Estate–Rehabilitation–Commercial,Chicago,Illinois,60620,zip,,,missing_no_street_address_in_source,17031710800,41.7478366,-87.6488126,2020_tract_centroid_pip
IL0390,"Consortium America, LLC",8950000,10762756.74,2021,Real Estate – Construction/Permanent/Acquisition w/o Rehab – Commercial,Chicago,Illinois,60628,zip,,,missing_no_street_address_in_source,17031500200,41.7008552,-87.6003086,2020_tract_centroid_pip
IL0391,"BMO Harris New Markets Fund, LLC",41715000,53135414,2022,Real Estate – Construction/Permanent/Acquisition w/o Rehab – Commercial,Chicago,Illinois,60638,zip,,,missing_no_street_address_in_source,17031560200,41.8113309,-87.7478273,2020_tract_centroid_pip
IL0392,"Midwest Industrial Redevelopment Fund, LLC",7000000,15200000,2022,Real Estate – Construction/Permanent/Acquisition w/o Rehab – Commercial,Chicago,Illinois,60609,zip,,,missing_no_street_address_in_source,17031611900,41.7985375,-87.6595552,2020_tract_centroid_pip
IL0393,"Empowerment Reinvestment Fund, LLC",505800,550000,2021,Real Estate–Rehabilitation–Commercial,Chicago,Illinois,60621,zip,,,missing_no_street_address_in_source,17031834700,41.7906903,-87.6450334,2020_tract_centroid_pip
IL0397,National Trust Community Investment Corporation,3250000,4706941,2022,Real Estate–Rehabilitation–Commercial,Chicago,Illinois,60644,zip,,,missing_no_street_address_in_source,17031251400,41.8909574,-87.7701248,2020_tract_centroid_pip
IL0400,"Southside Community Optimal Redevelopment Enterprise, LLC",3000000,7300000,2021,Business Financing,Chicago,Illinois,60641,zip,,,missing_no_street_address_in_source,17031190200,41.9351136,-87.7516489,2020_tract_centroid_pip
IL0401,"Southside Community Optimal Redevelopment Enterprise, LLC",15390000,23390000,2021,Business Financing,Chicago,Illinois,60608,zip,,,missing_no_street_address_in_source,17031843300,41.8637638,-87.6925503,2020_tract_centroid_pip
IL0402,Chicago Development Fund,13720000,21687421,2022,Real Estate – Construction/Permanent/Acquisition w/o Rehab – Commercial,Chicago,Illinois,60644,zip,,,missing_no_street_address_in_source,17031251900,41.8838116,-87.7600945,2020_tract_centroid_pip
IL0403,Chase New Markets Corporation,11000000,12936605,2021,Real Estate–Rehabilitation–Commercial,Chicago,Illinois,60629,zip,,,missing_no_street_address_in_source,17031650302,41.7750931,-87.7177331,2020_tract_centroid_pip
IL0405,"USBCDE, LLC",4542545,4542545,2021,Other Financing Purpose,Chicago,Illinois,60602,zip,,,missing_no_street_address_in_source,17031320400,41.875817,-87.6172556,2020_tract_centroid_pip
IL0409,"Southside Community Optimal Redevelopment Enterprise, LLC",8500000,14803434,2021,Real Estate – Construction/Permanent/Acquisition w/o Rehab – Commercial,Chicago,Illinois,60613,zip,,,missing_no_street_address_in_source,17031832100,41.9528215,-87.6532414,2020_tract_centroid_pip
IL0410,Chase New Markets Corporation,3000000,4991739,2021,Real Estate – Construction/Permanent/Acquisition w/o Rehab – Commercial,Chicago,Illinois,60628,zip,,,missing_no_street_address_in_source,17031500300,41.689315,-87.6053698,2020_tract_centroid_pip
IL0413,"BMO Harris New Markets Fund, LLC",23086616.18,37245809,2021,Real Estate – Construction/Permanent/Acquisition w/o Rehab – Commercial; Business Financing,Chicago,Illinois,60639,zip,,,missing_no_street_address_in_source,17031250200,41.9123508,-87.751073,2020_tract_centroid_pip
IL0415,"Southside Community Optimal Redevelopment Enterprise, LLC",12250000,45673319,2022,Real Estate – Construction/Permanent/Acquisition w/o Rehab – Commercial,Chicago,Illinois,60644,zip,,,missing_no_street_address_in_source,17031252201,41.8766958,-87.7521051,2020_tract_centroid_pip
IL0422,Chicago Development Fund,6860000,22662371,2022,Real Estate–Rehabilitation–Commercial,Chicago,Illinois,60644,zip,,,missing_no_street_address_in_source,17031252201,41.8766958,-87.7521051,2020_tract_centroid_pip
IL0429,Chicago Development Fund,6370000,6370000,2022,Business Financing,Chicago,Illinois,60632,zip,,,missing_no_street_address_in_source,17031842800,41.8075339,-87.6983044,2020_tract_centroid_pip
IL0430,IFF,14789250,22662371,2022,Real Estate – Construction/Permanent/Acquisition w/o Rehab – Commercial; Real Estate–Rehabilitation–Commercial,Chicago,Illinois,60644,zip,,,missing_no_street_address_in_source,17031252201,41.8766958,-87.7521051,2020_tract_centroid_pip
IL0431,ESIC New Markets Partners LP,19450000,45673319,2022,Real Estate–Rehabilitation–Commercial; Real Estate – Construction/Permanent/Acquisition w/o Rehab – Commercial,Chicago,Illinois,60644,zip,,,missing_no_street_address_in_source,17031252201,41.8766958,-87.7521051,2020_tract_centroid_pip
IL0433,National Community Investment Fund,5335000,5843594,2022,Business Financing,Chicago,Illinois,60624,zip,,,missing_no_street_address_in_source,17031836800,41.8850903,-87.7149666,2020_tract_centroid_pip
IL0434,"BMO Harris New Markets Fund, LLC",11880000,18469358,2022,Real Estate – Construction/Permanent/Acquisition w/o Rehab – Commercial,Chicago,Illinois,60612,zip,,,missing_no_street_address_in_source,17031838000,41.8773666,-87.6806521,2020_tract_centroid_pip
IL0438,Chase New Markets Corporation,2000000,18469358,2022,Real Estate–Rehabilitation–Commercial,Chicago,Illinois,60651,zip,,,missing_no_street_address_in_source,17031842100,41.8952785,-87.7336103,2020_tract_centroid_pip
